# Original procedural orbital sculpture. MIT; see assets/README.md.
v 1.17705192 0.00000000 0.39006254
v 1.15551230 -0.02306953 0.43734633
v 1.12422165 -0.04525252 0.47930734
v 1.08438244 -0.06569648 0.51433302
v 1.03752568 -0.08361575 0.54107735
v 0.98545205 -0.09832172 0.55851257
v 0.93016270 -0.10924925 0.56596866
v 0.87378238 -0.11597838 0.56315907
v 0.81847775 -0.11825053 0.55019178
v 0.76637413 -0.11597838 0.52756511
v 0.71947383 -0.10924925 0.49614860
v 0.67957922 -0.09832172 0.45714956
v 0.64822342 -0.08361575 0.41206671
v 0.62661141 -0.06569648 0.36263254
v 0.61557373 -0.04525252 0.31074680
v 0.61553455 -0.02306953 0.25840342
v 0.62649538 -0.00000000 0.20761393
v 0.64803500 0.02306953 0.16033014
v 0.67932565 0.04525252 0.11836913
v 0.71916485 0.06569648 0.08334345
v 0.76602161 0.08361575 0.05659911
v 0.81809525 0.09832172 0.03916389
v 0.87338459 0.10924925 0.03170781
v 0.92976491 0.11597838 0.03451740
v 0.98506955 0.11825053 0.04748469
v 1.03717317 0.11597838 0.07011135
v 1.08407346 0.10924925 0.10152787
v 1.12396807 0.09832172 0.14052691
v 1.15532388 0.08361575 0.18560976
v 1.17693589 0.06569648 0.23504392
v 1.18797357 0.04525252 0.28692966
v 1.18801275 0.02306953 0.33927304
v 1.17705192 0.00000000 0.39006254
v 1.16412926 0.07405140 0.42061795
v 1.14264771 0.05064910 0.46776444
v 1.11152904 0.02748059 0.50931880
v 1.07196912 0.00543624 0.54368411
v 1.02548821 -0.01463681 0.56953975
v 0.97387256 -0.03196716 0.58589209
v 0.91910572 -0.04588882 0.59211272
v 0.86329234 -0.05586678 0.58796258
v 0.80857732 -0.06151760 0.57360117
v 0.75706331 -0.06262412 0.54958038
v 0.71072997 -0.05914381 0.51682333
v 0.67135786 -0.05121042 0.47658884
v 0.64046003 -0.03912883 0.43042310
v 0.61922388 -0.02336333 0.38010024
v 0.60846548 -0.00451977 0.32755413
v 0.60859828 0.01667769 0.27480410
v 0.61961718 0.03941446 0.22387730
v 0.64109873 0.06281676 0.17673081
v 0.67221740 0.08598527 0.13517646
v 0.71177732 0.10802962 0.10081114
v 0.75825823 0.12810267 0.07495550
v 0.80987388 0.14543303 0.05860317
v 0.86464073 0.15935468 0.05238254
v 0.92045410 0.16933264 0.05653267
v 0.97516912 0.17498346 0.07089408
v 1.02668313 0.17608998 0.09491487
v 1.07301647 0.17260967 0.12767193
v 1.11238858 0.16467628 0.16790642
v 1.14328641 0.15259469 0.21407216
v 1.16452256 0.13682919 0.26439502
v 1.17528096 0.11798563 0.31694112
v 1.17514816 0.09678817 0.36969115
v 1.16412926 0.07405140 0.42061795
v 1.14622161 0.14778571 0.44937222
v 1.12482054 0.12405206 0.49638949
v 1.09394019 0.09990225 0.53756117
v 1.05476729 0.07626435 0.57130505
v 1.00880723 0.05404675 0.59632437
v 0.95782622 0.03410325 0.61165766
v 0.90378344 0.01720028 0.61671566
v 0.84875573 0.00398741 0.61130400
v 0.79485775 -0.00502761 0.59563065
v 0.74416080 -0.00949832 0.57029792
v 0.69861311 -0.00925293 0.53627934
v 0.65996507 -0.00430086 0.49488222
v 0.62970189 0.00516759 0.44769743
v 0.60898657 0.01878854 0.39653826
v 0.59861519 0.03603855 0.34337072
v 0.59898632 0.05625471 0.29023801
v 0.61008570 0.07866013 0.23918199
v 0.63148677 0.10239378 0.19216472
v 0.66236712 0.12654359 0.15099304
v 0.70154002 0.15018149 0.11724916
v 0.74750008 0.17239909 0.09222984
v 0.79848109 0.19234259 0.07689655
v 0.85252387 0.20924556 0.07183855
v 0.90755159 0.22245844 0.07725021
v 0.96144956 0.23147345 0.09292356
v 1.01214651 0.23594417 0.11825629
v 1.05769420 0.23569877 0.15227487
v 1.09634225 0.23074670 0.19367199
v 1.12660542 0.22127825 0.24085678
v 1.14732074 0.20765730 0.29201596
v 1.15769212 0.19040729 0.34518350
v 1.15732099 0.17019113 0.39831621
v 1.14622161 0.14778571 0.44937222
v 1.12340568 0.22088717 0.47620221
v 1.10210713 0.19682502 0.52309892
v 1.07153043 0.17170234 0.56391352
v 1.03285063 0.14648457 0.59707755
v 0.98755417 0.12214082 0.62131653
v 0.93738175 0.09960661 0.63569896
v 0.88426150 0.07974791 0.63967214
v 0.83023477 0.06332788 0.63308338
v 0.77737780 0.05097754 0.61618588
v 0.72772184 0.04317150 0.58962901
v 0.68317515 0.04020975 0.55443333
v 0.64544963 0.04220609 0.51195139
v 0.61599505 0.04908382 0.46381574
v 0.59594333 0.06057863 0.41187622
v 0.58606505 0.07624877 0.35812883
v 0.58673983 0.09549206 0.30463905
v 0.59794173 0.11756898 0.25346247
v 0.61924028 0.14163113 0.20656576
v 0.64981697 0.16675381 0.16575116
v 0.68849678 0.19197158 0.13258713
v 0.73379324 0.21631533 0.10834815
v 0.78396565 0.23884954 0.09396572
v 0.83708591 0.25870824 0.08999254
v 0.89111263 0.27512827 0.09658130
v 0.94396960 0.28747861 0.11347879
v 0.99362556 0.29528464 0.14003567
v 1.03817225 0.29824640 0.17523135
v 1.07589778 0.29625005 0.21771329
v 1.10535236 0.28937232 0.26584894
v 1.12540408 0.27787752 0.31778846
v 1.13528236 0.26220738 0.37153585
v 1.13460758 0.24296409 0.42502563
v 1.12340568 0.22088717 0.47620221
v 1.09577914 0.29304276 0.50099303
v 1.07460474 0.26865636 0.54777833
v 1.04439572 0.24257339 0.58826300
v 1.00631298 0.21579619 0.62089125
v 0.96182003 0.18935381 0.64440919
v 0.91262670 0.16426240 0.65791304
v 0.86062347 0.14148622 0.66088385
v 0.80780880 0.12190054 0.65320745
v 0.75621231 0.10625804 0.63517885
v 0.70781684 0.09515983 0.60749087
v 0.66448220 0.08903242 0.57120755
v 0.62787370 0.08811129 0.52772324
v 0.59939820 0.09243182 0.47870901
v 0.58015000 0.10182799 0.42604845
v 0.57086879 0.11593871 0.37176528
v 0.57191123 0.13422170 0.31794557
v 0.58323728 0.15597437 0.26665758
v 0.60441168 0.18036077 0.21987228
v 0.63462071 0.20644375 0.17938760
v 0.67270345 0.23322094 0.14675935
v 0.71719640 0.25966333 0.12324142
v 0.76638972 0.28475473 0.10973757
v 0.81839295 0.30753091 0.10676676
v 0.87120763 0.32711659 0.11444316
v 0.92280411 0.34275910 0.13247176
v 0.97119958 0.35385731 0.16015974
v 1.01453423 0.35998471 0.19644306
v 1.05114272 0.36090585 0.23992737
v 1.07961822 0.35658531 0.28894160
v 1.09886643 0.34718914 0.34160216
v 1.10814764 0.33307843 0.39588533
v 1.10710519 0.31479543 0.44970504
v 1.09577914 0.29304276 0.50099303
v 1.06346031 0.36394350 0.52363852
v 1.04243115 0.33923849 0.57032205
v 1.01265224 0.31221192 0.61050535
v 0.97526797 0.28390242 0.64264419
v 0.93171501 0.25539790 0.66550348
v 0.88366707 0.22779377 0.67820477
v 0.83297059 0.20215085 0.68025995
v 0.78157382 0.17945457 0.67159004
v 0.73145192 0.16057715 0.65252822
v 0.68453102 0.14624403 0.62380702
v 0.64261429 0.13700602 0.58653018
v 0.60731255 0.13321814 0.54213024
v 0.57998243 0.13502595 0.49231345
v 0.56167422 0.14235999 0.43899425
v 0.55309148 0.15493840 0.38422167
v 0.55456404 0.17227780 0.33010058
v 0.56603533 0.19371186 0.27871082
v 0.58706449 0.21841687 0.23202729
v 0.61684340 0.24544344 0.19184399
v 0.65422766 0.27375294 0.15970516
v 0.69778063 0.30225746 0.13684586
v 0.74582857 0.32986159 0.12414457
v 0.79652505 0.35550451 0.12208939
v 0.84792181 0.37820079 0.13075930
v 0.89804372 0.39707821 0.14982113
v 0.94496461 0.41141133 0.17854232
v 0.98688135 0.42064934 0.21581916
v 1.02218309 0.42443722 0.26021910
v 1.04951321 0.42262940 0.31003589
v 1.06782142 0.41529537 0.36335509
v 1.07640416 0.40271696 0.41812767
v 1.07493159 0.38537756 0.47224876
v 1.06346031 0.36394350 0.52363852
v 1.02658758 0.43328577 0.54404170
v 1.00572411 0.40826915 0.59063355
v 0.97643593 0.38031974 0.63054531
v 0.93984856 0.35051161 0.66224319
v 0.89736804 0.31999028 0.68450907
v 0.85062686 0.28992866 0.69648727
v 0.80142127 0.26148201 0.69771748
v 0.75164220 0.23574351 0.68815243
v 0.70320265 0.21370228 0.66815969
v 0.65796411 0.19620535 0.63850758
v 0.61766508 0.18392512 0.60033560
v 0.58385422 0.17733351 0.55511069
v 0.55783087 0.17668383 0.50457081
v 0.54059509 0.18200105 0.45065819
v 0.53280925 0.19308084 0.39544465
v 0.53477254 0.20949740 0.34105202
v 0.54640952 0.23061985 0.28957058
v 0.56727299 0.25563647 0.24297874
v 0.59656117 0.28358588 0.20306698
v 0.63314854 0.31339401 0.17136910
v 0.67562907 0.34391534 0.14910322
v 0.72237024 0.37397695 0.13712502
v 0.77157583 0.40242361 0.13589481
v 0.82135490 0.42816211 0.14545986
v 0.86979445 0.45020334 0.16545260
v 0.91503299 0.46770027 0.19510471
v 0.95533202 0.47998050 0.23327669
v 0.98914288 0.48657211 0.27850160
v 1.01516623 0.48722179 0.32904148
v 1.03240201 0.48190456 0.38295410
v 1.04018785 0.47082478 0.43816764
v 1.03822456 0.45440822 0.49256027
v 1.02658758 0.43328577 0.54404170
v 0.98531885 0.50077265 0.56211522
v 0.96464083 0.47545276 0.60862585
v 0.93590188 0.44660519 0.64829708
v 0.90020641 0.41533854 0.67960436
v 0.85892618 0.38285436 0.70134456
v 0.81364756 0.35040101 0.71268224
v 0.76611060 0.31922564 0.71318168
v 0.71814210 0.29052632 0.70282370
v 0.67158547 0.26540593 0.68200634
v 0.62822986 0.24482985 0.65152960
v 0.58974139 0.22958880 0.61256469
v 0.55759916 0.22026848 0.56660901
v 0.53303838 0.21722707 0.51542861
v 0.51700290 0.22058144 0.46099032
v 0.51010895 0.23020270 0.40538618
v 0.51262147 0.24572110 0.35075302
v 0.52444390 0.26654028 0.29919036
v 0.54512192 0.29186017 0.25267973
v 0.57386087 0.32070774 0.21300850
v 0.60955634 0.35197439 0.18170123
v 0.65083657 0.38445857 0.15996102
v 0.69611519 0.41691192 0.14862334
v 0.74365215 0.44808729 0.14812390
v 0.79162065 0.47678661 0.15848189
v 0.83817728 0.50190700 0.17929925
v 0.88153289 0.52248308 0.20977598
v 0.92002136 0.53772413 0.24874089
v 0.95216359 0.54704446 0.29469657
v 0.97672437 0.55008587 0.34587697
v 0.99275985 0.54673149 0.40031526
v 0.99965380 0.53711023 0.45591940
v 0.99714128 0.52159183 0.51055256
v 0.98531885 0.50077265 0.56211522
v 0.93983082 0.56611514 0.57778168
v 0.91935722 0.54050162 0.62422191
v 0.89122365 0.51078443 0.66368463
v 0.85651127 0.47810560 0.69465333
v 0.81655405 0.44372094 0.71593788
v 0.77288753 0.40895185 0.72672033
v 0.72718979 0.37513448 0.72658633
v 0.68121697 0.34356841 0.71554102
v 0.63673578 0.31546672 0.69400886
v 0.59545560 0.29190932 0.66281733
v 0.55896281 0.27380152 0.62316509
v 0.52865981 0.26183919 0.57657597
v 0.50571112 0.25648204 0.52484035
v 0.49099865 0.25793594 0.46994640
v 0.48508779 0.26614502 0.41400368
v 0.48820569 0.28079380 0.35916202
v 0.50023254 0.30131935 0.30752896
v 0.52070614 0.32693287 0.26108873
v 0.54883971 0.35665006 0.22162600
v 0.58355209 0.38932889 0.19065731
v 0.62350931 0.42371355 0.16937276
v 0.66717583 0.45848264 0.15859030
v 0.71287357 0.49230001 0.15872430
v 0.75884639 0.52386608 0.16976961
v 0.80332758 0.55196778 0.19130177
v 0.84460776 0.57552518 0.22249330
v 0.88110055 0.59363297 0.26214554
v 0.91140355 0.60559530 0.30873467
v 0.93435224 0.61095245 0.36047029
v 0.94906471 0.60949855 0.41536423
v 0.95497557 0.60128947 0.47130696
v 0.95185767 0.58664069 0.52614862
v 0.93983082 0.56611514 0.57778168
v 0.89031830 0.62903344 0.59097398
v 0.87006720 0.60313718 0.63735493
v 0.84259257 0.57258264 0.67664208
v 0.80895025 0.53854401 0.70732566
v 0.77043310 0.50232939 0.72822652
v 0.72852130 0.46533048 0.73854144
v 0.68482551 0.42896912 0.73787403
v 0.64102494 0.39464266 0.72624994
v 0.59880280 0.36367025 0.70411587
v 0.55978168 0.33724215 0.67232242
v 0.52546113 0.31637396 0.63209141
v 0.49716008 0.30186765 0.58496888
v 0.47596611 0.29428067 0.53276572
v 0.46269370 0.29390460 0.47748808
v 0.45785291 0.30075389 0.42126024
v 0.46162975 0.31456532 0.36624301
v 0.47387910 0.33480812 0.31455067
v 0.49413020 0.36070439 0.26816972
v 0.52160483 0.39125893 0.22888257
v 0.55524715 0.42529755 0.19819898
v 0.59376430 0.46151218 0.17729813
v 0.63567610 0.49851109 0.16698321
v 0.67937189 0.53487245 0.16765062
v 0.72317247 0.56919891 0.17927471
v 0.76539460 0.60017131 0.20140878
v 0.80441572 0.62659942 0.23320222
v 0.83873627 0.64746761 0.27343324
v 0.86703732 0.66197392 0.32055577
v 0.88823129 0.66956090 0.37275893
v 0.90150370 0.66993697 0.42803657
v 0.90634449 0.66308768 0.48426441
v 0.90256765 0.64927625 0.53928164
v 0.89031830 0.62903344 0.59097398
v 0.83699330 0.68925813 0.60163564
v 0.81698183 0.66309123 0.64796868
v 0.79021688 0.63173518 0.68711394
v 0.75772702 0.59639498 0.71756710
v 0.72076082 0.55842873 0.73815787
v 0.68073886 0.51929545 0.74809494
v 0.63919917 0.48049902 0.74699644
v 0.59773810 0.44353035 0.73490460
v 0.55794897 0.40981013 0.71228408
v 0.52136085 0.38063422 0.68000418
v 0.48937981 0.35712382 0.63930541
v 0.46323485 0.34018242 0.59175180
v 0.44393073 0.33046109 0.53917079
v 0.43220927 0.32833339 0.48358306
v 0.42852094 0.33388110 0.42712480
v 0.43300746 0.34689103 0.37196568
v 0.44549643 0.36686320 0.32022542
v 0.46550791 0.39303009 0.27389239
v 0.49227286 0.42438614 0.23474712
v 0.52476272 0.45972634 0.20429396
v 0.56172892 0.49769259 0.18370320
v 0.60175088 0.53682587 0.17376613
v 0.64329056 0.57562231 0.17486462
v 0.68475164 0.61259098 0.18695647
v 0.72454077 0.64631119 0.20957699
v 0.76112889 0.67548711 0.24185688
v 0.79310993 0.69899751 0.28255565
v 0.81925488 0.71593890 0.33010927
v 0.83855901 0.72566024 0.38269027
v 0.85028047 0.72778793 0.43827801
v 0.85396880 0.72224022 0.49473627
v 0.84948228 0.70923030 0.54989539
v 0.83699330 0.68925813 0.60163564
v 0.78008417 0.74653130 0.60972101
v 0.76032843 0.72010703 0.65601771
v 0.73432086 0.68798876 0.69505537
v 0.70306092 0.65141077 0.72533379
v 0.66774991 0.61177874 0.74568939
v 0.62974482 0.57061570 0.75533992
v 0.59050615 0.52950352 0.75391451
v 0.55154182 0.49002213 0.74146793
v 0.51434923 0.45368877 0.71847851
v 0.48035764 0.42189971 0.68582972
v 0.45087335 0.39587659 0.64477622
v 0.42702942 0.37661946 0.59689568
v 0.40974215 0.36486836 0.54402813
v 0.39967589 0.36107489 0.48820524
v 0.39721747 0.36538481 0.43157224
v 0.40246138 0.37763251 0.37630551
v 0.41520609 0.39734731 0.32452892
v 0.43496183 0.42377158 0.27823222
v 0.46096940 0.45588985 0.23919456
v 0.49222933 0.49246784 0.20891614
v 0.52754034 0.53209987 0.18856054
v 0.56554544 0.57326291 0.17891002
v 0.60478411 0.61437508 0.18033543
v 0.64374843 0.65385647 0.19278200
v 0.68094103 0.69018983 0.21577142
v 0.71493261 0.72197889 0.24842022
v 0.74441690 0.74800201 0.28947371
v 0.76826084 0.76725914 0.33735425
v 0.78554811 0.77901024 0.39022180
v 0.79561437 0.78280372 0.44604470
v 0.79807278 0.77849380 0.50267769
v 0.79282888 0.76624610 0.55794442
v 0.78008417 0.74653130 0.60972101
v 0.71983459 0.80060771 0.61519546
v 0.70034960 0.77394044 0.66146756
v 0.67514387 0.74110248 0.70043236
v 0.64518604 0.70335579 0.73059247
v 0.61162739 0.66215096 0.75078884
v 0.57575753 0.61907145 0.76024536
v 0.53895495 0.57577279 0.75859859
v 0.50263393 0.53391893 0.74591184
v 0.46819028 0.49511828 0.72267265
v 0.43694764 0.46086193 0.68977407
v 0.41010665 0.43246634 0.64848040
v 0.38869880 0.41102273 0.60037851
v 0.37354678 0.39735516 0.54731695
v 0.36523287 0.39198888 0.49133483
v 0.36407656 0.39513011 0.43458352
v 0.37012231 0.40665812 0.37924393
v 0.38313777 0.42612991 0.32744274
v 0.40262276 0.45279719 0.28117064
v 0.42782849 0.48563514 0.24220584
v 0.45778631 0.52338183 0.21204573
v 0.49134497 0.56458667 0.19184936
v 0.52721482 0.60766618 0.18239284
v 0.56401741 0.65096483 0.18403961
v 0.60033843 0.69281870 0.19672636
v 0.63478208 0.73161934 0.21996556
v 0.66602472 0.76587569 0.25286413
v 0.69286571 0.79427128 0.29415780
v 0.71427356 0.81571490 0.34225969
v 0.72942558 0.82938246 0.39532125
v 0.73773949 0.83474874 0.45130337
v 0.73889579 0.83160752 0.50805468
v 0.73285005 0.82007950 0.56339427
v 0.71983459 0.80060771 0.61519546
v 0.65650257 0.85125580 0.61803554
v 0.63730218 0.82436092 0.66429488
v 0.61293931 0.79084891 0.70322188
v 0.58435022 0.75200762 0.73332061
v 0.55263356 0.70932969 0.75343439
v 0.51900820 0.66445521 0.76279025
v 0.48476633 0.61910869 0.76102865
v 0.45122385 0.57503277 0.74821730
v 0.41966978 0.53392125 0.72484852
v 0.39131673 0.49735404 0.69182036
v 0.36725428 0.46673638 0.65040209
v 0.34840714 0.44324490 0.60218537
v 0.33549961 0.42778237 0.54902315
v 0.32902770 0.42094300 0.49295843
v 0.32924013 0.42298961 0.43614574
v 0.33612873 0.43384357 0.38076835
v 0.34942879 0.45308776 0.32895440
v 0.36862918 0.47998264 0.28269506
v 0.39299205 0.51349465 0.24376806
v 0.42158115 0.55233595 0.21366933
v 0.45329780 0.59501388 0.19355556
v 0.48692317 0.63988835 0.18419970
v 0.52116504 0.68523487 0.18596130
v 0.55470751 0.72931080 0.19877265
v 0.58626158 0.77042231 0.22214143
v 0.61461464 0.80698953 0.25516958
v 0.63867709 0.83760718 0.29658786
v 0.65752422 0.86109866 0.34480458
v 0.67043176 0.87656119 0.39796679
v 0.67690367 0.88340057 0.45403152
v 0.67669124 0.88135395 0.51084421
v 0.66980263 0.87049999 0.56622159
v 0.65650257 0.85125580 0.61803554
v 0.59035931 0.89825868 0.61822911
v 0.57145615 0.87115258 0.66448757
v 0.54797356 0.83701503 0.70341200
v 0.52081395 0.79715791 0.73350655
v 0.49102106 0.75311291 0.75361469
v 0.45973981 0.70657265 0.76296369
v 0.42817233 0.65932565 0.76119427
v 0.39753173 0.61318759 0.74837442
v 0.36899551 0.56993152 0.72499681
v 0.34366030 0.53121976 0.69195983
v 0.32249973 0.49853996 0.65053306
v 0.30632698 0.47314801 0.60230851
v 0.29576356 0.45601969 0.54913944
v 0.29121542 0.44781325 0.49306908
v 0.29285734 0.44884404 0.43625221
v 0.30062622 0.45907246 0.38087225
v 0.31422350 0.47810543 0.32905743
v 0.33312667 0.50521152 0.28279896
v 0.35660926 0.53934908 0.24387453
v 0.38376887 0.57920620 0.21377999
v 0.41356175 0.62325120 0.19367184
v 0.44484300 0.66979146 0.18432284
v 0.47641049 0.71703845 0.18609227
v 0.50705109 0.76317652 0.19891211
v 0.53558731 0.80643258 0.22228972
v 0.56092251 0.84514435 0.25532671
v 0.58208309 0.87782414 0.29675348
v 0.59825584 0.90321610 0.34497802
v 0.60881926 0.92034441 0.39814710
v 0.61336740 0.92855086 0.45421745
v 0.61172548 0.92752007 0.51103433
v 0.60395660 0.91729165 0.56641429
v 0.59035931 0.89825868 0.61822911
v 0.52168804 0.94141508 0.61577532
v 0.50309347 0.91411504 0.66204481
v 0.48052480 0.87940314 0.70100190
v 0.45484931 0.83861332 0.73114947
v 0.42705372 0.79331313 0.75132898
v 0.39820618 0.74524340 0.76076495
v 0.36941530 0.69625146 0.75909474
v 0.34178748 0.64822001 0.74638255
v 0.31638445 0.60299489 0.72311689
v 0.29418244 0.56231407 0.69019186
v 0.27603465 0.52774090 0.64887275
v 0.26263850 0.50060399 0.60074742
v 0.25450879 0.48194621 0.54766530
v 0.25195795 0.47248457 0.49166632
v 0.25508399 0.47258266 0.43490247
v 0.26376679 0.48223673 0.37955517
v 0.27767267 0.50107577 0.32775138
v 0.29626723 0.52837580 0.28148188
v 0.31883591 0.56308770 0.24252480
v 0.34451139 0.60387752 0.21237722
v 0.37230699 0.64917772 0.19219771
v 0.40115453 0.69724744 0.18276175
v 0.42994541 0.74623939 0.18443196
v 0.45757323 0.79427083 0.19714415
v 0.48297626 0.83949595 0.22040980
v 0.50517827 0.88017677 0.25333483
v 0.52332605 0.91474995 0.29465395
v 0.53672220 0.94188685 0.34277928
v 0.54485191 0.96054463 0.39586139
v 0.54740276 0.97000627 0.45186038
v 0.54427672 0.96990818 0.50862422
v 0.53559392 0.96025411 0.56397152
v 0.52168804 0.94141508 0.61577532
v 0.45078282 0.98054019 0.61068468
v 0.43250688 0.95306434 0.65697705
v 0.41088186 0.91783173 0.69600189
v 0.38673878 0.87619635 0.72625948
v 0.36100545 0.82975820 0.74658706
v 0.33467080 0.78030188 0.75620343
v 0.30874683 0.72972798 0.75473905
v 0.28422981 0.67998002 0.74225020
v 0.26206190 0.63296978 0.71921681
v 0.24309501 0.59050384 0.68652405
v 0.22805802 0.55421414 0.64542827
v 0.21752880 0.52549528 0.59750877
v 0.21191197 0.50545091 0.54460707
v 0.21142339 0.49485132 0.48875614
v 0.21608183 0.49410384 0.43210232
v 0.22570828 0.50323721 0.37682277
v 0.23993279 0.52190042 0.32504185
v 0.25820873 0.54937628 0.27874948
v 0.27983375 0.58460888 0.23972464
v 0.30397683 0.62624427 0.20946705
v 0.32971016 0.67268242 0.18913948
v 0.35604482 0.72213873 0.17952310
v 0.38196878 0.77271263 0.18098748
v 0.40648580 0.82246060 0.19347633
v 0.42865371 0.86947084 0.21650972
v 0.44762060 0.91193678 0.24920249
v 0.46265759 0.94822647 0.29029826
v 0.47318682 0.97694533 0.33821776
v 0.47880365 0.99698970 0.39111946
v 0.47929223 1.00758930 0.44697039
v 0.47463378 1.00833677 0.50362421
v 0.46500733 0.99920341 0.55890377
v 0.45078282 0.98054019 0.61068468
v 0.37794728 1.01546648 0.60297900
v 0.35999865 0.98783368 0.64930600
v 0.33934296 0.95213625 0.68843339
v 0.31677400 0.90974604 0.71885752
v 0.29315909 0.86229207 0.73940921
v 0.26940572 0.81159796 0.74929867
v 0.24642674 0.75961188 0.74814586
v 0.22510520 0.70833161 0.73599508
v 0.20626048 0.65972782 0.71331327
v 0.19061678 0.61566834 0.68097208
v 0.17877527 0.57784633 0.64021437
v 0.17119102 0.54771529 0.59260644
v 0.16815548 0.52643313 0.53997783
v 0.16978532 0.51481771 0.48435102
v 0.17601788 0.51331541 0.42786373
v 0.18661367 0.52198396 0.37268673
v 0.20116549 0.54049022 0.32094044
v 0.21911412 0.56812303 0.27461344
v 0.23976981 0.60382045 0.23548605
v 0.26233876 0.64621067 0.20506193
v 0.28595368 0.69366464 0.18451023
v 0.30970704 0.74435874 0.17462077
v 0.33268603 0.79634483 0.17577358
v 0.35400757 0.84762510 0.18792437
v 0.37285229 0.89622888 0.21060618
v 0.38849599 0.94028837 0.24294736
v 0.40033749 0.97811037 0.28370507
v 0.40792175 1.00824141 0.33131300
v 0.41095728 1.02952357 0.38394162
v 0.40932745 1.04113899 0.43956842
v 0.40309489 1.04264129 0.49605571
v 0.39249910 1.03397275 0.55123271
v 0.37794728 1.01546648 0.60297900
v 0.30349331 1.04604439 0.59269128
v 0.28587926 1.01827418 0.63906451
v 0.26621445 0.98216980 0.67832881
v 0.24525459 0.93911874 0.70897527
v 0.22380516 0.89077541 0.72982618
v 0.20269044 0.83899763 0.74008024
v 0.18272187 0.78577518 0.73934340
v 0.16466682 0.73315338 0.72764396
v 0.14921913 0.68315444 0.70543154
v 0.13697247 0.63769981 0.67355974
v 0.12839745 0.59853628 0.63325338
v 0.12382361 0.56716887 0.58606142
v 0.12342672 0.54480303 0.53379740
v 0.12722203 0.53229826 0.47846981
v 0.13506370 0.53013511 0.42220486
v 0.14665037 0.53839670 0.36716477
v 0.16153676 0.55676556 0.31546471
v 0.17915081 0.58453577 0.26909148
v 0.19881562 0.62064015 0.22982718
v 0.21977548 0.66369121 0.19918071
v 0.24122491 0.71203454 0.17832981
v 0.26233963 0.76381232 0.16807575
v 0.28230821 0.81703477 0.16881259
v 0.30036326 0.86965657 0.18051203
v 0.31581094 0.91965551 0.20272445
v 0.32805761 0.96511014 0.23459625
v 0.33663262 1.00427367 0.27490261
v 0.34120646 1.03564107 0.32209457
v 0.34160335 1.05800691 0.37435859
v 0.33780804 1.07051169 0.42968618
v 0.32996637 1.07267484 0.48595113
v 0.31837971 1.06441324 0.54099122
v 0.30349331 1.04604439 0.59269128
v 0.22773974 1.07214297 0.57986555
v 0.21046610 1.04425548 0.62629642
v 0.19180947 1.00780377 0.66573141
v 0.17248680 0.96418866 0.69665507
v 0.15324064 0.91508626 0.71787901
v 0.13481063 0.86238354 0.72858762
v 0.11790502 0.80810585 0.72836936
v 0.10317347 0.75433903 0.71723262
v 0.09118212 0.70314933 0.69560538
v 0.08239178 0.65650392 0.66431877
v 0.07714027 0.61619538 0.62457511
v 0.07562939 0.58377272 0.57790173
v 0.07791721 0.56048195 0.52609225
v 0.08391580 0.54721810 0.47113770
v 0.09339466 0.54449091 0.41514993
v 0.10598950 0.55240517 0.36028054
v 0.12121631 0.57065674 0.30863812
v 0.13848994 0.59854424 0.26220725
v 0.15714658 0.63499595 0.22277226
v 0.17646925 0.67861105 0.19184860
v 0.19571540 0.72771345 0.17062466
v 0.21414541 0.78041617 0.15991606
v 0.23105103 0.83469387 0.16013432
v 0.24578257 0.88846068 0.17127106
v 0.25777393 0.93965039 0.19289829
v 0.26656426 0.98629579 0.22418490
v 0.27181578 1.02660434 0.26392856
v 0.27332666 1.05902699 0.31060195
v 0.27103884 1.08231777 0.36241142
v 0.26504024 1.09558161 0.41736597
v 0.25556139 1.09830881 0.47335374
v 0.24296655 1.09039455 0.52822313
v 0.22773974 1.07214297 0.57986555
v 0.15101095 1.09365047 0.56455676
v 0.13408211 1.06566633 0.61105642
v 0.11644663 1.02892839 0.65069515
v 0.09878222 0.98484846 0.68194966
v 0.08176772 0.93512052 0.70361886
v 0.06605697 0.88165557 0.71487000
v 0.05225375 0.82650826 0.71527073
v 0.04088849 0.77179785 0.70480563
v 0.03239797 0.71962685 0.68387687
v 0.02710846 0.67200014 0.65328873
v 0.02522323 0.63074801 0.61421671
v 0.02681474 0.59745574 0.56816231
v 0.03182183 0.57340274 0.51689538
v 0.04005207 0.55951335 0.46238608
v 0.05118918 0.55632133 0.40672917
v 0.06480518 0.56394936 0.35206352
v 0.08037679 0.58210428 0.30048989
v 0.09730563 0.61008843 0.25399023
v 0.11494111 0.64682637 0.21435150
v 0.13260552 0.69090630 0.18309699
v 0.14962002 0.74063424 0.16142779
v 0.16533076 0.79409919 0.15017664
v 0.17913399 0.84924650 0.14977592
v 0.19049924 0.90395690 0.16024102
v 0.19898977 0.95612791 0.18116978
v 0.20427928 1.00375462 0.21175791
v 0.20616451 1.04500675 0.25082994
v 0.20457300 1.07829902 0.29688434
v 0.19956591 1.10235202 0.34815126
v 0.19133567 1.11624141 0.40266057
v 0.18019855 1.11943343 0.45831747
v 0.16658256 1.11180540 0.51298313
v 0.15101095 1.09365047 0.56455676
v 0.07363550 1.11047480 0.54683044
v 0.05705438 1.08241505 0.59340976
v 0.04044865 1.04545320 0.63328440
v 0.02445648 1.00100966 0.66492202
v 0.00969243 0.95079239 0.68710678
v -0.00327613 0.89673119 0.69898615
v -0.01395081 0.84090362 0.70010360
v -0.02192141 0.78545508 0.69041620
v -0.02688161 0.73251645 0.67029622
v -0.02864079 0.68412212 0.64051687
v -0.02713135 0.64213186 0.60222255
v -0.02241130 0.60815933 0.55688488
v -0.01466203 0.58351007 0.50624617
v -0.00418134 0.56913135 0.45225244
v 0.00862801 0.56557573 0.39697863
v 0.02327377 0.57297985 0.34254889
v 0.03919309 0.59105917 0.29105491
v 0.05577422 0.61911891 0.24447560
v 0.07237994 0.65608077 0.20460095
v 0.08837211 0.70052430 0.17296334
v 0.10313616 0.75074158 0.15077858
v 0.11610472 0.80480277 0.13889921
v 0.12677940 0.86063035 0.13778175
v 0.13475000 0.91607888 0.14746916
v 0.13971020 0.96901751 0.16758913
v 0.14146938 1.01741184 0.19736849
v 0.13995995 1.05940211 0.23566281
v 0.13523990 1.09337464 0.28100048
v 0.12749063 1.11802389 0.33163919
v 0.11700993 1.13240261 0.38563292
v 0.10420058 1.13595824 0.44090673
v 0.08955483 1.12855412 0.49533647
v 0.07363550 1.11047480 0.54683044
v -0.00405526 1.12254390 0.52676252
v -0.02028726 1.09442992 0.57343201
v -0.03585903 1.05730744 0.61357373
v -0.05017215 1.01260307 0.64564505
v -0.06267657 0.96203476 0.66841349
v -0.07289177 0.90754584 0.68100407
v -0.08042517 0.85123027 0.68293293
v -0.08498727 0.79525224 0.67412596
v -0.08640275 0.74176294 0.65492160
v -0.08461722 0.69281794 0.62605787
v -0.07969929 0.65029818 0.58864397
v -0.07183796 0.61583766 0.54411772
v -0.06133532 0.59076067 0.49419022
v -0.04859500 0.57603092 0.44078016
v -0.03410660 0.57221446 0.38594006
v -0.01842689 0.57945796 0.33177739
v -0.00215844 0.59748304 0.28037360
v 0.01407356 0.62559703 0.23370410
v 0.02964532 0.66271950 0.19356238
v 0.04395844 0.70742387 0.16149106
v 0.05646287 0.75799218 0.13872262
v 0.06667807 0.81248110 0.12613205
v 0.07421147 0.86879667 0.12420318
v 0.07877357 0.92477471 0.13301015
v 0.08018905 0.97826400 0.15221451
v 0.07840352 1.02720900 0.18107825
v 0.07348559 1.06972876 0.21849214
v 0.06562425 1.10418929 0.26301840
v 0.05512162 1.12926627 0.31294590
v 0.04238130 1.14399602 0.36635596
v 0.02789290 1.14781248 0.42119606
v 0.01221319 1.14056898 0.47535873
v -0.00405526 1.12254390 0.52676252
v -0.08172865 1.12980609 0.50443891
v -0.09761161 1.10165948 0.55120873
v -0.11214965 1.06444035 0.59164754
v -0.12478410 1.01957903 0.62420132
v -0.13502940 0.96879950 0.64761904
v -0.14249185 0.91405321 0.66100076
v -0.14688467 0.85744400 0.66383224
v -0.14803904 0.80114736 0.65600466
v -0.14591060 0.74732672 0.63781884
v -0.14058114 0.69805038 0.60997364
v -0.13225548 0.65521200 0.57353914
v -0.12125356 0.62045785 0.52991550
v -0.10799818 0.59512349 0.48077915
v -0.09299874 0.58018252 0.42801837
v -0.07683166 0.57620911 0.37366072
v -0.06011823 0.58335595 0.31979515
v -0.04350074 0.60134840 0.26849168
v -0.02761778 0.62949502 0.22172187
v -0.01307974 0.66671415 0.18128305
v -0.00044529 0.71157547 0.14872927
v 0.00980001 0.76235499 0.12531156
v 0.01726246 0.81710129 0.11192983
v 0.02165528 0.87371049 0.10909835
v 0.02280965 0.93000714 0.11692593
v 0.02068121 0.98382778 0.13511175
v 0.01535175 1.03310412 0.16295695
v 0.00702609 1.07594250 0.19939145
v -0.00397583 1.11069665 0.24301509
v -0.01723121 1.13603101 0.29215144
v -0.03223065 1.15097198 0.34491223
v -0.04839773 1.15494539 0.39926987
v -0.06511116 1.14779855 0.45313544
v -0.08172865 1.12980609 0.50443891
v -0.15905208 1.13223029 0.47995522
v -0.17458756 1.10407277 0.52683506
v -0.18809653 1.06682139 0.56759972
v -0.19905986 1.02190767 0.60068264
v -0.20705623 0.97105764 0.62481246
v -0.21177834 0.91622543 0.63906189
v -0.21304472 0.85951821 0.64288332
v -0.21080671 0.80311521 0.63612991
v -0.20515031 0.74918396 0.61906118
v -0.19629290 0.69979702 0.59233307
v -0.18457486 0.65685228 0.55697273
v -0.17044651 0.62200011 0.51433904
v -0.15445079 0.59657984 0.46607039
v -0.13720241 0.58156836 0.41402172
v -0.11936422 0.57754256 0.36019321
v -0.10162172 0.58465714 0.30665349
v -0.08465675 0.60263870 0.25546004
v -0.06912127 0.63079621 0.20858020
v -0.05561229 0.66804760 0.16781554
v -0.04464896 0.71296131 0.13473262
v -0.03665260 0.76381135 0.11060280
v -0.03193049 0.81864356 0.09635338
v -0.03066410 0.87535078 0.09253194
v -0.03290211 0.93175378 0.09928535
v -0.03855851 0.98568502 0.11635409
v -0.04741592 1.03507197 0.14308219
v -0.05913396 1.07801670 0.17844253
v -0.07326232 1.11286888 0.22107622
v -0.08925804 1.13828915 0.26934487
v -0.10650642 1.15330062 0.32139355
v -0.12434461 1.15732643 0.37522205
v -0.14208711 1.15021184 0.42876177
v -0.15905208 1.13223029 0.47995522
v -0.23569441 1.12980609 0.45341629
v -0.25088548 1.10165948 0.50041539
v -0.26337446 1.06444035 0.54153325
v -0.27268139 1.01957903 0.57518972
v -0.27844863 0.96879950 0.60009143
v -0.28045453 0.91405321 0.61528139
v -0.27862202 0.85744400 0.62017588
v -0.27302151 0.80114736 0.61458680
v -0.26386823 0.74732672 0.59872893
v -0.25151394 0.69805038 0.57321169
v -0.23643340 0.65521200 0.53901568
v -0.21920616 0.62045785 0.49745505
v -0.20049423 0.59512349 0.45012694
v -0.18101672 0.58018252 0.39885014
v -0.16152213 0.57620911 0.34559520
v -0.14275963 0.58335595 0.29240867
v -0.12545025 0.60134840 0.24133448
v -0.11025918 0.62949502 0.19433538
v -0.09777021 0.66671415 0.15321752
v -0.08846327 0.71157547 0.11956105
v -0.08269604 0.76235499 0.09465934
v -0.08069013 0.81710129 0.07946938
v -0.08252265 0.87371049 0.07457489
v -0.08812315 0.93000714 0.08016397
v -0.09727643 0.98382778 0.09602184
v -0.10963072 1.03310412 0.12153908
v -0.12471126 1.07594250 0.15573509
v -0.14193851 1.11069665 0.19729572
v -0.16065043 1.13603101 0.24462383
v -0.18012794 1.15097198 0.29590063
v -0.19962253 1.15494539 0.34915557
v -0.21838503 1.14779855 0.40234210
v -0.23569441 1.12980609 0.45341629
v -0.31132747 1.12254390 0.42493576
v -0.32617866 1.09442992 0.47206285
v -0.33766106 1.05730744 0.51355974
v -0.34533342 1.01260307 0.54783174
v -0.34890088 0.96203476 0.57356179
v -0.34822635 0.90754584 0.58976111
v -0.34333575 0.85123027 0.59580715
v -0.33441702 0.79525224 0.59146758
v -0.32181291 0.74176294 0.57690917
v -0.30600779 0.69281794 0.55269138
v -0.28760904 0.65029818 0.51974489
v -0.26732370 0.61583766 0.47933581
v -0.24593134 0.59076067 0.43301705
v -0.22425405 0.57603092 0.38256861
v -0.20312488 0.57221446 0.32992919
v -0.18335581 0.57945796 0.27712169
v -0.16570656 0.59748304 0.22617549
v -0.15085536 0.62559703 0.17904840
v -0.13937296 0.66271950 0.13755151
v -0.13170061 0.70742387 0.10327951
v -0.12813315 0.75799218 0.07754946
v -0.12880768 0.81248110 0.06135014
v -0.13369828 0.86879667 0.05530410
v -0.14261700 0.92477471 0.05964366
v -0.15522111 0.97826400 0.07420208
v -0.17102623 1.02720900 0.09841987
v -0.18942499 1.06972876 0.13136636
v -0.20971032 1.10418929 0.17177544
v -0.23110268 1.12926627 0.21809420
v -0.25277997 1.14399602 0.26854264
v -0.27390914 1.14781248 0.32118206
v -0.29367821 1.14056898 0.37398956
v -0.31132747 1.12254390 0.42493576
v -0.38562737 1.11047480 0.39463559
v -0.40014468 1.08241505 0.44189884
v -0.41063825 1.04545320 0.48379898
v -0.41670484 1.00100966 0.51872583
v -0.41811130 0.95079239 0.54533716
v -0.41480358 0.89673119 0.56261031
v -0.40690879 0.84090362 0.56988149
v -0.39473034 0.78545508 0.56687127
v -0.37873623 0.73251645 0.55369533
v -0.35954110 0.68412212 0.53086001
v -0.33788262 0.64213186 0.49924287
v -0.31459310 0.60815933 0.46005893
v -0.29056755 0.58351007 0.41481400
v -0.26672926 0.56913135 0.36524684
v -0.24399432 0.56557573 0.31326226
v -0.22323642 0.57297985 0.26085802
v -0.20525328 0.59105917 0.21004798
v -0.19073597 0.61911891 0.16278473
v -0.18024240 0.65608077 0.12088459
v -0.17417581 0.70052430 0.08595774
v -0.17276936 0.75074158 0.05934641
v -0.17607708 0.80480277 0.04207326
v -0.18397186 0.86063035 0.03480208
v -0.19615031 0.91607888 0.03781230
v -0.21214442 0.96901751 0.05098824
v -0.23133955 1.01741184 0.07382356
v -0.25299804 1.05940211 0.10544070
v -0.27628755 1.09337464 0.14462464
v -0.30031310 1.11802389 0.18986957
v -0.32415139 1.13240261 0.23943673
v -0.34688633 1.13595824 0.29142131
v -0.36764423 1.12855412 0.34382555
v -0.38562737 1.11047480 0.39463559
v -0.45827596 1.09365047 0.36264553
v -0.47246680 1.06566633 0.41005253
v -0.48199353 1.02892839 0.45237842
v -0.48649003 0.98484846 0.48799664
v -0.48578351 0.93512052 0.51553839
v -0.47990113 0.88165557 0.53394527
v -0.46906893 0.82650826 0.54250991
v -0.45370320 0.77179785 0.54090318
v -0.43439442 0.71962685 0.52918682
v -0.41188463 0.67200014 0.50781108
v -0.38703887 0.63074801 0.47759742
v -0.36081193 0.59745574 0.43970694
v -0.33421172 0.57340274 0.39559574
v -0.30826046 0.55951335 0.34695900
v -0.28395543 0.55632133 0.29566580
v -0.26223069 0.56394936 0.24368730
v -0.24392108 0.58210428 0.19302101
v -0.22973024 0.61008843 0.14561401
v -0.22020351 0.64682637 0.10328812
v -0.21570701 0.69090630 0.06766991
v -0.21641353 0.74063424 0.04012815
v -0.22229591 0.79409919 0.02172127
v -0.23312811 0.84924650 0.01315663
v -0.24849384 0.90395690 0.01476336
v -0.26780262 0.95612791 0.02647973
v -0.29031241 1.00375462 0.04785547
v -0.31515817 1.04500675 0.07806912
v -0.34138510 1.07829902 0.11595960
v -0.36798532 1.10235202 0.16007080
v -0.39393658 1.11624141 0.20870754
v -0.41824160 1.11943343 0.26000075
v -0.43996635 1.11180540 0.31197925
v -0.45827596 1.09365047 0.36264553
v -0.52896214 1.07214297 0.32910257
v -0.54283533 1.04425548 0.37666030
v -0.55142133 1.00780377 0.41943260
v -0.55439016 0.96418866 0.45577575
v -0.55162774 0.91508626 0.48429310
v -0.54324024 0.86238354 0.50388874
v -0.52954997 0.80810585 0.51380963
v -0.51108306 0.75433903 0.51367451
v -0.48854916 0.70314933 0.50348858
v -0.46281424 0.65650392 0.48364327
v -0.43486729 0.61619538 0.45490123
v -0.40578229 0.58377272 0.41836700
v -0.37667696 0.56048195 0.37544456
v -0.34866980 0.54721810 0.32778341
v -0.32283711 0.54449091 0.27721514
v -0.30017162 0.55240517 0.22568305
v -0.28154437 0.57065674 0.17516750
v -0.26767117 0.59854424 0.12760976
v -0.25908518 0.63499595 0.08483746
v -0.25611635 0.67861105 0.04849432
v -0.25887876 0.72771345 0.01997697
v -0.26726627 0.78041617 0.00038133
v -0.28095653 0.83469387 -0.00953956
v -0.29942345 0.88846068 -0.00940445
v -0.32195735 0.93965039 0.00078149
v -0.34769227 0.98629579 0.02062680
v -0.37563922 1.02660434 0.04936884
v -0.40472422 1.05902699 0.08590307
v -0.43382955 1.08231777 0.12882550
v -0.46183671 1.09558161 0.17648665
v -0.48766940 1.09830881 0.22705493
v -0.51033489 1.09039455 0.27858702
v -0.52896214 1.07214297 0.32910257
v -0.59738323 1.04604439 0.29415034
v -0.61094895 1.01827418 0.34186514
v -0.61862435 0.98216980 0.38510260
v -0.62011447 0.93911874 0.42220114
v -0.61536204 0.89077541 0.45173507
v -0.60454969 0.83899763 0.47256942
v -0.58809294 0.78577518 0.48390354
v -0.56662421 0.73315338 0.48530186
v -0.54096853 0.68315444 0.47671066
v -0.51211184 0.63769981 0.45846008
v -0.48116308 0.59853628 0.43125148
v -0.44931160 0.56716887 0.39613048
v -0.41778142 0.54480303 0.35444675
v -0.38778424 0.53229826 0.30780219
v -0.36047284 0.53013511 0.25798930
v -0.33689676 0.53839670 0.20692238
v -0.31796204 0.55676556 0.15656389
v -0.30439632 0.58453577 0.10884909
v -0.29672091 0.62064015 0.06561162
v -0.29523080 0.66369121 0.02851309
v -0.29998323 0.71203454 -0.00102084
v -0.31079557 0.76381232 -0.02185519
v -0.32725232 0.81703477 -0.03318931
v -0.34872105 0.86965657 -0.03458764
v -0.37437673 0.91965551 -0.02599643
v -0.40323342 0.96511014 -0.00774585
v -0.43418218 1.00427367 0.01946275
v -0.46603367 1.03564107 0.05458375
v -0.49756384 1.05800691 0.09626747
v -0.52756102 1.07051169 0.14291204
v -0.55487243 1.07267484 0.19272493
v -0.57844850 1.06441324 0.24379185
v -0.59738323 1.04604439 0.29415034
v -0.66324622 1.01546648 0.25793851
v -0.67651597 0.98783368 0.30581604
v -0.68331483 0.95213625 0.34953543
v -0.68338152 0.90974604 0.38741657
v -0.67671347 0.86229207 0.41800372
v -0.66356694 0.81159796 0.44012142
v -0.64444714 0.75961188 0.45291970
v -0.62008883 0.70833161 0.45590673
v -0.59142809 0.65972782 0.44896773
v -0.55956633 0.61566834 0.43236934
v -0.52572799 0.57784633 0.40674945
v -0.49121346 0.54771529 0.37309261
v -0.45734910 0.52643313 0.33269223
v -0.42543630 0.51481771 0.28710088
v -0.39670147 0.51331541 0.23807061
v -0.37224885 0.52198396 0.18748561
v -0.35301815 0.54049022 0.13728985
v -0.33974840 0.56812303 0.08941232
v -0.33294954 0.60382045 0.04569293
v -0.33288286 0.64621067 0.00781179
v -0.33955090 0.69366464 -0.02277536
v -0.35269743 0.74435874 -0.04489306
v -0.37181724 0.79634483 -0.05769134
v -0.39617555 0.84762510 -0.06067837
v -0.42483629 0.89622888 -0.05373936
v -0.45669804 0.94028837 -0.03714098
v -0.49053638 0.97811037 -0.01152109
v -0.52505092 1.00824141 0.02213575
v -0.55891528 1.02952357 0.06253613
v -0.59082807 1.04113899 0.10812748
v -0.61956291 1.04264129 0.15715776
v -0.64401553 1.03397275 0.20774275
v -0.66324622 1.01546648 0.25793851
v -0.72626910 0.98054019 0.22062215
v -0.73925564 0.95306434 0.26866737
v -0.74521575 0.91783173 0.31288339
v -0.74392039 0.87619635 0.35157101
v -0.73541933 0.82975820 0.38324350
v -0.72003927 0.78030188 0.40668369
v -0.69837125 0.72972798 0.42099079
v -0.67124796 0.67998002 0.42561499
v -0.63971174 0.63296978 0.42037858
v -0.60497451 0.59050384 0.40548279
v -0.56837119 0.55421414 0.38150007
v -0.53130844 0.52549528 0.34935205
v -0.49521055 0.50545091 0.31027416
v -0.46146474 0.49485132 0.26576815
v -0.43136786 0.49410384 0.21754435
v -0.40607649 0.50323721 0.16745599
v -0.38656258 0.52190042 0.11742792
v -0.37357604 0.54937628 0.06938270
v -0.36761593 0.58460888 0.02516668
v -0.36891130 0.62624427 -0.01352095
v -0.37741235 0.67268242 -0.04519343
v -0.39279242 0.72213873 -0.06863362
v -0.41446043 0.77271263 -0.08294072
v -0.44158372 0.82246060 -0.08756492
v -0.47311994 0.86947084 -0.08232851
v -0.50785717 0.91193678 -0.06743273
v -0.54446049 0.94822647 -0.04345000
v -0.58152324 0.97694533 -0.01130198
v -0.61762113 0.99698970 0.02777591
v -0.65136694 1.00758930 0.07228192
v -0.68146383 1.00833677 0.12050571
v -0.70675519 0.99920341 0.17059408
v -0.72626910 0.98054019 0.22062215
v -0.78618198 0.94141508 0.18236105
v -0.79889928 0.91411504 0.23057821
v -0.80406204 0.87940314 0.27530343
v -0.80147184 0.83861332 0.31481795
v -0.79122822 0.79331313 0.34760326
v -0.77372485 0.74524340 0.37239942
v -0.74963436 0.69625146 0.38825354
v -0.71988254 0.64822001 0.39455635
v -0.68561274 0.60299489 0.39106564
v -0.64814192 0.56231407 0.37791555
v -0.60891007 0.52774090 0.35561144
v -0.56942485 0.50060399 0.32501044
v -0.53120365 0.48194621 0.28728853
v -0.49571528 0.47248457 0.24389533
v -0.46432356 0.47258266 0.19649844
v -0.43823484 0.48223673 0.14691927
v -0.41845170 0.50107577 0.09706314
v -0.40573439 0.52837580 0.04884598
v -0.40057164 0.56308770 0.00412076
v -0.40316184 0.60387752 -0.03539376
v -0.41340545 0.64917772 -0.06817907
v -0.43090883 0.69724744 -0.09297523
v -0.45499932 0.74623939 -0.10882935
v -0.48475113 0.79427083 -0.11513216
v -0.51902094 0.83949595 -0.11164145
v -0.55649175 0.88017677 -0.09849136
v -0.59572360 0.91474995 -0.07618725
v -0.63520882 0.94188685 -0.04558625
v -0.67343003 0.96054463 -0.00786434
v -0.70891839 0.97000627 0.03552886
v -0.74031011 0.96990818 0.08292575
v -0.76639884 0.96025411 0.13250492
v -0.78618198 0.94141508 0.18236105
v -0.84272830 0.89825868 0.14331905
v -0.85519150 0.87115258 0.19171166
v -0.85960171 0.83701503 0.23695647
v -0.85578943 0.79715791 0.27731477
v -0.84390117 0.75311291 0.31123561
v -0.82439379 0.70657265 0.33741542
v -0.79801696 0.65932565 0.35484813
v -0.76578430 0.61318759 0.36286381
v -0.72893452 0.56993152 0.36115443
v -0.68888372 0.53121976 0.34978568
v -0.64717104 0.49853996 0.32919444
v -0.60539947 0.47314801 0.30017203
v -0.56517426 0.45601969 0.26383376
v -0.52804126 0.44781325 0.22157610
v -0.49542746 0.44884404 0.17502298
v -0.46858618 0.45907246 0.12596341
v -0.44854894 0.47810543 0.07628272
v -0.43608573 0.50521152 0.02789012
v -0.43167553 0.53934908 -0.01735470
v -0.43548781 0.57920620 -0.05771300
v -0.44737607 0.62325120 -0.09163383
v -0.46688345 0.66979146 -0.11781364
v -0.49326028 0.71703845 -0.13524635
v -0.52549294 0.76317652 -0.14326204
v -0.56234272 0.80643258 -0.14155266
v -0.60239352 0.84514435 -0.13018390
v -0.64410620 0.87782414 -0.10959266
v -0.68587777 0.90321610 -0.08057025
v -0.72610297 0.92034441 -0.04423199
v -0.76323598 0.92855086 -0.00197432
v -0.79584978 0.92752007 0.04457880
v -0.82269106 0.91729165 0.09363837
v -0.84272830 0.89825868 0.14331905
v -0.89566594 0.85125580 0.10366334
v -0.90789125 0.82436092 0.15223415
v -0.91159693 0.79084891 0.19800673
v -0.90664056 0.75200762 0.23922207
v -0.89321262 0.70932969 0.27429628
v -0.87182913 0.66445521 0.30188149
v -0.84331186 0.61910869 0.32091761
v -0.80875669 0.57503277 0.33067309
v -0.76949158 0.53392125 0.33077304
v -0.72702545 0.49735404 0.32121361
v -0.68299026 0.46673638 0.30236217
v -0.63907825 0.44324490 0.27494317
v -0.59697693 0.42778237 0.24001030
v -0.55830425 0.42094300 0.19890602
v -0.52454635 0.42298961 0.15320994
v -0.49700056 0.43384357 0.10467813
v -0.47672542 0.45308776 0.05517565
v -0.46450011 0.47998264 0.00660484
v -0.46079443 0.51349465 -0.03916773
v -0.46575080 0.55233595 -0.08038307
v -0.47917874 0.59501388 -0.11545729
v -0.50056223 0.63988835 -0.14304250
v -0.52907950 0.68523487 -0.16207862
v -0.56363466 0.72931080 -0.17183410
v -0.60289978 0.77042231 -0.17193405
v -0.64536591 0.80698953 -0.16237462
v -0.68940110 0.83760718 -0.14352318
v -0.73331311 0.86109866 -0.11610418
v -0.77541442 0.87656119 -0.08117131
v -0.81408711 0.88340057 -0.04006703
v -0.84784500 0.88135395 0.00562905
v -0.87539080 0.87049999 0.05416086
v -0.89566594 0.85125580 0.10366334
v -0.94476819 0.80060771 0.06356373
v -0.95677285 0.77394044 0.11231473
v -0.95982505 0.74110248 0.15862098
v -0.95380748 0.70335579 0.20070295
v -0.93895141 0.66215096 0.23694346
v -0.91582774 0.61907145 0.26594980
v -0.88532510 0.57577279 0.28660728
v -0.84861570 0.53391893 0.29812203
v -0.80711024 0.49511828 0.30005156
v -0.76240378 0.46086193 0.29232172
v -0.71621434 0.43246634 0.27522955
v -0.67031697 0.41102273 0.24943191
v -0.62647547 0.39735516 0.21592017
v -0.58637465 0.39198888 0.17598218
v -0.55155556 0.39513011 0.13115273
v -0.52335628 0.40665812 0.08315459
v -0.50286049 0.42612991 0.03383231
v -0.49085583 0.45279719 -0.01491870
v -0.48780364 0.48563514 -0.06122494
v -0.49382121 0.52338183 -0.10330692
v -0.50867728 0.56458667 -0.13954742
v -0.53180095 0.60766618 -0.16855376
v -0.56230359 0.65096483 -0.18921124
v -0.59901299 0.69281870 -0.20072599
v -0.64051844 0.73161934 -0.20265553
v -0.68522491 0.76587569 -0.19492568
v -0.73141434 0.79427128 -0.17783352
v -0.77731171 0.81571490 -0.15203587
v -0.82115321 0.82938246 -0.11852413
v -0.86125403 0.83474874 -0.07858614
v -0.89607312 0.83160752 -0.03375669
v -0.92427240 0.82007950 0.01424145
v -0.94476819 0.80060771 0.06356373
v -0.98982481 0.74653130 0.02319193
v -1.00162699 0.72010703 0.07212435
v -1.00407955 0.68798876 0.11896789
v -0.99708822 0.65141077 0.16192238
v -0.98092168 0.61177874 0.19933709
v -0.95620120 0.57061570 0.22977421
v -0.92387678 0.52950352 0.25206405
v -0.88519063 0.49002213 0.26535002
v -0.84162942 0.45368877 0.26912155
v -0.79486721 0.42189971 0.26323371
v -0.74670102 0.39587659 0.24791276
v -0.69898187 0.37661946 0.22374748
v -0.65354356 0.36486836 0.19166652
v -0.61213228 0.36107489 0.15290273
v -0.57633942 0.36538481 0.10894580
v -0.54754050 0.37763251 0.06148495
v -0.52684224 0.39734731 0.01234409
v -0.51504005 0.42377158 -0.03658833
v -0.51258750 0.45588985 -0.08343188
v -0.51957883 0.49246784 -0.12638636
v -0.53574537 0.53209987 -0.16380108
v -0.56046584 0.57326291 -0.19423819
v -0.59279026 0.61437508 -0.21652803
v -0.63147642 0.65385647 -0.22981400
v -0.67503762 0.69018983 -0.23358554
v -0.72179984 0.72197889 -0.22769769
v -0.76996602 0.74800201 -0.21237674
v -0.81768518 0.76725914 -0.18821146
v -0.86312348 0.77901024 -0.15613050
v -0.90453477 0.78280372 -0.11736672
v -0.94032762 0.77849380 -0.07340978
v -0.96912654 0.76624610 -0.02594894
v -0.98982481 0.74653130 0.02319193
v -1.03064284 0.68925813 -0.01727919
v -1.04226160 0.66309123 0.03183511
v -1.04417092 0.63173518 0.07921726
v -1.03629743 0.59639498 0.12304641
v -1.01894371 0.55842873 0.16163822
v -0.99277664 0.51929545 0.19350963
v -0.95880181 0.48049902 0.21743585
v -0.91832487 0.44353035 0.23249739
v -0.87290130 0.40981013 0.23811546
v -0.82427672 0.38063422 0.23407415
v -0.77431975 0.35712382 0.22052877
v -0.72495019 0.34018242 0.19799986
v -0.67806529 0.33046109 0.16735320
v -0.63546682 0.32833339 0.12976651
v -0.59879181 0.33388110 0.08668424
v -0.56944965 0.34689103 0.03976201
v -0.54856796 0.36686320 -0.00919699
v -0.53694921 0.39303009 -0.05831128
v -0.53503988 0.42438614 -0.10569343
v -0.54291337 0.45972634 -0.14952258
v -0.56026710 0.49769259 -0.18811439
v -0.58643416 0.53682587 -0.21998581
v -0.62040899 0.57562231 -0.24391202
v -0.66088594 0.61259098 -0.25897356
v -0.70630950 0.64631119 -0.26459163
v -0.75493408 0.67548711 -0.26055032
v -0.80489106 0.69899751 -0.24700494
v -0.85426062 0.71593890 -0.22447604
v -0.90114551 0.72566024 -0.19382937
v -0.94374398 0.72778793 -0.15624269
v -0.98041900 0.72224022 -0.11316041
v -1.00976115 0.70923030 -0.06623818
v -1.03064284 0.68925813 -0.01727919
v -1.06704750 0.62903344 -0.05767631
v -1.07850266 0.60313718 -0.00838048
v -1.07992749 0.57258264 0.03953930
v -1.07126723 0.53854401 0.08424151
v -1.05285468 0.50232939 0.12400827
v -1.02539743 0.46533048 0.15731136
v -0.98995065 0.42896912 0.18287095
v -0.94787653 0.39464266 0.19970482
v -0.90079197 0.36367025 0.20716605
v -0.85050639 0.33724215 0.20496790
v -0.79895225 0.31637396 0.19319485
v -0.74811073 0.30186765 0.17229932
v -0.69993566 0.29428067 0.14308433
v -0.65627836 0.29390460 0.10667259
v -0.61881657 0.30075389 0.06446338
v -0.58898992 0.31456532 0.01807878
v -0.56794464 0.33480812 -0.03069868
v -0.55648947 0.36070439 -0.07999451
v -0.55506465 0.39125893 -0.12791429
v -0.56372491 0.42529755 -0.17261650
v -0.58213746 0.46151218 -0.21238326
v -0.60959471 0.49851109 -0.24568635
v -0.64504149 0.53487245 -0.27124595
v -0.68711561 0.56919891 -0.28807982
v -0.73420017 0.60017131 -0.29554104
v -0.78448574 0.62659942 -0.29334289
v -0.83603989 0.64746761 -0.28156984
v -0.88688141 0.66197392 -0.26067431
v -0.93505648 0.66956090 -0.23145932
v -0.97871378 0.66993697 -0.19504758
v -1.01617557 0.66308768 -0.15283837
v -1.04600222 0.64927625 -0.10645377
v -1.06704750 0.62903344 -0.05767631
v -1.09888290 0.56611514 -0.09782645
v -1.11019500 0.54050162 -0.04835020
v -1.11119615 0.51078443 0.00010393
v -1.10184785 0.47810560 0.04567386
v -1.08250938 0.44372094 0.08660838
v -1.05392388 0.40895185 0.12133439
v -1.01718989 0.37513448 0.14851738
v -0.97371908 0.34356841 0.16711275
v -0.92518200 0.31546672 0.17640586
v -0.87344390 0.29190932 0.17603960
v -0.82049305 0.27380152 0.16602804
v -0.76836433 0.26183919 0.14675591
v -0.71906101 0.25648204 0.11896384
v -0.67447778 0.25793594 0.08371986
v -0.63632796 0.26614502 0.04237838
v -0.60607763 0.28079380 -0.00347188
v -0.58488929 0.30131935 -0.05206892
v -0.57357718 0.32693287 -0.10154517
v -0.57257604 0.35665006 -0.14999930
v -0.58192433 0.38932889 -0.19556923
v -0.60126281 0.42371355 -0.23650375
v -0.62984831 0.45848264 -0.27122976
v -0.66658229 0.49230001 -0.29841276
v -0.71005311 0.52386608 -0.31700812
v -0.75859019 0.55196778 -0.32630123
v -0.81032829 0.57552518 -0.32593497
v -0.86327914 0.59363297 -0.31592341
v -0.91540786 0.60559530 -0.29665128
v -0.96471118 0.61095245 -0.26885921
v -1.00929441 0.60949855 -0.23361523
v -1.04744422 0.60128947 -0.19227375
v -1.07769456 0.58664069 -0.14642349
v -1.09888290 0.56611514 -0.09782645
v -1.12601272 0.50077265 -0.13755769
v -1.13720290 0.47545276 -0.08790289
v -1.13784298 0.44660519 -0.03892000
v -1.12790836 0.41533854 0.00750861
v -1.10778082 0.38285436 0.04959870
v -1.07823384 0.35040101 0.08573279
v -1.04040291 0.31922564 0.11452224
v -0.99574184 0.29052632 0.13486072
v -0.94596693 0.26540593 0.14596661
v -0.89299101 0.24482985 0.14741312
v -0.83884991 0.22958880 0.13914467
v -0.78562424 0.22026848 0.12147901
v -0.73535944 0.21722707 0.09509501
v -0.68998715 0.22058144 0.06100661
v -0.65125100 0.23020270 0.02052380
v -0.62063961 0.24572110 -0.02479770
v -0.59932935 0.26654028 -0.07321619
v -0.58813916 0.29186017 -0.12287098
v -0.58749908 0.32070774 -0.17185388
v -0.59743370 0.35197439 -0.21828249
v -0.61756124 0.38445857 -0.26037258
v -0.64710822 0.41691192 -0.29650666
v -0.68493915 0.44808729 -0.32529612
v -0.72960022 0.47678661 -0.34563459
v -0.77937513 0.50190700 -0.35674048
v -0.83235105 0.52248308 -0.35818700
v -0.88649215 0.53772413 -0.34991855
v -0.93971782 0.54704446 -0.33225288
v -0.98998263 0.55008587 -0.30586889
v -1.03535492 0.54673149 -0.27178049
v -1.07409106 0.53711023 -0.23129767
v -1.10470245 0.52159183 -0.18597618
v -1.12601272 0.50077265 -0.13755769
v -1.14832077 0.43328577 -0.17669988
v -1.15941071 0.40826915 -0.12686919
v -1.15975390 0.38031974 -0.07736537
v -1.14933716 0.35051161 -0.03009082
v -1.12856079 0.31999028 0.01313772
v -1.09822322 0.28992866 0.05065900
v -1.05949030 0.26148201 0.08103111
v -1.01385052 0.23574351 0.10308685
v -0.96305778 0.21370228 0.11597864
v -0.90906403 0.19620535 0.11921105
v -0.85394422 0.18392512 0.11265987
v -0.79981657 0.17733351 0.09657685
v -0.74876117 0.17668383 0.07158006
v -0.70274005 0.18200105 0.03863010
v -0.66352178 0.19308084 -0.00100678
v -0.63261350 0.20949740 -0.04580734
v -0.61120299 0.23061985 -0.09404994
v -0.60011305 0.25563647 -0.14388063
v -0.59976986 0.28358588 -0.19338445
v -0.61018660 0.31339401 -0.24065900
v -0.63096297 0.34391534 -0.28388754
v -0.66130054 0.37397695 -0.32140882
v -0.70003346 0.40242361 -0.35178092
v -0.74567325 0.42816211 -0.37383666
v -0.79646598 0.45020334 -0.38672845
v -0.85045973 0.46770027 -0.38996087
v -0.90557954 0.47998050 -0.38340969
v -0.95970719 0.48657211 -0.36732667
v -1.01076260 0.48722179 -0.34232987
v -1.05678371 0.48190456 -0.30937991
v -1.09600198 0.47082478 -0.26974304
v -1.12691026 0.45440822 -0.22494248
v -1.14832077 0.43328577 -0.17669988
v -1.16571154 0.36394350 -0.21508542
v -1.17672333 0.33923849 -0.16508223
v -1.17683508 0.31221192 -0.11506755
v -1.16604248 0.28390242 -0.06696341
v -1.14476030 0.25539790 -0.02261844
v -1.11380640 0.22779377 0.01626323
v -1.07437032 0.20215085 0.04818738
v -1.02796756 0.17945457 0.07192720
v -0.97638136 0.16057715 0.08657036
v -0.92159414 0.14624403 0.09155415
v -0.86571135 0.13700602 0.08668705
v -0.81088053 0.13321814 0.07215608
v -0.75920880 0.13502595 0.04851967
v -0.71268187 0.14235999 0.01668614
v -0.67308775 0.15493840 -0.02212114
v -0.64194803 0.17227780 -0.06641085
v -0.62045937 0.19371186 -0.11448095
v -0.60944758 0.21841687 -0.16448413
v -0.60933583 0.24544344 -0.21449881
v -0.62012842 0.27375294 -0.26260295
v -0.64141060 0.30225746 -0.30694793
v -0.67236450 0.32986159 -0.34582959
v -0.71180059 0.35550451 -0.37775375
v -0.75820335 0.37820079 -0.40149356
v -0.80978955 0.39707821 -0.41613673
v -0.86457677 0.41141133 -0.42112052
v -0.92045956 0.42064934 -0.41625341
v -0.97529038 0.42443722 -0.40172244
v -1.02696211 0.42262940 -0.37808603
v -1.07348904 0.41529537 -0.34625251
v -1.11308315 0.40271696 -0.30744522
v -1.14422288 0.38537756 -0.26315552
v -1.16571154 0.36394350 -0.21508542
v -1.17811055 0.29304276 -0.25254992
v -1.18906663 0.26865636 -0.20237838
v -1.18901336 0.24257339 -0.15186510
v -1.17795280 0.21579619 -0.10295128
v -1.15631000 0.18935381 -0.05751665
v -1.12491667 0.16426240 -0.01730725
v -1.08497926 0.14148622 0.01613172
v -1.03803252 0.12190054 0.04151519
v -0.98588060 0.10625804 0.05786772
v -0.93052766 0.09515983 0.06456086
v -0.87410090 0.08903242 0.06133742
v -0.81876875 0.08811129 0.04832126
v -0.76665759 0.09243182 0.02601259
v -0.71977005 0.10182799 -0.00473128
v -0.67990796 0.11593871 -0.04272888
v -0.64860322 0.13422170 -0.08651999
v -0.62705884 0.15597437 -0.13442173
v -0.61610277 0.18036077 -0.18459328
v -0.61615604 0.20644375 -0.23510656
v -0.62721660 0.23322094 -0.28402038
v -0.64885940 0.25966333 -0.32945500
v -0.68025272 0.28475473 -0.36966441
v -0.72019014 0.30753091 -0.40310337
v -0.76713688 0.32711659 -0.42848685
v -0.81928880 0.34275910 -0.44483937
v -0.87464173 0.35385731 -0.45153252
v -0.93106850 0.35998471 -0.44830908
v -0.98640065 0.36090585 -0.43529292
v -1.03851180 0.35658531 -0.41298425
v -1.08539935 0.34718914 -0.38224038
v -1.12526143 0.33307843 -0.34424277
v -1.15656618 0.31479543 -0.30045167
v -1.17811055 0.29304276 -0.25254992
v -1.18546472 0.22088717 -0.28893297
v -1.19638774 0.19682502 -0.23859793
v -1.19623660 0.17170234 -0.18760045
v -1.18501710 0.14648457 -0.13790032
v -1.16316040 0.12214082 -0.09140749
v -1.13150645 0.09960661 -0.04990867
v -1.09127168 0.07974791 -0.01499862
v -1.04400230 0.06332788 0.01198107
v -0.99151484 0.05097754 0.02999361
v -0.93582636 0.04317150 0.03834676
v -0.87907695 0.04020975 0.03671954
v -0.82344744 0.04220609 0.02517446
v -0.77107566 0.04908382 0.00415521
v -0.72397422 0.06057863 -0.02553047
v -0.68395320 0.07624877 -0.06274176
v -0.65255058 0.09549206 -0.10604866
v -0.63097316 0.11756898 -0.15378691
v -0.62005013 0.14163113 -0.20412195
v -0.62020127 0.16675381 -0.25511943
v -0.63142077 0.19197158 -0.30481956
v -0.65327747 0.21631533 -0.35131239
v -0.68493142 0.23884954 -0.39281121
v -0.72516619 0.25870824 -0.42772125
v -0.77243557 0.27512827 -0.45470095
v -0.82492303 0.28747861 -0.47271348
v -0.88061151 0.29528464 -0.48106664
v -0.93736092 0.29824640 -0.47943942
v -0.99299043 0.29625005 -0.46789434
v -1.04536221 0.28937232 -0.44687509
v -1.09246365 0.27787752 -0.41718941
v -1.13248468 0.26220738 -0.37997812
v -1.16388729 0.24296409 -0.33667122
v -1.18546472 0.22088717 -0.28893297
v -1.18774254 0.14778571 -0.32407877
v -1.19865533 0.12405206 -0.27358579
v -1.19847387 0.09990225 -0.22212056
v -1.18720514 0.07626435 -0.17166086
v -1.16528220 0.05404675 -0.12414583
v -1.13354752 0.03410325 -0.08140144
v -1.09322065 0.01720028 -0.04507034
v -1.04585133 0.00398741 -0.01654870
v -0.99325994 -0.00502761 0.00306739
v -0.93746754 -0.00949832 0.01302411
v -0.88061819 -0.00925293 0.01293882
v -0.82489659 -0.00430086 0.00281480
v -0.77244408 0.00516759 -0.01695888
v -0.72527639 0.01878854 -0.04562235
v -0.68520614 0.03603855 -0.08207407
v -0.65377320 0.05625471 -0.12491323
v -0.63218554 0.07866013 -0.17249354
v -0.62127276 0.10239378 -0.22298652
v -0.62145421 0.12654359 -0.27445174
v -0.63272294 0.15018149 -0.32491144
v -0.65464589 0.17239909 -0.37242648
v -0.68638057 0.19234259 -0.41517087
v -0.72670743 0.20924556 -0.45150197
v -0.77407675 0.22245844 -0.48002360
v -0.82666814 0.23147345 -0.49963970
v -0.88246054 0.23594417 -0.50959642
v -0.93930989 0.23569877 -0.50951113
v -0.99503149 0.23074670 -0.49938711
v -1.04748400 0.22127825 -0.47961342
v -1.09465170 0.20765730 -0.45094996
v -1.13472195 0.19040729 -0.41449824
v -1.16615488 0.17019113 -0.37165908
v -1.18774254 0.14778571 -0.32407877
v -1.18493426 0.07405140 -0.35783681
v -1.19585967 0.05064910 -0.30719213
v -1.19571559 0.02748059 -0.25527763
v -1.18450756 0.00543624 -0.20408835
v -1.16266629 -0.01463681 -0.15559147
v -1.13103113 -0.03196716 -0.11165069
v -1.09081781 -0.04588882 -0.07395465
v -1.04357170 -0.05586678 -0.04395196
v -0.99110844 -0.06151760 -0.02279562
v -0.93544417 -0.06262412 -0.01129866
v -0.87871803 -0.05914381 -0.00990290
v -0.82310997 -0.05121042 -0.01866197
v -0.77075699 -0.03912883 -0.03723927
v -0.72367097 -0.02336333 -0.06492089
v -0.68366141 -0.00451977 -0.10064303
v -0.65226586 0.01667769 -0.14303292
v -0.63069082 0.03941446 -0.19046153
v -0.61976541 0.06281676 -0.24110621
v -0.61990949 0.08598527 -0.29302071
v -0.63111753 0.10802962 -0.34420998
v -0.65295879 0.12810267 -0.39270687
v -0.68459395 0.14543303 -0.43664764
v -0.72480727 0.15935468 -0.47434369
v -0.77205338 0.16933264 -0.50434638
v -0.82451664 0.17498346 -0.52550271
v -0.88018091 0.17608998 -0.53699967
v -0.93690705 0.17260967 -0.53839544
v -0.99251511 0.16467628 -0.52963636
v -1.04486809 0.15259469 -0.51105906
v -1.09195411 0.13682919 -0.48337744
v -1.13196367 0.11798563 -0.44765530
v -1.16335922 0.09678817 -0.40526542
v -1.18493426 0.07405140 -0.35783681
v -1.17705192 0.00000000 -0.39006254
v -1.18801275 -0.02306953 -0.33927304
v -1.18797357 -0.04525252 -0.28692966
v -1.17693589 -0.06569648 -0.23504392
v -1.15532388 -0.08361575 -0.18560976
v -1.12396807 -0.09832172 -0.14052691
v -1.08407346 -0.10924925 -0.10152787
v -1.03717317 -0.11597838 -0.07011135
v -0.98506955 -0.11825053 -0.04748469
v -0.92976491 -0.11597838 -0.03451740
v -0.87338459 -0.10924925 -0.03170781
v -0.81809525 -0.09832172 -0.03916389
v -0.76602161 -0.08361575 -0.05659911
v -0.71916485 -0.06569648 -0.08334345
v -0.67932565 -0.04525252 -0.11836913
v -0.64803500 -0.02306953 -0.16033014
v -0.62649538 0.00000000 -0.20761393
v -0.61553455 0.02306953 -0.25840342
v -0.61557373 0.04525252 -0.31074680
v -0.62661141 0.06569648 -0.36263254
v -0.64822342 0.08361575 -0.41206671
v -0.67957922 0.09832172 -0.45714956
v -0.71947383 0.10924925 -0.49614860
v -0.76637413 0.11597838 -0.52756511
v -0.81847775 0.11825053 -0.55019178
v -0.87378238 0.11597838 -0.56315907
v -0.93016270 0.10924925 -0.56596866
v -0.98545205 0.09832172 -0.55851257
v -1.03752568 0.08361575 -0.54107735
v -1.08438244 0.06569648 -0.51433302
v -1.12422165 0.04525252 -0.47930734
v -1.15551230 0.02306953 -0.43734633
v -1.17705192 0.00000000 -0.39006254
v -1.16412926 -0.07405140 -0.42061795
v -1.17514816 -0.09678817 -0.36969115
v -1.17528096 -0.11798563 -0.31694112
v -1.16452256 -0.13682919 -0.26439502
v -1.14328641 -0.15259469 -0.21407216
v -1.11238858 -0.16467628 -0.16790642
v -1.07301647 -0.17260967 -0.12767193
v -1.02668313 -0.17608998 -0.09491487
v -0.97516912 -0.17498346 -0.07089408
v -0.92045410 -0.16933264 -0.05653267
v -0.86464073 -0.15935468 -0.05238254
v -0.80987388 -0.14543303 -0.05860317
v -0.75825823 -0.12810267 -0.07495550
v -0.71177732 -0.10802962 -0.10081114
v -0.67221740 -0.08598527 -0.13517646
v -0.64109873 -0.06281676 -0.17673081
v -0.61961718 -0.03941446 -0.22387730
v -0.60859828 -0.01667769 -0.27480410
v -0.60846548 0.00451977 -0.32755413
v -0.61922388 0.02336333 -0.38010024
v -0.64046003 0.03912883 -0.43042310
v -0.67135786 0.05121042 -0.47658884
v -0.71072997 0.05914381 -0.51682333
v -0.75706331 0.06262412 -0.54958038
v -0.80857732 0.06151760 -0.57360117
v -0.86329234 0.05586678 -0.58796258
v -0.91910572 0.04588882 -0.59211272
v -0.97387256 0.03196716 -0.58589209
v -1.02548821 0.01463681 -0.56953975
v -1.07196912 -0.00543624 -0.54368411
v -1.11152904 -0.02748059 -0.50931880
v -1.14264771 -0.05064910 -0.46776444
v -1.16412926 -0.07405140 -0.42061795
v -1.14622161 -0.14778571 -0.44937222
v -1.15732099 -0.17019113 -0.39831621
v -1.15769212 -0.19040729 -0.34518350
v -1.14732074 -0.20765730 -0.29201596
v -1.12660542 -0.22127825 -0.24085678
v -1.09634225 -0.23074670 -0.19367199
v -1.05769420 -0.23569877 -0.15227487
v -1.01214651 -0.23594417 -0.11825629
v -0.96144956 -0.23147345 -0.09292356
v -0.90755159 -0.22245844 -0.07725021
v -0.85252387 -0.20924556 -0.07183855
v -0.79848109 -0.19234259 -0.07689655
v -0.74750008 -0.17239909 -0.09222984
v -0.70154002 -0.15018149 -0.11724916
v -0.66236712 -0.12654359 -0.15099304
v -0.63148677 -0.10239378 -0.19216472
v -0.61008570 -0.07866013 -0.23918199
v -0.59898632 -0.05625471 -0.29023801
v -0.59861519 -0.03603855 -0.34337072
v -0.60898657 -0.01878854 -0.39653826
v -0.62970189 -0.00516759 -0.44769743
v -0.65996507 0.00430086 -0.49488222
v -0.69861311 0.00925293 -0.53627934
v -0.74416080 0.00949832 -0.57029792
v -0.79485775 0.00502761 -0.59563065
v -0.84875573 -0.00398741 -0.61130400
v -0.90378344 -0.01720028 -0.61671566
v -0.95782622 -0.03410325 -0.61165766
v -1.00880723 -0.05404675 -0.59632437
v -1.05476729 -0.07626435 -0.57130505
v -1.09394019 -0.09990225 -0.53756117
v -1.12482054 -0.12405206 -0.49638949
v -1.14622161 -0.14778571 -0.44937222
v -1.12340568 -0.22088717 -0.47620221
v -1.13460758 -0.24296409 -0.42502563
v -1.13528236 -0.26220738 -0.37153585
v -1.12540408 -0.27787752 -0.31778846
v -1.10535236 -0.28937232 -0.26584894
v -1.07589778 -0.29625005 -0.21771329
v -1.03817225 -0.29824640 -0.17523135
v -0.99362556 -0.29528464 -0.14003567
v -0.94396960 -0.28747861 -0.11347879
v -0.89111263 -0.27512827 -0.09658130
v -0.83708591 -0.25870824 -0.08999254
v -0.78396565 -0.23884954 -0.09396572
v -0.73379324 -0.21631533 -0.10834815
v -0.68849678 -0.19197158 -0.13258713
v -0.64981697 -0.16675381 -0.16575116
v -0.61924028 -0.14163113 -0.20656576
v -0.59794173 -0.11756898 -0.25346247
v -0.58673983 -0.09549206 -0.30463905
v -0.58606505 -0.07624877 -0.35812883
v -0.59594333 -0.06057863 -0.41187622
v -0.61599505 -0.04908382 -0.46381574
v -0.64544963 -0.04220609 -0.51195139
v -0.68317515 -0.04020975 -0.55443333
v -0.72772184 -0.04317150 -0.58962901
v -0.77737780 -0.05097754 -0.61618588
v -0.83023477 -0.06332788 -0.63308338
v -0.88426150 -0.07974791 -0.63967214
v -0.93738175 -0.09960661 -0.63569896
v -0.98755417 -0.12214082 -0.62131653
v -1.03285063 -0.14648457 -0.59707755
v -1.07153043 -0.17170234 -0.56391352
v -1.10210713 -0.19682502 -0.52309892
v -1.12340568 -0.22088717 -0.47620221
v -1.09577914 -0.29304276 -0.50099303
v -1.10710519 -0.31479543 -0.44970504
v -1.10814764 -0.33307843 -0.39588533
v -1.09886643 -0.34718914 -0.34160216
v -1.07961822 -0.35658531 -0.28894160
v -1.05114272 -0.36090585 -0.23992737
v -1.01453423 -0.35998471 -0.19644306
v -0.97119958 -0.35385731 -0.16015974
v -0.92280411 -0.34275910 -0.13247176
v -0.87120763 -0.32711659 -0.11444316
v -0.81839295 -0.30753091 -0.10676676
v -0.76638972 -0.28475473 -0.10973757
v -0.71719640 -0.25966333 -0.12324142
v -0.67270345 -0.23322094 -0.14675935
v -0.63462071 -0.20644375 -0.17938760
v -0.60441168 -0.18036077 -0.21987228
v -0.58323728 -0.15597437 -0.26665758
v -0.57191123 -0.13422170 -0.31794557
v -0.57086879 -0.11593871 -0.37176528
v -0.58015000 -0.10182799 -0.42604845
v -0.59939820 -0.09243182 -0.47870901
v -0.62787370 -0.08811129 -0.52772324
v -0.66448220 -0.08903242 -0.57120755
v -0.70781684 -0.09515983 -0.60749087
v -0.75621231 -0.10625804 -0.63517885
v -0.80780880 -0.12190054 -0.65320745
v -0.86062347 -0.14148622 -0.66088385
v -0.91262670 -0.16426240 -0.65791304
v -0.96182003 -0.18935381 -0.64440919
v -1.00631298 -0.21579619 -0.62089125
v -1.04439572 -0.24257339 -0.58826300
v -1.07460474 -0.26865636 -0.54777833
v -1.09577914 -0.29304276 -0.50099303
v -1.06346031 -0.36394350 -0.52363852
v -1.07493159 -0.38537756 -0.47224876
v -1.07640416 -0.40271696 -0.41812767
v -1.06782142 -0.41529537 -0.36335509
v -1.04951321 -0.42262940 -0.31003589
v -1.02218309 -0.42443722 -0.26021910
v -0.98688135 -0.42064934 -0.21581916
v -0.94496461 -0.41141133 -0.17854232
v -0.89804372 -0.39707821 -0.14982113
v -0.84792181 -0.37820079 -0.13075930
v -0.79652505 -0.35550451 -0.12208939
v -0.74582857 -0.32986159 -0.12414457
v -0.69778063 -0.30225746 -0.13684586
v -0.65422766 -0.27375294 -0.15970516
v -0.61684340 -0.24544344 -0.19184399
v -0.58706449 -0.21841687 -0.23202729
v -0.56603533 -0.19371186 -0.27871082
v -0.55456404 -0.17227780 -0.33010058
v -0.55309148 -0.15493840 -0.38422167
v -0.56167422 -0.14235999 -0.43899425
v -0.57998243 -0.13502595 -0.49231345
v -0.60731255 -0.13321814 -0.54213024
v -0.64261429 -0.13700602 -0.58653018
v -0.68453102 -0.14624403 -0.62380702
v -0.73145192 -0.16057715 -0.65252822
v -0.78157382 -0.17945457 -0.67159004
v -0.83297059 -0.20215085 -0.68025995
v -0.88366707 -0.22779377 -0.67820477
v -0.93171501 -0.25539790 -0.66550348
v -0.97526797 -0.28390242 -0.64264419
v -1.01265224 -0.31221192 -0.61050535
v -1.04243115 -0.33923849 -0.57032205
v -1.06346031 -0.36394350 -0.52363852
v -1.02658758 -0.43328577 -0.54404170
v -1.03822456 -0.45440822 -0.49256027
v -1.04018785 -0.47082478 -0.43816764
v -1.03240201 -0.48190456 -0.38295410
v -1.01516623 -0.48722179 -0.32904148
v -0.98914288 -0.48657211 -0.27850160
v -0.95533202 -0.47998050 -0.23327669
v -0.91503299 -0.46770027 -0.19510471
v -0.86979445 -0.45020334 -0.16545260
v -0.82135490 -0.42816211 -0.14545986
v -0.77157583 -0.40242361 -0.13589481
v -0.72237024 -0.37397695 -0.13712502
v -0.67562907 -0.34391534 -0.14910322
v -0.63314854 -0.31339401 -0.17136910
v -0.59656117 -0.28358588 -0.20306698
v -0.56727299 -0.25563647 -0.24297874
v -0.54640952 -0.23061985 -0.28957058
v -0.53477254 -0.20949740 -0.34105202
v -0.53280925 -0.19308084 -0.39544465
v -0.54059509 -0.18200105 -0.45065819
v -0.55783087 -0.17668383 -0.50457081
v -0.58385422 -0.17733351 -0.55511069
v -0.61766508 -0.18392512 -0.60033560
v -0.65796411 -0.19620535 -0.63850758
v -0.70320265 -0.21370228 -0.66815969
v -0.75164220 -0.23574351 -0.68815243
v -0.80142127 -0.26148201 -0.69771748
v -0.85062686 -0.28992866 -0.69648727
v -0.89736804 -0.31999028 -0.68450907
v -0.93984856 -0.35051161 -0.66224319
v -0.97643593 -0.38031974 -0.63054531
v -1.00572411 -0.40826915 -0.59063355
v -1.02658758 -0.43328577 -0.54404170
v -0.98531885 -0.50077265 -0.56211522
v -0.99714128 -0.52159183 -0.51055256
v -0.99965380 -0.53711023 -0.45591940
v -0.99275985 -0.54673149 -0.40031526
v -0.97672437 -0.55008587 -0.34587697
v -0.95216359 -0.54704446 -0.29469657
v -0.92002136 -0.53772413 -0.24874089
v -0.88153289 -0.52248308 -0.20977598
v -0.83817728 -0.50190700 -0.17929925
v -0.79162065 -0.47678661 -0.15848189
v -0.74365215 -0.44808729 -0.14812390
v -0.69611519 -0.41691192 -0.14862334
v -0.65083657 -0.38445857 -0.15996102
v -0.60955634 -0.35197439 -0.18170123
v -0.57386087 -0.32070774 -0.21300850
v -0.54512192 -0.29186017 -0.25267973
v -0.52444390 -0.26654028 -0.29919036
v -0.51262147 -0.24572110 -0.35075302
v -0.51010895 -0.23020270 -0.40538618
v -0.51700290 -0.22058144 -0.46099032
v -0.53303838 -0.21722707 -0.51542861
v -0.55759916 -0.22026848 -0.56660901
v -0.58974139 -0.22958880 -0.61256469
v -0.62822986 -0.24482985 -0.65152960
v -0.67158547 -0.26540593 -0.68200634
v -0.71814210 -0.29052632 -0.70282370
v -0.76611060 -0.31922564 -0.71318168
v -0.81364756 -0.35040101 -0.71268224
v -0.85892618 -0.38285436 -0.70134456
v -0.90020641 -0.41533854 -0.67960436
v -0.93590188 -0.44660519 -0.64829708
v -0.96464083 -0.47545276 -0.60862585
v -0.98531885 -0.50077265 -0.56211522
v -0.93983082 -0.56611514 -0.57778168
v -0.95185767 -0.58664069 -0.52614862
v -0.95497557 -0.60128947 -0.47130696
v -0.94906471 -0.60949855 -0.41536423
v -0.93435224 -0.61095245 -0.36047029
v -0.91140355 -0.60559530 -0.30873467
v -0.88110055 -0.59363297 -0.26214554
v -0.84460776 -0.57552518 -0.22249330
v -0.80332758 -0.55196778 -0.19130177
v -0.75884639 -0.52386608 -0.16976961
v -0.71287357 -0.49230001 -0.15872430
v -0.66717583 -0.45848264 -0.15859030
v -0.62350931 -0.42371355 -0.16937276
v -0.58355209 -0.38932889 -0.19065731
v -0.54883971 -0.35665006 -0.22162600
v -0.52070614 -0.32693287 -0.26108873
v -0.50023254 -0.30131935 -0.30752896
v -0.48820569 -0.28079380 -0.35916202
v -0.48508779 -0.26614502 -0.41400368
v -0.49099865 -0.25793594 -0.46994640
v -0.50571112 -0.25648204 -0.52484035
v -0.52865981 -0.26183919 -0.57657597
v -0.55896281 -0.27380152 -0.62316509
v -0.59545560 -0.29190932 -0.66281733
v -0.63673578 -0.31546672 -0.69400886
v -0.68121697 -0.34356841 -0.71554102
v -0.72718979 -0.37513448 -0.72658633
v -0.77288753 -0.40895185 -0.72672033
v -0.81655405 -0.44372094 -0.71593788
v -0.85651127 -0.47810560 -0.69465333
v -0.89122365 -0.51078443 -0.66368463
v -0.91935722 -0.54050162 -0.62422191
v -0.93983082 -0.56611514 -0.57778168
v -0.89031830 -0.62903344 -0.59097398
v -0.90256765 -0.64927625 -0.53928164
v -0.90634449 -0.66308768 -0.48426441
v -0.90150370 -0.66993697 -0.42803657
v -0.88823129 -0.66956090 -0.37275893
v -0.86703732 -0.66197392 -0.32055577
v -0.83873627 -0.64746761 -0.27343324
v -0.80441572 -0.62659942 -0.23320222
v -0.76539460 -0.60017131 -0.20140878
v -0.72317247 -0.56919891 -0.17927471
v -0.67937189 -0.53487245 -0.16765062
v -0.63567610 -0.49851109 -0.16698321
v -0.59376430 -0.46151218 -0.17729813
v -0.55524715 -0.42529755 -0.19819898
v -0.52160483 -0.39125893 -0.22888257
v -0.49413020 -0.36070439 -0.26816972
v -0.47387910 -0.33480812 -0.31455067
v -0.46162975 -0.31456532 -0.36624301
v -0.45785291 -0.30075389 -0.42126024
v -0.46269370 -0.29390460 -0.47748808
v -0.47596611 -0.29428067 -0.53276572
v -0.49716008 -0.30186765 -0.58496888
v -0.52546113 -0.31637396 -0.63209141
v -0.55978168 -0.33724215 -0.67232242
v -0.59880280 -0.36367025 -0.70411587
v -0.64102494 -0.39464266 -0.72624994
v -0.68482551 -0.42896912 -0.73787403
v -0.72852130 -0.46533048 -0.73854144
v -0.77043310 -0.50232939 -0.72822652
v -0.80895025 -0.53854401 -0.70732566
v -0.84259257 -0.57258264 -0.67664208
v -0.87006720 -0.60313718 -0.63735493
v -0.89031830 -0.62903344 -0.59097398
v -0.83699330 -0.68925813 -0.60163564
v -0.84948228 -0.70923030 -0.54989539
v -0.85396880 -0.72224022 -0.49473627
v -0.85028047 -0.72778793 -0.43827801
v -0.83855901 -0.72566024 -0.38269027
v -0.81925488 -0.71593890 -0.33010927
v -0.79310993 -0.69899751 -0.28255565
v -0.76112889 -0.67548711 -0.24185688
v -0.72454077 -0.64631119 -0.20957699
v -0.68475164 -0.61259098 -0.18695647
v -0.64329056 -0.57562231 -0.17486462
v -0.60175088 -0.53682587 -0.17376613
v -0.56172892 -0.49769259 -0.18370320
v -0.52476272 -0.45972634 -0.20429396
v -0.49227286 -0.42438614 -0.23474712
v -0.46550791 -0.39303009 -0.27389239
v -0.44549643 -0.36686320 -0.32022542
v -0.43300746 -0.34689103 -0.37196568
v -0.42852094 -0.33388110 -0.42712480
v -0.43220927 -0.32833339 -0.48358306
v -0.44393073 -0.33046109 -0.53917079
v -0.46323485 -0.34018242 -0.59175180
v -0.48937981 -0.35712382 -0.63930541
v -0.52136085 -0.38063422 -0.68000418
v -0.55794897 -0.40981013 -0.71228408
v -0.59773810 -0.44353035 -0.73490460
v -0.63919917 -0.48049902 -0.74699644
v -0.68073886 -0.51929545 -0.74809494
v -0.72076082 -0.55842873 -0.73815787
v -0.75772702 -0.59639498 -0.71756710
v -0.79021688 -0.63173518 -0.68711394
v -0.81698183 -0.66309123 -0.64796868
v -0.83699330 -0.68925813 -0.60163564
v -0.78008417 -0.74653130 -0.60972101
v -0.79282888 -0.76624610 -0.55794442
v -0.79807278 -0.77849380 -0.50267769
v -0.79561437 -0.78280372 -0.44604470
v -0.78554811 -0.77901024 -0.39022180
v -0.76826084 -0.76725914 -0.33735425
v -0.74441690 -0.74800201 -0.28947371
v -0.71493261 -0.72197889 -0.24842022
v -0.68094103 -0.69018983 -0.21577142
v -0.64374843 -0.65385647 -0.19278200
v -0.60478411 -0.61437508 -0.18033543
v -0.56554544 -0.57326291 -0.17891002
v -0.52754034 -0.53209987 -0.18856054
v -0.49222933 -0.49246784 -0.20891614
v -0.46096940 -0.45588985 -0.23919456
v -0.43496183 -0.42377158 -0.27823222
v -0.41520609 -0.39734731 -0.32452892
v -0.40246138 -0.37763251 -0.37630551
v -0.39721747 -0.36538481 -0.43157224
v -0.39967589 -0.36107489 -0.48820524
v -0.40974215 -0.36486836 -0.54402813
v -0.42702942 -0.37661946 -0.59689568
v -0.45087335 -0.39587659 -0.64477622
v -0.48035764 -0.42189971 -0.68582972
v -0.51434923 -0.45368877 -0.71847851
v -0.55154182 -0.49002213 -0.74146793
v -0.59050615 -0.52950352 -0.75391451
v -0.62974482 -0.57061570 -0.75533992
v -0.66774991 -0.61177874 -0.74568939
v -0.70306092 -0.65141077 -0.72533379
v -0.73432086 -0.68798876 -0.69505537
v -0.76032843 -0.72010703 -0.65601771
v -0.78008417 -0.74653130 -0.60972101
v -0.71983459 -0.80060771 -0.61519546
v -0.73285005 -0.82007950 -0.56339427
v -0.73889579 -0.83160752 -0.50805468
v -0.73773949 -0.83474874 -0.45130337
v -0.72942558 -0.82938246 -0.39532125
v -0.71427356 -0.81571490 -0.34225969
v -0.69286571 -0.79427128 -0.29415780
v -0.66602472 -0.76587569 -0.25286413
v -0.63478208 -0.73161934 -0.21996556
v -0.60033843 -0.69281870 -0.19672636
v -0.56401741 -0.65096483 -0.18403961
v -0.52721482 -0.60766618 -0.18239284
v -0.49134497 -0.56458667 -0.19184936
v -0.45778631 -0.52338183 -0.21204573
v -0.42782849 -0.48563514 -0.24220584
v -0.40262276 -0.45279719 -0.28117064
v -0.38313777 -0.42612991 -0.32744274
v -0.37012231 -0.40665812 -0.37924393
v -0.36407656 -0.39513011 -0.43458352
v -0.36523287 -0.39198888 -0.49133483
v -0.37354678 -0.39735516 -0.54731695
v -0.38869880 -0.41102273 -0.60037851
v -0.41010665 -0.43246634 -0.64848040
v -0.43694764 -0.46086193 -0.68977407
v -0.46819028 -0.49511828 -0.72267265
v -0.50263393 -0.53391893 -0.74591184
v -0.53895495 -0.57577279 -0.75859859
v -0.57575753 -0.61907145 -0.76024536
v -0.61162739 -0.66215096 -0.75078884
v -0.64518604 -0.70335579 -0.73059247
v -0.67514387 -0.74110248 -0.70043236
v -0.70034960 -0.77394044 -0.66146756
v -0.71983459 -0.80060771 -0.61519546
v -0.65650257 -0.85125580 -0.61803554
v -0.66980263 -0.87049999 -0.56622159
v -0.67669124 -0.88135395 -0.51084421
v -0.67690367 -0.88340057 -0.45403152
v -0.67043176 -0.87656119 -0.39796679
v -0.65752422 -0.86109866 -0.34480458
v -0.63867709 -0.83760718 -0.29658786
v -0.61461464 -0.80698953 -0.25516958
v -0.58626158 -0.77042231 -0.22214143
v -0.55470751 -0.72931080 -0.19877265
v -0.52116504 -0.68523487 -0.18596130
v -0.48692317 -0.63988835 -0.18419970
v -0.45329780 -0.59501388 -0.19355556
v -0.42158115 -0.55233595 -0.21366933
v -0.39299205 -0.51349465 -0.24376806
v -0.36862918 -0.47998264 -0.28269506
v -0.34942879 -0.45308776 -0.32895440
v -0.33612873 -0.43384357 -0.38076835
v -0.32924013 -0.42298961 -0.43614574
v -0.32902770 -0.42094300 -0.49295843
v -0.33549961 -0.42778237 -0.54902315
v -0.34840714 -0.44324490 -0.60218537
v -0.36725428 -0.46673638 -0.65040209
v -0.39131673 -0.49735404 -0.69182036
v -0.41966978 -0.53392125 -0.72484852
v -0.45122385 -0.57503277 -0.74821730
v -0.48476633 -0.61910869 -0.76102865
v -0.51900820 -0.66445521 -0.76279025
v -0.55263356 -0.70932969 -0.75343439
v -0.58435022 -0.75200762 -0.73332061
v -0.61293931 -0.79084891 -0.70322188
v -0.63730218 -0.82436092 -0.66429488
v -0.65650257 -0.85125580 -0.61803554
v -0.59035931 -0.89825868 -0.61822911
v -0.60395660 -0.91729165 -0.56641429
v -0.61172548 -0.92752007 -0.51103433
v -0.61336740 -0.92855086 -0.45421745
v -0.60881926 -0.92034441 -0.39814710
v -0.59825584 -0.90321610 -0.34497802
v -0.58208309 -0.87782414 -0.29675348
v -0.56092251 -0.84514435 -0.25532671
v -0.53558731 -0.80643258 -0.22228972
v -0.50705109 -0.76317652 -0.19891211
v -0.47641049 -0.71703845 -0.18609227
v -0.44484300 -0.66979146 -0.18432284
v -0.41356175 -0.62325120 -0.19367184
v -0.38376887 -0.57920620 -0.21377999
v -0.35660926 -0.53934908 -0.24387453
v -0.33312667 -0.50521152 -0.28279896
v -0.31422350 -0.47810543 -0.32905743
v -0.30062622 -0.45907246 -0.38087225
v -0.29285734 -0.44884404 -0.43625221
v -0.29121542 -0.44781325 -0.49306908
v -0.29576356 -0.45601969 -0.54913944
v -0.30632698 -0.47314801 -0.60230851
v -0.32249973 -0.49853996 -0.65053306
v -0.34366030 -0.53121976 -0.69195983
v -0.36899551 -0.56993152 -0.72499681
v -0.39753173 -0.61318759 -0.74837442
v -0.42817233 -0.65932565 -0.76119427
v -0.45973981 -0.70657265 -0.76296369
v -0.49102106 -0.75311291 -0.75361469
v -0.52081395 -0.79715791 -0.73350655
v -0.54797356 -0.83701503 -0.70341200
v -0.57145615 -0.87115258 -0.66448757
v -0.59035931 -0.89825868 -0.61822911
v -0.52168804 -0.94141508 -0.61577532
v -0.53559392 -0.96025411 -0.56397152
v -0.54427672 -0.96990818 -0.50862422
v -0.54740276 -0.97000627 -0.45186038
v -0.54485191 -0.96054463 -0.39586139
v -0.53672220 -0.94188685 -0.34277928
v -0.52332605 -0.91474995 -0.29465395
v -0.50517827 -0.88017677 -0.25333483
v -0.48297626 -0.83949595 -0.22040980
v -0.45757323 -0.79427083 -0.19714415
v -0.42994541 -0.74623939 -0.18443196
v -0.40115453 -0.69724744 -0.18276175
v -0.37230699 -0.64917772 -0.19219771
v -0.34451139 -0.60387752 -0.21237722
v -0.31883591 -0.56308770 -0.24252480
v -0.29626723 -0.52837580 -0.28148188
v -0.27767267 -0.50107577 -0.32775138
v -0.26376679 -0.48223673 -0.37955517
v -0.25508399 -0.47258266 -0.43490247
v -0.25195795 -0.47248457 -0.49166632
v -0.25450879 -0.48194621 -0.54766530
v -0.26263850 -0.50060399 -0.60074742
v -0.27603465 -0.52774090 -0.64887275
v -0.29418244 -0.56231407 -0.69019186
v -0.31638445 -0.60299489 -0.72311689
v -0.34178748 -0.64822001 -0.74638255
v -0.36941530 -0.69625146 -0.75909474
v -0.39820618 -0.74524340 -0.76076495
v -0.42705372 -0.79331313 -0.75132898
v -0.45484931 -0.83861332 -0.73114947
v -0.48052480 -0.87940314 -0.70100190
v -0.50309347 -0.91411504 -0.66204481
v -0.52168804 -0.94141508 -0.61577532
v -0.45078282 -0.98054019 -0.61068468
v -0.46500733 -0.99920341 -0.55890377
v -0.47463378 -1.00833677 -0.50362421
v -0.47929223 -1.00758930 -0.44697039
v -0.47880365 -0.99698970 -0.39111946
v -0.47318682 -0.97694533 -0.33821776
v -0.46265759 -0.94822647 -0.29029826
v -0.44762060 -0.91193678 -0.24920249
v -0.42865371 -0.86947084 -0.21650972
v -0.40648580 -0.82246060 -0.19347633
v -0.38196878 -0.77271263 -0.18098748
v -0.35604482 -0.72213873 -0.17952310
v -0.32971016 -0.67268242 -0.18913948
v -0.30397683 -0.62624427 -0.20946705
v -0.27983375 -0.58460888 -0.23972464
v -0.25820873 -0.54937628 -0.27874948
v -0.23993279 -0.52190042 -0.32504185
v -0.22570828 -0.50323721 -0.37682277
v -0.21608183 -0.49410384 -0.43210232
v -0.21142339 -0.49485132 -0.48875614
v -0.21191197 -0.50545091 -0.54460707
v -0.21752880 -0.52549528 -0.59750877
v -0.22805802 -0.55421414 -0.64542827
v -0.24309501 -0.59050384 -0.68652405
v -0.26206190 -0.63296978 -0.71921681
v -0.28422981 -0.67998002 -0.74225020
v -0.30874683 -0.72972798 -0.75473905
v -0.33467080 -0.78030188 -0.75620343
v -0.36100545 -0.82975820 -0.74658706
v -0.38673878 -0.87619635 -0.72625948
v -0.41088186 -0.91783173 -0.69600189
v -0.43250688 -0.95306434 -0.65697705
v -0.45078282 -0.98054019 -0.61068468
v -0.37794728 -1.01546648 -0.60297900
v -0.39249910 -1.03397275 -0.55123271
v -0.40309489 -1.04264129 -0.49605571
v -0.40932745 -1.04113899 -0.43956842
v -0.41095728 -1.02952357 -0.38394162
v -0.40792175 -1.00824141 -0.33131300
v -0.40033749 -0.97811037 -0.28370507
v -0.38849599 -0.94028837 -0.24294736
v -0.37285229 -0.89622888 -0.21060618
v -0.35400757 -0.84762510 -0.18792437
v -0.33268603 -0.79634483 -0.17577358
v -0.30970704 -0.74435874 -0.17462077
v -0.28595368 -0.69366464 -0.18451023
v -0.26233876 -0.64621067 -0.20506193
v -0.23976981 -0.60382045 -0.23548605
v -0.21911412 -0.56812303 -0.27461344
v -0.20116549 -0.54049022 -0.32094044
v -0.18661367 -0.52198396 -0.37268673
v -0.17601788 -0.51331541 -0.42786373
v -0.16978532 -0.51481771 -0.48435102
v -0.16815548 -0.52643313 -0.53997783
v -0.17119102 -0.54771529 -0.59260644
v -0.17877527 -0.57784633 -0.64021437
v -0.19061678 -0.61566834 -0.68097208
v -0.20626048 -0.65972782 -0.71331327
v -0.22510520 -0.70833161 -0.73599508
v -0.24642674 -0.75961188 -0.74814586
v -0.26940572 -0.81159796 -0.74929867
v -0.29315909 -0.86229207 -0.73940921
v -0.31677400 -0.90974604 -0.71885752
v -0.33934296 -0.95213625 -0.68843339
v -0.35999865 -0.98783368 -0.64930600
v -0.37794728 -1.01546648 -0.60297900
v -0.30349331 -1.04604439 -0.59269128
v -0.31837971 -1.06441324 -0.54099122
v -0.32996637 -1.07267484 -0.48595113
v -0.33780804 -1.07051169 -0.42968618
v -0.34160335 -1.05800691 -0.37435859
v -0.34120646 -1.03564107 -0.32209457
v -0.33663262 -1.00427367 -0.27490261
v -0.32805761 -0.96511014 -0.23459625
v -0.31581094 -0.91965551 -0.20272445
v -0.30036326 -0.86965657 -0.18051203
v -0.28230821 -0.81703477 -0.16881259
v -0.26233963 -0.76381232 -0.16807575
v -0.24122491 -0.71203454 -0.17832981
v -0.21977548 -0.66369121 -0.19918071
v -0.19881562 -0.62064015 -0.22982718
v -0.17915081 -0.58453577 -0.26909148
v -0.16153676 -0.55676556 -0.31546471
v -0.14665037 -0.53839670 -0.36716477
v -0.13506370 -0.53013511 -0.42220486
v -0.12722203 -0.53229826 -0.47846981
v -0.12342672 -0.54480303 -0.53379740
v -0.12382361 -0.56716887 -0.58606142
v -0.12839745 -0.59853628 -0.63325338
v -0.13697247 -0.63769981 -0.67355974
v -0.14921913 -0.68315444 -0.70543154
v -0.16466682 -0.73315338 -0.72764396
v -0.18272187 -0.78577518 -0.73934340
v -0.20269044 -0.83899763 -0.74008024
v -0.22380516 -0.89077541 -0.72982618
v -0.24525459 -0.93911874 -0.70897527
v -0.26621445 -0.98216980 -0.67832881
v -0.28587926 -1.01827418 -0.63906451
v -0.30349331 -1.04604439 -0.59269128
v -0.22773974 -1.07214297 -0.57986555
v -0.24296655 -1.09039455 -0.52822313
v -0.25556139 -1.09830881 -0.47335374
v -0.26504024 -1.09558161 -0.41736597
v -0.27103884 -1.08231777 -0.36241142
v -0.27332666 -1.05902699 -0.31060195
v -0.27181578 -1.02660434 -0.26392856
v -0.26656426 -0.98629579 -0.22418490
v -0.25777393 -0.93965039 -0.19289829
v -0.24578257 -0.88846068 -0.17127106
v -0.23105103 -0.83469387 -0.16013432
v -0.21414541 -0.78041617 -0.15991606
v -0.19571540 -0.72771345 -0.17062466
v -0.17646925 -0.67861105 -0.19184860
v -0.15714658 -0.63499595 -0.22277226
v -0.13848994 -0.59854424 -0.26220725
v -0.12121631 -0.57065674 -0.30863812
v -0.10598950 -0.55240517 -0.36028054
v -0.09339466 -0.54449091 -0.41514993
v -0.08391580 -0.54721810 -0.47113770
v -0.07791721 -0.56048195 -0.52609225
v -0.07562939 -0.58377272 -0.57790173
v -0.07714027 -0.61619538 -0.62457511
v -0.08239178 -0.65650392 -0.66431877
v -0.09118212 -0.70314933 -0.69560538
v -0.10317347 -0.75433903 -0.71723262
v -0.11790502 -0.80810585 -0.72836936
v -0.13481063 -0.86238354 -0.72858762
v -0.15324064 -0.91508626 -0.71787901
v -0.17248680 -0.96418866 -0.69665507
v -0.19180947 -1.00780377 -0.66573141
v -0.21046610 -1.04425548 -0.62629642
v -0.22773974 -1.07214297 -0.57986555
v -0.15101095 -1.09365047 -0.56455676
v -0.16658256 -1.11180540 -0.51298313
v -0.18019855 -1.11943343 -0.45831747
v -0.19133567 -1.11624141 -0.40266057
v -0.19956591 -1.10235202 -0.34815126
v -0.20457300 -1.07829902 -0.29688434
v -0.20616451 -1.04500675 -0.25082994
v -0.20427928 -1.00375462 -0.21175791
v -0.19898977 -0.95612791 -0.18116978
v -0.19049924 -0.90395690 -0.16024102
v -0.17913399 -0.84924650 -0.14977592
v -0.16533076 -0.79409919 -0.15017664
v -0.14962002 -0.74063424 -0.16142779
v -0.13260552 -0.69090630 -0.18309699
v -0.11494111 -0.64682637 -0.21435150
v -0.09730563 -0.61008843 -0.25399023
v -0.08037679 -0.58210428 -0.30048989
v -0.06480518 -0.56394936 -0.35206352
v -0.05118918 -0.55632133 -0.40672917
v -0.04005207 -0.55951335 -0.46238608
v -0.03182183 -0.57340274 -0.51689538
v -0.02681474 -0.59745574 -0.56816231
v -0.02522323 -0.63074801 -0.61421671
v -0.02710846 -0.67200014 -0.65328873
v -0.03239797 -0.71962685 -0.68387687
v -0.04088849 -0.77179785 -0.70480563
v -0.05225375 -0.82650826 -0.71527073
v -0.06605697 -0.88165557 -0.71487000
v -0.08176772 -0.93512052 -0.70361886
v -0.09878222 -0.98484846 -0.68194966
v -0.11644663 -1.02892839 -0.65069515
v -0.13408211 -1.06566633 -0.61105642
v -0.15101095 -1.09365047 -0.56455676
v -0.07363550 -1.11047480 -0.54683044
v -0.08955483 -1.12855412 -0.49533647
v -0.10420058 -1.13595824 -0.44090673
v -0.11700993 -1.13240261 -0.38563292
v -0.12749063 -1.11802389 -0.33163919
v -0.13523990 -1.09337464 -0.28100048
v -0.13995995 -1.05940211 -0.23566281
v -0.14146938 -1.01741184 -0.19736849
v -0.13971020 -0.96901751 -0.16758913
v -0.13475000 -0.91607888 -0.14746916
v -0.12677940 -0.86063035 -0.13778175
v -0.11610472 -0.80480277 -0.13889921
v -0.10313616 -0.75074158 -0.15077858
v -0.08837211 -0.70052430 -0.17296334
v -0.07237994 -0.65608077 -0.20460095
v -0.05577422 -0.61911891 -0.24447560
v -0.03919309 -0.59105917 -0.29105491
v -0.02327377 -0.57297985 -0.34254889
v -0.00862801 -0.56557573 -0.39697863
v 0.00418134 -0.56913135 -0.45225244
v 0.01466203 -0.58351007 -0.50624617
v 0.02241130 -0.60815933 -0.55688488
v 0.02713135 -0.64213186 -0.60222255
v 0.02864079 -0.68412212 -0.64051687
v 0.02688161 -0.73251645 -0.67029622
v 0.02192141 -0.78545508 -0.69041620
v 0.01395081 -0.84090362 -0.70010360
v 0.00327613 -0.89673119 -0.69898615
v -0.00969243 -0.95079239 -0.68710678
v -0.02445648 -1.00100966 -0.66492202
v -0.04044865 -1.04545320 -0.63328440
v -0.05705438 -1.08241505 -0.59340976
v -0.07363550 -1.11047480 -0.54683044
v 0.00405526 -1.12254390 -0.52676252
v -0.01221319 -1.14056898 -0.47535873
v -0.02789290 -1.14781248 -0.42119606
v -0.04238130 -1.14399602 -0.36635596
v -0.05512162 -1.12926627 -0.31294590
v -0.06562425 -1.10418929 -0.26301840
v -0.07348559 -1.06972876 -0.21849214
v -0.07840352 -1.02720900 -0.18107825
v -0.08018905 -0.97826400 -0.15221451
v -0.07877357 -0.92477471 -0.13301015
v -0.07421147 -0.86879667 -0.12420318
v -0.06667807 -0.81248110 -0.12613205
v -0.05646287 -0.75799218 -0.13872262
v -0.04395844 -0.70742387 -0.16149106
v -0.02964532 -0.66271950 -0.19356238
v -0.01407356 -0.62559703 -0.23370410
v 0.00215844 -0.59748304 -0.28037360
v 0.01842689 -0.57945796 -0.33177739
v 0.03410660 -0.57221446 -0.38594006
v 0.04859500 -0.57603092 -0.44078016
v 0.06133532 -0.59076067 -0.49419022
v 0.07183796 -0.61583766 -0.54411772
v 0.07969929 -0.65029818 -0.58864397
v 0.08461722 -0.69281794 -0.62605787
v 0.08640275 -0.74176294 -0.65492160
v 0.08498727 -0.79525224 -0.67412596
v 0.08042517 -0.85123027 -0.68293293
v 0.07289177 -0.90754584 -0.68100407
v 0.06267657 -0.96203476 -0.66841349
v 0.05017215 -1.01260307 -0.64564505
v 0.03585903 -1.05730744 -0.61357373
v 0.02028726 -1.09442992 -0.57343201
v 0.00405526 -1.12254390 -0.52676252
v 0.08172865 -1.12980609 -0.50443891
v 0.06511116 -1.14779855 -0.45313544
v 0.04839773 -1.15494539 -0.39926987
v 0.03223065 -1.15097198 -0.34491223
v 0.01723121 -1.13603101 -0.29215144
v 0.00397583 -1.11069665 -0.24301509
v -0.00702609 -1.07594250 -0.19939145
v -0.01535175 -1.03310412 -0.16295695
v -0.02068121 -0.98382778 -0.13511175
v -0.02280965 -0.93000714 -0.11692593
v -0.02165528 -0.87371049 -0.10909835
v -0.01726246 -0.81710129 -0.11192983
v -0.00980001 -0.76235499 -0.12531156
v 0.00044529 -0.71157547 -0.14872927
v 0.01307974 -0.66671415 -0.18128305
v 0.02761778 -0.62949502 -0.22172187
v 0.04350074 -0.60134840 -0.26849168
v 0.06011823 -0.58335595 -0.31979515
v 0.07683166 -0.57620911 -0.37366072
v 0.09299874 -0.58018252 -0.42801837
v 0.10799818 -0.59512349 -0.48077915
v 0.12125356 -0.62045785 -0.52991550
v 0.13225548 -0.65521200 -0.57353914
v 0.14058114 -0.69805038 -0.60997364
v 0.14591060 -0.74732672 -0.63781884
v 0.14803904 -0.80114736 -0.65600466
v 0.14688467 -0.85744400 -0.66383224
v 0.14249185 -0.91405321 -0.66100076
v 0.13502940 -0.96879950 -0.64761904
v 0.12478410 -1.01957903 -0.62420132
v 0.11214965 -1.06444035 -0.59164754
v 0.09761161 -1.10165948 -0.55120873
v 0.08172865 -1.12980609 -0.50443891
v 0.15905208 -1.13223029 -0.47995522
v 0.14208711 -1.15021184 -0.42876177
v 0.12434461 -1.15732643 -0.37522205
v 0.10650642 -1.15330062 -0.32139355
v 0.08925804 -1.13828915 -0.26934487
v 0.07326232 -1.11286888 -0.22107622
v 0.05913396 -1.07801670 -0.17844253
v 0.04741592 -1.03507197 -0.14308219
v 0.03855851 -0.98568502 -0.11635409
v 0.03290211 -0.93175378 -0.09928535
v 0.03066410 -0.87535078 -0.09253194
v 0.03193049 -0.81864356 -0.09635338
v 0.03665260 -0.76381135 -0.11060280
v 0.04464896 -0.71296131 -0.13473262
v 0.05561229 -0.66804760 -0.16781554
v 0.06912127 -0.63079621 -0.20858020
v 0.08465675 -0.60263870 -0.25546004
v 0.10162172 -0.58465714 -0.30665349
v 0.11936422 -0.57754256 -0.36019321
v 0.13720241 -0.58156836 -0.41402172
v 0.15445079 -0.59657984 -0.46607039
v 0.17044651 -0.62200011 -0.51433904
v 0.18457486 -0.65685228 -0.55697273
v 0.19629290 -0.69979702 -0.59233307
v 0.20515031 -0.74918396 -0.61906118
v 0.21080671 -0.80311521 -0.63612991
v 0.21304472 -0.85951821 -0.64288332
v 0.21177834 -0.91622543 -0.63906189
v 0.20705623 -0.97105764 -0.62481246
v 0.19905986 -1.02190767 -0.60068264
v 0.18809653 -1.06682139 -0.56759972
v 0.17458756 -1.10407277 -0.52683506
v 0.15905208 -1.13223029 -0.47995522
v 0.23569441 -1.12980609 -0.45341629
v 0.21838503 -1.14779855 -0.40234210
v 0.19962253 -1.15494539 -0.34915557
v 0.18012794 -1.15097198 -0.29590063
v 0.16065043 -1.13603101 -0.24462383
v 0.14193851 -1.11069665 -0.19729572
v 0.12471126 -1.07594250 -0.15573509
v 0.10963072 -1.03310412 -0.12153908
v 0.09727643 -0.98382778 -0.09602184
v 0.08812315 -0.93000714 -0.08016397
v 0.08252265 -0.87371049 -0.07457489
v 0.08069013 -0.81710129 -0.07946938
v 0.08269604 -0.76235499 -0.09465934
v 0.08846327 -0.71157547 -0.11956105
v 0.09777021 -0.66671415 -0.15321752
v 0.11025918 -0.62949502 -0.19433538
v 0.12545025 -0.60134840 -0.24133448
v 0.14275963 -0.58335595 -0.29240867
v 0.16152213 -0.57620911 -0.34559520
v 0.18101672 -0.58018252 -0.39885014
v 0.20049423 -0.59512349 -0.45012694
v 0.21920616 -0.62045785 -0.49745505
v 0.23643340 -0.65521200 -0.53901568
v 0.25151394 -0.69805038 -0.57321169
v 0.26386823 -0.74732672 -0.59872893
v 0.27302151 -0.80114736 -0.61458680
v 0.27862202 -0.85744400 -0.62017588
v 0.28045453 -0.91405321 -0.61528139
v 0.27844863 -0.96879950 -0.60009143
v 0.27268139 -1.01957903 -0.57518972
v 0.26337446 -1.06444035 -0.54153325
v 0.25088548 -1.10165948 -0.50041539
v 0.23569441 -1.12980609 -0.45341629
v 0.31132747 -1.12254390 -0.42493576
v 0.29367821 -1.14056898 -0.37398956
v 0.27390914 -1.14781248 -0.32118206
v 0.25277997 -1.14399602 -0.26854264
v 0.23110268 -1.12926627 -0.21809420
v 0.20971032 -1.10418929 -0.17177544
v 0.18942499 -1.06972876 -0.13136636
v 0.17102623 -1.02720900 -0.09841987
v 0.15522111 -0.97826400 -0.07420208
v 0.14261700 -0.92477471 -0.05964366
v 0.13369828 -0.86879667 -0.05530410
v 0.12880768 -0.81248110 -0.06135014
v 0.12813315 -0.75799218 -0.07754946
v 0.13170061 -0.70742387 -0.10327951
v 0.13937296 -0.66271950 -0.13755151
v 0.15085536 -0.62559703 -0.17904840
v 0.16570656 -0.59748304 -0.22617549
v 0.18335581 -0.57945796 -0.27712169
v 0.20312488 -0.57221446 -0.32992919
v 0.22425405 -0.57603092 -0.38256861
v 0.24593134 -0.59076067 -0.43301705
v 0.26732370 -0.61583766 -0.47933581
v 0.28760904 -0.65029818 -0.51974489
v 0.30600779 -0.69281794 -0.55269138
v 0.32181291 -0.74176294 -0.57690917
v 0.33441702 -0.79525224 -0.59146758
v 0.34333575 -0.85123027 -0.59580715
v 0.34822635 -0.90754584 -0.58976111
v 0.34890088 -0.96203476 -0.57356179
v 0.34533342 -1.01260307 -0.54783174
v 0.33766106 -1.05730744 -0.51355974
v 0.32617866 -1.09442992 -0.47206285
v 0.31132747 -1.12254390 -0.42493576
v 0.38562737 -1.11047480 -0.39463559
v 0.36764423 -1.12855412 -0.34382555
v 0.34688633 -1.13595824 -0.29142131
v 0.32415139 -1.13240261 -0.23943673
v 0.30031310 -1.11802389 -0.18986957
v 0.27628755 -1.09337464 -0.14462464
v 0.25299804 -1.05940211 -0.10544070
v 0.23133955 -1.01741184 -0.07382356
v 0.21214442 -0.96901751 -0.05098824
v 0.19615031 -0.91607888 -0.03781230
v 0.18397186 -0.86063035 -0.03480208
v 0.17607708 -0.80480277 -0.04207326
v 0.17276936 -0.75074158 -0.05934641
v 0.17417581 -0.70052430 -0.08595774
v 0.18024240 -0.65608077 -0.12088459
v 0.19073597 -0.61911891 -0.16278473
v 0.20525328 -0.59105917 -0.21004798
v 0.22323642 -0.57297985 -0.26085802
v 0.24399432 -0.56557573 -0.31326226
v 0.26672926 -0.56913135 -0.36524684
v 0.29056755 -0.58351007 -0.41481400
v 0.31459310 -0.60815933 -0.46005893
v 0.33788262 -0.64213186 -0.49924287
v 0.35954110 -0.68412212 -0.53086001
v 0.37873623 -0.73251645 -0.55369533
v 0.39473034 -0.78545508 -0.56687127
v 0.40690879 -0.84090362 -0.56988149
v 0.41480358 -0.89673119 -0.56261031
v 0.41811130 -0.95079239 -0.54533716
v 0.41670484 -1.00100966 -0.51872583
v 0.41063825 -1.04545320 -0.48379898
v 0.40014468 -1.08241505 -0.44189884
v 0.38562737 -1.11047480 -0.39463559
v 0.45827596 -1.09365047 -0.36264553
v 0.43996635 -1.11180540 -0.31197925
v 0.41824160 -1.11943343 -0.26000075
v 0.39393658 -1.11624141 -0.20870754
v 0.36798532 -1.10235202 -0.16007080
v 0.34138510 -1.07829902 -0.11595960
v 0.31515817 -1.04500675 -0.07806912
v 0.29031241 -1.00375462 -0.04785547
v 0.26780262 -0.95612791 -0.02647973
v 0.24849384 -0.90395690 -0.01476336
v 0.23312811 -0.84924650 -0.01315663
v 0.22229591 -0.79409919 -0.02172127
v 0.21641353 -0.74063424 -0.04012815
v 0.21570701 -0.69090630 -0.06766991
v 0.22020351 -0.64682637 -0.10328812
v 0.22973024 -0.61008843 -0.14561401
v 0.24392108 -0.58210428 -0.19302101
v 0.26223069 -0.56394936 -0.24368730
v 0.28395543 -0.55632133 -0.29566580
v 0.30826046 -0.55951335 -0.34695900
v 0.33421172 -0.57340274 -0.39559574
v 0.36081193 -0.59745574 -0.43970694
v 0.38703887 -0.63074801 -0.47759742
v 0.41188463 -0.67200014 -0.50781108
v 0.43439442 -0.71962685 -0.52918682
v 0.45370320 -0.77179785 -0.54090318
v 0.46906893 -0.82650826 -0.54250991
v 0.47990113 -0.88165557 -0.53394527
v 0.48578351 -0.93512052 -0.51553839
v 0.48649003 -0.98484846 -0.48799664
v 0.48199353 -1.02892839 -0.45237842
v 0.47246680 -1.06566633 -0.41005253
v 0.45827596 -1.09365047 -0.36264553
v 0.52896214 -1.07214297 -0.32910257
v 0.51033489 -1.09039455 -0.27858702
v 0.48766940 -1.09830881 -0.22705493
v 0.46183671 -1.09558161 -0.17648665
v 0.43382955 -1.08231777 -0.12882550
v 0.40472422 -1.05902699 -0.08590307
v 0.37563922 -1.02660434 -0.04936884
v 0.34769227 -0.98629579 -0.02062680
v 0.32195735 -0.93965039 -0.00078149
v 0.29942345 -0.88846068 0.00940445
v 0.28095653 -0.83469387 0.00953956
v 0.26726627 -0.78041617 -0.00038133
v 0.25887876 -0.72771345 -0.01997697
v 0.25611635 -0.67861105 -0.04849432
v 0.25908518 -0.63499595 -0.08483746
v 0.26767117 -0.59854424 -0.12760976
v 0.28154437 -0.57065674 -0.17516750
v 0.30017162 -0.55240517 -0.22568305
v 0.32283711 -0.54449091 -0.27721514
v 0.34866980 -0.54721810 -0.32778341
v 0.37667696 -0.56048195 -0.37544456
v 0.40578229 -0.58377272 -0.41836700
v 0.43486729 -0.61619538 -0.45490123
v 0.46281424 -0.65650392 -0.48364327
v 0.48854916 -0.70314933 -0.50348858
v 0.51108306 -0.75433903 -0.51367451
v 0.52954997 -0.80810585 -0.51380963
v 0.54324024 -0.86238354 -0.50388874
v 0.55162774 -0.91508626 -0.48429310
v 0.55439016 -0.96418866 -0.45577575
v 0.55142133 -1.00780377 -0.41943260
v 0.54283533 -1.04425548 -0.37666030
v 0.52896214 -1.07214297 -0.32910257
v 0.59738323 -1.04604439 -0.29415034
v 0.57844850 -1.06441324 -0.24379185
v 0.55487243 -1.07267484 -0.19272493
v 0.52756102 -1.07051169 -0.14291204
v 0.49756384 -1.05800691 -0.09626747
v 0.46603367 -1.03564107 -0.05458375
v 0.43418218 -1.00427367 -0.01946275
v 0.40323342 -0.96511014 0.00774585
v 0.37437673 -0.91965551 0.02599643
v 0.34872105 -0.86965657 0.03458764
v 0.32725232 -0.81703477 0.03318931
v 0.31079557 -0.76381232 0.02185519
v 0.29998323 -0.71203454 0.00102084
v 0.29523080 -0.66369121 -0.02851309
v 0.29672091 -0.62064015 -0.06561162
v 0.30439632 -0.58453577 -0.10884909
v 0.31796204 -0.55676556 -0.15656389
v 0.33689676 -0.53839670 -0.20692238
v 0.36047284 -0.53013511 -0.25798930
v 0.38778424 -0.53229826 -0.30780219
v 0.41778142 -0.54480303 -0.35444675
v 0.44931160 -0.56716887 -0.39613048
v 0.48116308 -0.59853628 -0.43125148
v 0.51211184 -0.63769981 -0.45846008
v 0.54096853 -0.68315444 -0.47671066
v 0.56662421 -0.73315338 -0.48530186
v 0.58809294 -0.78577518 -0.48390354
v 0.60454969 -0.83899763 -0.47256942
v 0.61536204 -0.89077541 -0.45173507
v 0.62011447 -0.93911874 -0.42220114
v 0.61862435 -0.98216980 -0.38510260
v 0.61094895 -1.01827418 -0.34186514
v 0.59738323 -1.04604439 -0.29415034
v 0.66324622 -1.01546648 -0.25793851
v 0.64401553 -1.03397275 -0.20774275
v 0.61956291 -1.04264129 -0.15715776
v 0.59082807 -1.04113899 -0.10812748
v 0.55891528 -1.02952357 -0.06253613
v 0.52505092 -1.00824141 -0.02213575
v 0.49053638 -0.97811037 0.01152109
v 0.45669804 -0.94028837 0.03714098
v 0.42483629 -0.89622888 0.05373936
v 0.39617555 -0.84762510 0.06067837
v 0.37181724 -0.79634483 0.05769134
v 0.35269743 -0.74435874 0.04489306
v 0.33955090 -0.69366464 0.02277536
v 0.33288286 -0.64621067 -0.00781179
v 0.33294954 -0.60382045 -0.04569293
v 0.33974840 -0.56812303 -0.08941232
v 0.35301815 -0.54049022 -0.13728985
v 0.37224885 -0.52198396 -0.18748561
v 0.39670147 -0.51331541 -0.23807061
v 0.42543630 -0.51481771 -0.28710088
v 0.45734910 -0.52643313 -0.33269223
v 0.49121346 -0.54771529 -0.37309261
v 0.52572799 -0.57784633 -0.40674945
v 0.55956633 -0.61566834 -0.43236934
v 0.59142809 -0.65972782 -0.44896773
v 0.62008883 -0.70833161 -0.45590673
v 0.64444714 -0.75961188 -0.45291970
v 0.66356694 -0.81159796 -0.44012142
v 0.67671347 -0.86229207 -0.41800372
v 0.68338152 -0.90974604 -0.38741657
v 0.68331483 -0.95213625 -0.34953543
v 0.67651597 -0.98783368 -0.30581604
v 0.66324622 -1.01546648 -0.25793851
v 0.72626910 -0.98054019 -0.22062215
v 0.70675519 -0.99920341 -0.17059408
v 0.68146383 -1.00833677 -0.12050571
v 0.65136694 -1.00758930 -0.07228192
v 0.61762113 -0.99698970 -0.02777591
v 0.58152324 -0.97694533 0.01130198
v 0.54446049 -0.94822647 0.04345000
v 0.50785717 -0.91193678 0.06743273
v 0.47311994 -0.86947084 0.08232851
v 0.44158372 -0.82246060 0.08756492
v 0.41446043 -0.77271263 0.08294072
v 0.39279242 -0.72213873 0.06863362
v 0.37741235 -0.67268242 0.04519343
v 0.36891130 -0.62624427 0.01352095
v 0.36761593 -0.58460888 -0.02516668
v 0.37357604 -0.54937628 -0.06938270
v 0.38656258 -0.52190042 -0.11742792
v 0.40607649 -0.50323721 -0.16745599
v 0.43136786 -0.49410384 -0.21754435
v 0.46146474 -0.49485132 -0.26576815
v 0.49521055 -0.50545091 -0.31027416
v 0.53130844 -0.52549528 -0.34935205
v 0.56837119 -0.55421414 -0.38150007
v 0.60497451 -0.59050384 -0.40548279
v 0.63971174 -0.63296978 -0.42037858
v 0.67124796 -0.67998002 -0.42561499
v 0.69837125 -0.72972798 -0.42099079
v 0.72003927 -0.78030188 -0.40668369
v 0.73541933 -0.82975820 -0.38324350
v 0.74392039 -0.87619635 -0.35157101
v 0.74521575 -0.91783173 -0.31288339
v 0.73925564 -0.95306434 -0.26866737
v 0.72626910 -0.98054019 -0.22062215
v 0.78618198 -0.94141508 -0.18236105
v 0.76639884 -0.96025411 -0.13250492
v 0.74031011 -0.96990818 -0.08292575
v 0.70891839 -0.97000627 -0.03552886
v 0.67343003 -0.96054463 0.00786434
v 0.63520882 -0.94188685 0.04558625
v 0.59572360 -0.91474995 0.07618725
v 0.55649175 -0.88017677 0.09849136
v 0.51902094 -0.83949595 0.11164145
v 0.48475113 -0.79427083 0.11513216
v 0.45499932 -0.74623939 0.10882935
v 0.43090883 -0.69724744 0.09297523
v 0.41340545 -0.64917772 0.06817907
v 0.40316184 -0.60387752 0.03539376
v 0.40057164 -0.56308770 -0.00412076
v 0.40573439 -0.52837580 -0.04884598
v 0.41845170 -0.50107577 -0.09706314
v 0.43823484 -0.48223673 -0.14691927
v 0.46432356 -0.47258266 -0.19649844
v 0.49571528 -0.47248457 -0.24389533
v 0.53120365 -0.48194621 -0.28728853
v 0.56942485 -0.50060399 -0.32501044
v 0.60891007 -0.52774090 -0.35561144
v 0.64814192 -0.56231407 -0.37791555
v 0.68561274 -0.60299489 -0.39106564
v 0.71988254 -0.64822001 -0.39455635
v 0.74963436 -0.69625146 -0.38825354
v 0.77372485 -0.74524340 -0.37239942
v 0.79122822 -0.79331313 -0.34760326
v 0.80147184 -0.83861332 -0.31481795
v 0.80406204 -0.87940314 -0.27530343
v 0.79889928 -0.91411504 -0.23057821
v 0.78618198 -0.94141508 -0.18236105
v 0.84272830 -0.89825868 -0.14331905
v 0.82269106 -0.91729165 -0.09363837
v 0.79584978 -0.92752007 -0.04457880
v 0.76323598 -0.92855086 0.00197432
v 0.72610297 -0.92034441 0.04423199
v 0.68587777 -0.90321610 0.08057025
v 0.64410620 -0.87782414 0.10959266
v 0.60239352 -0.84514435 0.13018390
v 0.56234272 -0.80643258 0.14155266
v 0.52549294 -0.76317652 0.14326204
v 0.49326028 -0.71703845 0.13524635
v 0.46688345 -0.66979146 0.11781364
v 0.44737607 -0.62325120 0.09163383
v 0.43548781 -0.57920620 0.05771300
v 0.43167553 -0.53934908 0.01735470
v 0.43608573 -0.50521152 -0.02789012
v 0.44854894 -0.47810543 -0.07628272
v 0.46858618 -0.45907246 -0.12596341
v 0.49542746 -0.44884404 -0.17502298
v 0.52804126 -0.44781325 -0.22157610
v 0.56517426 -0.45601969 -0.26383376
v 0.60539947 -0.47314801 -0.30017203
v 0.64717104 -0.49853996 -0.32919444
v 0.68888372 -0.53121976 -0.34978568
v 0.72893452 -0.56993152 -0.36115443
v 0.76578430 -0.61318759 -0.36286381
v 0.79801696 -0.65932565 -0.35484813
v 0.82439379 -0.70657265 -0.33741542
v 0.84390117 -0.75311291 -0.31123561
v 0.85578943 -0.79715791 -0.27731477
v 0.85960171 -0.83701503 -0.23695647
v 0.85519150 -0.87115258 -0.19171166
v 0.84272830 -0.89825868 -0.14331905
v 0.89566594 -0.85125580 -0.10366334
v 0.87539080 -0.87049999 -0.05416086
v 0.84784500 -0.88135395 -0.00562905
v 0.81408711 -0.88340057 0.04006703
v 0.77541442 -0.87656119 0.08117131
v 0.73331311 -0.86109866 0.11610418
v 0.68940110 -0.83760718 0.14352318
v 0.64536591 -0.80698953 0.16237462
v 0.60289978 -0.77042231 0.17193405
v 0.56363466 -0.72931080 0.17183410
v 0.52907950 -0.68523487 0.16207862
v 0.50056223 -0.63988835 0.14304250
v 0.47917874 -0.59501388 0.11545729
v 0.46575080 -0.55233595 0.08038307
v 0.46079443 -0.51349465 0.03916773
v 0.46450011 -0.47998264 -0.00660484
v 0.47672542 -0.45308776 -0.05517565
v 0.49700056 -0.43384357 -0.10467813
v 0.52454635 -0.42298961 -0.15320994
v 0.55830425 -0.42094300 -0.19890602
v 0.59697693 -0.42778237 -0.24001030
v 0.63907825 -0.44324490 -0.27494317
v 0.68299026 -0.46673638 -0.30236217
v 0.72702545 -0.49735404 -0.32121361
v 0.76949158 -0.53392125 -0.33077304
v 0.80875669 -0.57503277 -0.33067309
v 0.84331186 -0.61910869 -0.32091761
v 0.87182913 -0.66445521 -0.30188149
v 0.89321262 -0.70932969 -0.27429628
v 0.90664056 -0.75200762 -0.23922207
v 0.91159693 -0.79084891 -0.19800673
v 0.90789125 -0.82436092 -0.15223415
v 0.89566594 -0.85125580 -0.10366334
v 0.94476819 -0.80060771 -0.06356373
v 0.92427240 -0.82007950 -0.01424145
v 0.89607312 -0.83160752 0.03375669
v 0.86125403 -0.83474874 0.07858614
v 0.82115321 -0.82938246 0.11852413
v 0.77731171 -0.81571490 0.15203587
v 0.73141434 -0.79427128 0.17783352
v 0.68522491 -0.76587569 0.19492568
v 0.64051844 -0.73161934 0.20265553
v 0.59901299 -0.69281870 0.20072599
v 0.56230359 -0.65096483 0.18921124
v 0.53180095 -0.60766618 0.16855376
v 0.50867728 -0.56458667 0.13954742
v 0.49382121 -0.52338183 0.10330692
v 0.48780364 -0.48563514 0.06122494
v 0.49085583 -0.45279719 0.01491870
v 0.50286049 -0.42612991 -0.03383231
v 0.52335628 -0.40665812 -0.08315459
v 0.55155556 -0.39513011 -0.13115273
v 0.58637465 -0.39198888 -0.17598218
v 0.62647547 -0.39735516 -0.21592017
v 0.67031697 -0.41102273 -0.24943191
v 0.71621434 -0.43246634 -0.27522955
v 0.76240378 -0.46086193 -0.29232172
v 0.80711024 -0.49511828 -0.30005156
v 0.84861570 -0.53391893 -0.29812203
v 0.88532510 -0.57577279 -0.28660728
v 0.91582774 -0.61907145 -0.26594980
v 0.93895141 -0.66215096 -0.23694346
v 0.95380748 -0.70335579 -0.20070295
v 0.95982505 -0.74110248 -0.15862098
v 0.95677285 -0.77394044 -0.11231473
v 0.94476819 -0.80060771 -0.06356373
v 0.98982481 -0.74653130 -0.02319193
v 0.96912654 -0.76624610 0.02594894
v 0.94032762 -0.77849380 0.07340978
v 0.90453477 -0.78280372 0.11736672
v 0.86312348 -0.77901024 0.15613050
v 0.81768518 -0.76725914 0.18821146
v 0.76996602 -0.74800201 0.21237674
v 0.72179984 -0.72197889 0.22769769
v 0.67503762 -0.69018983 0.23358554
v 0.63147642 -0.65385647 0.22981400
v 0.59279026 -0.61437508 0.21652803
v 0.56046584 -0.57326291 0.19423819
v 0.53574537 -0.53209987 0.16380108
v 0.51957883 -0.49246784 0.12638636
v 0.51258750 -0.45588985 0.08343188
v 0.51504005 -0.42377158 0.03658833
v 0.52684224 -0.39734731 -0.01234409
v 0.54754050 -0.37763251 -0.06148495
v 0.57633942 -0.36538481 -0.10894580
v 0.61213228 -0.36107489 -0.15290273
v 0.65354356 -0.36486836 -0.19166652
v 0.69898187 -0.37661946 -0.22374748
v 0.74670102 -0.39587659 -0.24791276
v 0.79486721 -0.42189971 -0.26323371
v 0.84162942 -0.45368877 -0.26912155
v 0.88519063 -0.49002213 -0.26535002
v 0.92387678 -0.52950352 -0.25206405
v 0.95620120 -0.57061570 -0.22977421
v 0.98092168 -0.61177874 -0.19933709
v 0.99708822 -0.65141077 -0.16192238
v 1.00407955 -0.68798876 -0.11896789
v 1.00162699 -0.72010703 -0.07212435
v 0.98982481 -0.74653130 -0.02319193
v 1.03064284 -0.68925813 0.01727919
v 1.00976115 -0.70923030 0.06623818
v 0.98041900 -0.72224022 0.11316041
v 0.94374398 -0.72778793 0.15624269
v 0.90114551 -0.72566024 0.19382937
v 0.85426062 -0.71593890 0.22447604
v 0.80489106 -0.69899751 0.24700494
v 0.75493408 -0.67548711 0.26055032
v 0.70630950 -0.64631119 0.26459163
v 0.66088594 -0.61259098 0.25897356
v 0.62040899 -0.57562231 0.24391202
v 0.58643416 -0.53682587 0.21998581
v 0.56026710 -0.49769259 0.18811439
v 0.54291337 -0.45972634 0.14952258
v 0.53503988 -0.42438614 0.10569343
v 0.53694921 -0.39303009 0.05831128
v 0.54856796 -0.36686320 0.00919699
v 0.56944965 -0.34689103 -0.03976201
v 0.59879181 -0.33388110 -0.08668424
v 0.63546682 -0.32833339 -0.12976651
v 0.67806529 -0.33046109 -0.16735320
v 0.72495019 -0.34018242 -0.19799986
v 0.77431975 -0.35712382 -0.22052877
v 0.82427672 -0.38063422 -0.23407415
v 0.87290130 -0.40981013 -0.23811546
v 0.91832487 -0.44353035 -0.23249739
v 0.95880181 -0.48049902 -0.21743585
v 0.99277664 -0.51929545 -0.19350963
v 1.01894371 -0.55842873 -0.16163822
v 1.03629743 -0.59639498 -0.12304641
v 1.04417092 -0.63173518 -0.07921726
v 1.04226160 -0.66309123 -0.03183511
v 1.03064284 -0.68925813 0.01727919
v 1.06704750 -0.62903344 0.05767631
v 1.04600222 -0.64927625 0.10645377
v 1.01617557 -0.66308768 0.15283837
v 0.97871378 -0.66993697 0.19504758
v 0.93505648 -0.66956090 0.23145932
v 0.88688141 -0.66197392 0.26067431
v 0.83603989 -0.64746761 0.28156984
v 0.78448574 -0.62659942 0.29334289
v 0.73420017 -0.60017131 0.29554104
v 0.68711561 -0.56919891 0.28807982
v 0.64504149 -0.53487245 0.27124595
v 0.60959471 -0.49851109 0.24568635
v 0.58213746 -0.46151218 0.21238326
v 0.56372491 -0.42529755 0.17261650
v 0.55506465 -0.39125893 0.12791429
v 0.55648947 -0.36070439 0.07999451
v 0.56794464 -0.33480812 0.03069868
v 0.58898992 -0.31456532 -0.01807878
v 0.61881657 -0.30075389 -0.06446338
v 0.65627836 -0.29390460 -0.10667259
v 0.69993566 -0.29428067 -0.14308433
v 0.74811073 -0.30186765 -0.17229932
v 0.79895225 -0.31637396 -0.19319485
v 0.85050639 -0.33724215 -0.20496790
v 0.90079197 -0.36367025 -0.20716605
v 0.94787653 -0.39464266 -0.19970482
v 0.98995065 -0.42896912 -0.18287095
v 1.02539743 -0.46533048 -0.15731136
v 1.05285468 -0.50232939 -0.12400827
v 1.07126723 -0.53854401 -0.08424151
v 1.07992749 -0.57258264 -0.03953930
v 1.07850266 -0.60313718 0.00838048
v 1.06704750 -0.62903344 0.05767631
v 1.09888290 -0.56611514 0.09782645
v 1.07769456 -0.58664069 0.14642349
v 1.04744422 -0.60128947 0.19227375
v 1.00929441 -0.60949855 0.23361523
v 0.96471118 -0.61095245 0.26885921
v 0.91540786 -0.60559530 0.29665128
v 0.86327914 -0.59363297 0.31592341
v 0.81032829 -0.57552518 0.32593497
v 0.75859019 -0.55196778 0.32630123
v 0.71005311 -0.52386608 0.31700812
v 0.66658229 -0.49230001 0.29841276
v 0.62984831 -0.45848264 0.27122976
v 0.60126281 -0.42371355 0.23650375
v 0.58192433 -0.38932889 0.19556923
v 0.57257604 -0.35665006 0.14999930
v 0.57357718 -0.32693287 0.10154517
v 0.58488929 -0.30131935 0.05206892
v 0.60607763 -0.28079380 0.00347188
v 0.63632796 -0.26614502 -0.04237838
v 0.67447778 -0.25793594 -0.08371986
v 0.71906101 -0.25648204 -0.11896384
v 0.76836433 -0.26183919 -0.14675591
v 0.82049305 -0.27380152 -0.16602804
v 0.87344390 -0.29190932 -0.17603960
v 0.92518200 -0.31546672 -0.17640586
v 0.97371908 -0.34356841 -0.16711275
v 1.01718989 -0.37513448 -0.14851738
v 1.05392388 -0.40895185 -0.12133439
v 1.08250938 -0.44372094 -0.08660838
v 1.10184785 -0.47810560 -0.04567386
v 1.11119615 -0.51078443 -0.00010393
v 1.11019500 -0.54050162 0.04835020
v 1.09888290 -0.56611514 0.09782645
v 1.12601272 -0.50077265 0.13755769
v 1.10470245 -0.52159183 0.18597618
v 1.07409106 -0.53711023 0.23129767
v 1.03535492 -0.54673149 0.27178049
v 0.98998263 -0.55008587 0.30586889
v 0.93971782 -0.54704446 0.33225288
v 0.88649215 -0.53772413 0.34991855
v 0.83235105 -0.52248308 0.35818700
v 0.77937513 -0.50190700 0.35674048
v 0.72960022 -0.47678661 0.34563459
v 0.68493915 -0.44808729 0.32529612
v 0.64710822 -0.41691192 0.29650666
v 0.61756124 -0.38445857 0.26037258
v 0.59743370 -0.35197439 0.21828249
v 0.58749908 -0.32070774 0.17185388
v 0.58813916 -0.29186017 0.12287098
v 0.59932935 -0.26654028 0.07321619
v 0.62063961 -0.24572110 0.02479770
v 0.65125100 -0.23020270 -0.02052380
v 0.68998715 -0.22058144 -0.06100661
v 0.73535944 -0.21722707 -0.09509501
v 0.78562424 -0.22026848 -0.12147901
v 0.83884991 -0.22958880 -0.13914467
v 0.89299101 -0.24482985 -0.14741312
v 0.94596693 -0.26540593 -0.14596661
v 0.99574184 -0.29052632 -0.13486072
v 1.04040291 -0.31922564 -0.11452224
v 1.07823384 -0.35040101 -0.08573279
v 1.10778082 -0.38285436 -0.04959870
v 1.12790836 -0.41533854 -0.00750861
v 1.13784298 -0.44660519 0.03892000
v 1.13720290 -0.47545276 0.08790289
v 1.12601272 -0.50077265 0.13755769
v 1.14832077 -0.43328577 0.17669988
v 1.12691026 -0.45440822 0.22494248
v 1.09600198 -0.47082478 0.26974304
v 1.05678371 -0.48190456 0.30937991
v 1.01076260 -0.48722179 0.34232987
v 0.95970719 -0.48657211 0.36732667
v 0.90557954 -0.47998050 0.38340969
v 0.85045973 -0.46770027 0.38996087
v 0.79646598 -0.45020334 0.38672845
v 0.74567325 -0.42816211 0.37383666
v 0.70003346 -0.40242361 0.35178092
v 0.66130054 -0.37397695 0.32140882
v 0.63096297 -0.34391534 0.28388754
v 0.61018660 -0.31339401 0.24065900
v 0.59976986 -0.28358588 0.19338445
v 0.60011305 -0.25563647 0.14388063
v 0.61120299 -0.23061985 0.09404994
v 0.63261350 -0.20949740 0.04580734
v 0.66352178 -0.19308084 0.00100678
v 0.70274005 -0.18200105 -0.03863010
v 0.74876117 -0.17668383 -0.07158006
v 0.79981657 -0.17733351 -0.09657685
v 0.85394422 -0.18392512 -0.11265987
v 0.90906403 -0.19620535 -0.11921105
v 0.96305778 -0.21370228 -0.11597864
v 1.01385052 -0.23574351 -0.10308685
v 1.05949030 -0.26148201 -0.08103111
v 1.09822322 -0.28992866 -0.05065900
v 1.12856079 -0.31999028 -0.01313772
v 1.14933716 -0.35051161 0.03009082
v 1.15975390 -0.38031974 0.07736537
v 1.15941071 -0.40826915 0.12686919
v 1.14832077 -0.43328577 0.17669988
v 1.16571154 -0.36394350 0.21508542
v 1.14422288 -0.38537756 0.26315552
v 1.11308315 -0.40271696 0.30744522
v 1.07348904 -0.41529537 0.34625251
v 1.02696211 -0.42262940 0.37808603
v 0.97529038 -0.42443722 0.40172244
v 0.92045956 -0.42064934 0.41625341
v 0.86457677 -0.41141133 0.42112052
v 0.80978955 -0.39707821 0.41613673
v 0.75820335 -0.37820079 0.40149356
v 0.71180059 -0.35550451 0.37775375
v 0.67236450 -0.32986159 0.34582959
v 0.64141060 -0.30225746 0.30694793
v 0.62012842 -0.27375294 0.26260295
v 0.60933583 -0.24544344 0.21449881
v 0.60944758 -0.21841687 0.16448413
v 0.62045937 -0.19371186 0.11448095
v 0.64194803 -0.17227780 0.06641085
v 0.67308775 -0.15493840 0.02212114
v 0.71268187 -0.14235999 -0.01668614
v 0.75920880 -0.13502595 -0.04851967
v 0.81088053 -0.13321814 -0.07215608
v 0.86571135 -0.13700602 -0.08668705
v 0.92159414 -0.14624403 -0.09155415
v 0.97638136 -0.16057715 -0.08657036
v 1.02796756 -0.17945457 -0.07192720
v 1.07437032 -0.20215085 -0.04818738
v 1.11380640 -0.22779377 -0.01626323
v 1.14476030 -0.25539790 0.02261844
v 1.16604248 -0.28390242 0.06696341
v 1.17683508 -0.31221192 0.11506755
v 1.17672333 -0.33923849 0.16508223
v 1.16571154 -0.36394350 0.21508542
v 1.17811055 -0.29304276 0.25254992
v 1.15656618 -0.31479543 0.30045167
v 1.12526143 -0.33307843 0.34424277
v 1.08539935 -0.34718914 0.38224038
v 1.03851180 -0.35658531 0.41298425
v 0.98640065 -0.36090585 0.43529292
v 0.93106850 -0.35998471 0.44830908
v 0.87464173 -0.35385731 0.45153252
v 0.81928880 -0.34275910 0.44483937
v 0.76713688 -0.32711659 0.42848685
v 0.72019014 -0.30753091 0.40310337
v 0.68025272 -0.28475473 0.36966441
v 0.64885940 -0.25966333 0.32945500
v 0.62721660 -0.23322094 0.28402038
v 0.61615604 -0.20644375 0.23510656
v 0.61610277 -0.18036077 0.18459328
v 0.62705884 -0.15597437 0.13442173
v 0.64860322 -0.13422170 0.08651999
v 0.67990796 -0.11593871 0.04272888
v 0.71977005 -0.10182799 0.00473128
v 0.76665759 -0.09243182 -0.02601259
v 0.81876875 -0.08811129 -0.04832126
v 0.87410090 -0.08903242 -0.06133742
v 0.93052766 -0.09515983 -0.06456086
v 0.98588060 -0.10625804 -0.05786772
v 1.03803252 -0.12190054 -0.04151519
v 1.08497926 -0.14148622 -0.01613172
v 1.12491667 -0.16426240 0.01730725
v 1.15631000 -0.18935381 0.05751665
v 1.17795280 -0.21579619 0.10295128
v 1.18901336 -0.24257339 0.15186510
v 1.18906663 -0.26865636 0.20237838
v 1.17811055 -0.29304276 0.25254992
v 1.18546472 -0.22088717 0.28893297
v 1.16388729 -0.24296409 0.33667122
v 1.13248468 -0.26220738 0.37997812
v 1.09246365 -0.27787752 0.41718941
v 1.04536221 -0.28937232 0.44687509
v 0.99299043 -0.29625005 0.46789434
v 0.93736092 -0.29824640 0.47943942
v 0.88061151 -0.29528464 0.48106664
v 0.82492303 -0.28747861 0.47271348
v 0.77243557 -0.27512827 0.45470095
v 0.72516619 -0.25870824 0.42772125
v 0.68493142 -0.23884954 0.39281121
v 0.65327747 -0.21631533 0.35131239
v 0.63142077 -0.19197158 0.30481956
v 0.62020127 -0.16675381 0.25511943
v 0.62005013 -0.14163113 0.20412195
v 0.63097316 -0.11756898 0.15378691
v 0.65255058 -0.09549206 0.10604866
v 0.68395320 -0.07624877 0.06274176
v 0.72397422 -0.06057863 0.02553047
v 0.77107566 -0.04908382 -0.00415521
v 0.82344744 -0.04220609 -0.02517446
v 0.87907695 -0.04020975 -0.03671954
v 0.93582636 -0.04317150 -0.03834676
v 0.99151484 -0.05097754 -0.02999361
v 1.04400230 -0.06332788 -0.01198107
v 1.09127168 -0.07974791 0.01499862
v 1.13150645 -0.09960661 0.04990867
v 1.16316040 -0.12214082 0.09140749
v 1.18501710 -0.14648457 0.13790032
v 1.19623660 -0.17170234 0.18760045
v 1.19638774 -0.19682502 0.23859793
v 1.18546472 -0.22088717 0.28893297
v 1.18774254 -0.14778571 0.32407877
v 1.16615488 -0.17019113 0.37165908
v 1.13472195 -0.19040729 0.41449824
v 1.09465170 -0.20765730 0.45094996
v 1.04748400 -0.22127825 0.47961342
v 0.99503149 -0.23074670 0.49938711
v 0.93930989 -0.23569877 0.50951113
v 0.88246054 -0.23594417 0.50959642
v 0.82666814 -0.23147345 0.49963970
v 0.77407675 -0.22245844 0.48002360
v 0.72670743 -0.20924556 0.45150197
v 0.68638057 -0.19234259 0.41517087
v 0.65464589 -0.17239909 0.37242648
v 0.63272294 -0.15018149 0.32491144
v 0.62145421 -0.12654359 0.27445174
v 0.62127276 -0.10239378 0.22298652
v 0.63218554 -0.07866013 0.17249354
v 0.65377320 -0.05625471 0.12491323
v 0.68520614 -0.03603855 0.08207407
v 0.72527639 -0.01878854 0.04562235
v 0.77244408 -0.00516759 0.01695888
v 0.82489659 0.00430086 -0.00281480
v 0.88061819 0.00925293 -0.01293882
v 0.93746754 0.00949832 -0.01302411
v 0.99325994 0.00502761 -0.00306739
v 1.04585133 -0.00398741 0.01654870
v 1.09322065 -0.01720028 0.04507034
v 1.13354752 -0.03410325 0.08140144
v 1.16528220 -0.05404675 0.12414583
v 1.18720514 -0.07626435 0.17166086
v 1.19847387 -0.09990225 0.22212056
v 1.19865533 -0.12405206 0.27358579
v 1.18774254 -0.14778571 0.32407877
v 1.18493426 -0.07405140 0.35783681
v 1.16335922 -0.09678817 0.40526542
v 1.13196367 -0.11798563 0.44765530
v 1.09195411 -0.13682919 0.48337744
v 1.04486809 -0.15259469 0.51105906
v 0.99251511 -0.16467628 0.52963636
v 0.93690705 -0.17260967 0.53839544
v 0.88018091 -0.17608998 0.53699967
v 0.82451664 -0.17498346 0.52550271
v 0.77205338 -0.16933264 0.50434638
v 0.72480727 -0.15935468 0.47434369
v 0.68459395 -0.14543303 0.43664764
v 0.65295879 -0.12810267 0.39270687
v 0.63111753 -0.10802962 0.34420998
v 0.61990949 -0.08598527 0.29302071
v 0.61976541 -0.06281676 0.24110621
v 0.63069082 -0.03941446 0.19046153
v 0.65226586 -0.01667769 0.14303292
v 0.68366141 0.00451977 0.10064303
v 0.72367097 0.02336333 0.06492089
v 0.77075699 0.03912883 0.03723927
v 0.82310997 0.05121042 0.01866197
v 0.87871803 0.05914381 0.00990290
v 0.93544417 0.06262412 0.01129866
v 0.99110844 0.06151760 0.02279562
v 1.04357170 0.05586678 0.04395196
v 1.09081781 0.04588882 0.07395465
v 1.13103113 0.03196716 0.11165069
v 1.16266629 0.01463681 0.15559147
v 1.18450756 -0.00543624 0.20408835
v 1.19571559 -0.02748059 0.25527763
v 1.19585967 -0.05064910 0.30719213
v 1.18493426 -0.07405140 0.35783681
v 1.17705192 -0.00000000 0.39006254
v 1.15551230 -0.02306953 0.43734633
v 1.12422165 -0.04525252 0.47930734
v 1.08438244 -0.06569648 0.51433302
v 1.03752568 -0.08361575 0.54107735
v 0.98545205 -0.09832172 0.55851257
v 0.93016270 -0.10924925 0.56596866
v 0.87378238 -0.11597838 0.56315907
v 0.81847775 -0.11825053 0.55019178
v 0.76637413 -0.11597838 0.52756511
v 0.71947383 -0.10924925 0.49614860
v 0.67957922 -0.09832172 0.45714956
v 0.64822342 -0.08361575 0.41206671
v 0.62661141 -0.06569648 0.36263254
v 0.61557373 -0.04525252 0.31074680
v 0.61553455 -0.02306953 0.25840342
v 0.62649538 -0.00000000 0.20761393
v 0.64803500 0.02306953 0.16033014
v 0.67932565 0.04525252 0.11836913
v 0.71916485 0.06569648 0.08334345
v 0.76602161 0.08361575 0.05659911
v 0.81809525 0.09832172 0.03916389
v 0.87338459 0.10924925 0.03170781
v 0.92976491 0.11597838 0.03451740
v 0.98506955 0.11825053 0.04748469
v 1.03717317 0.11597838 0.07011135
v 1.08407346 0.10924925 0.10152787
v 1.12396807 0.09832172 0.14052691
v 1.15532388 0.08361575 0.18560976
v 1.17693589 0.06569648 0.23504392
v 1.18797357 0.04525252 0.28692966
v 1.18801275 0.02306953 0.33927304
v 1.17705192 -0.00000000 0.39006254
v 0.12637999 0.17941460 -0.38136400
v 0.17037596 0.17847213 -0.36456089
v 0.21262046 0.17565380 -0.34391297
v 0.25270667 0.17098675 -0.31961909
v 0.29024853 0.16451592 -0.29191322
v 0.32488449 0.15630364 -0.26106218
v 0.35628099 0.14642899 -0.22736309
v 0.38413566 0.13498707 -0.19114048
v 0.40818026 0.12208807 -0.15274319
v 0.42818320 0.10785622 -0.11254102
v 0.44395186 0.09242858 -0.07092113
v 0.45533438 0.07595372 -0.02828435
v 0.46222113 0.05859030 0.01495872
v 0.46454579 0.04050556 0.05839160
v 0.46228597 0.02187364 0.10159604
v 0.45546345 0.00287399 0.14415593
v 0.44414391 -0.01631042 0.18566140
v 0.42843638 -0.03549482 0.22571275
v 0.40849213 -0.05449447 0.26392424
v 0.38450323 -0.07312639 0.29992788
v 0.35670070 -0.09121114 0.33337694
v 0.32535231 -0.10857455 0.36394928
v 0.29075995 -0.12504941 0.39135047
v 0.25325676 -0.14047705 0.41531664
v 0.21320393 -0.15470891 0.43561696
v 0.17098719 -0.16760790 0.45205594
v 0.12701309 -0.17904982 0.46447526
v 0.08170515 -0.18892447 0.47275532
v 0.03549969 -0.19713676 0.47681636
v -0.01115829 -0.20360758 0.47661930
v -0.05781946 -0.20827463 0.47216601
v -0.10403445 -0.21109297 0.46349939
v -0.14935817 -0.21203544 0.45070291
v 0.12637999 0.17941460 -0.38136400
v 0.16956939 0.18268287 -0.36284721
v 0.21101511 0.18403473 -0.34050211
v 0.25031799 0.18345715 -0.31454391
v 0.28709952 0.18095570 -0.28522259
v 0.32100548 0.17655447 -0.25282054
v 0.35170933 0.17029585 -0.21764980
v 0.37891539 0.16224010 -0.18004909
v 0.40236164 0.15246482 -0.14038052
v 0.42182227 0.14106414 -0.09902613
v 0.43710989 0.12814786 -0.05638417
v 0.44807725 0.11384036 -0.01286532
v 0.45461873 0.09827944 0.03111132
v 0.45667135 0.08161496 0.07512222
v 0.45421532 0.06400741 0.11874355
v 0.44727430 0.04562634 0.16155519
v 0.43591514 0.02664880 0.20314485
v 0.42024723 0.00725753 0.24311201
v 0.40042147 -0.01236071 0.28107175
v 0.37662878 -0.03201699 0.31665850
v 0.34909831 -0.05152200 0.34952954
v 0.31809518 -0.07068791 0.37936830
v 0.28391798 -0.08933013 0.40588743
v 0.24689584 -0.10726913 0.42883153
v 0.20738531 -0.12433215 0.44797963
v 0.16576691 -0.14035486 0.46314733
v 0.12244143 -0.15518296 0.47418855
v 0.07782613 -0.16867364 0.48099696
v 0.03235068 -0.18069698 0.48350699
v -0.01354698 -0.19113718 0.48169447
v -0.05942482 -0.19989371 0.47557686
v -0.10484101 -0.20688223 0.46521307
v -0.14935817 -0.21203544 0.45070291
v 0.12637999 0.17941460 -0.38136400
v 0.16834050 0.18685306 -0.36129256
v 0.20856916 0.19233494 -0.33740780
v 0.24667854 0.19580745 -0.30993972
v 0.28230162 0.19723716 -0.27915287
v 0.31509533 0.19661028 -0.24534375
v 0.34474386 0.19393286 -0.20883794
v 0.37096167 0.18923068 -0.16998702
v 0.39349627 0.18254903 -0.12916515
v 0.41213064 0.17395225 -0.08676546
v 0.42668532 0.16352314 -0.04319628
v 0.43702015 0.15136214 0.00112278
v 0.44303558 0.13758636 0.04576492
v 0.44467369 0.12232846 0.09030020
v 0.44191870 0.10573540 0.13429972
v 0.43479715 0.08796697 0.17733976
v 0.42337762 0.06919429 0.21900579
v 0.40777009 0.04959816 0.25889657
v 0.38812486 0.02936729 0.29662792
v 0.36463113 0.00869652 0.33183647
v 0.33751515 -0.01221509 0.36418314
v 0.30703808 -0.03316613 0.39335641
v 0.27349341 -0.05395484 0.41907532
v 0.23720421 -0.07438102 0.44109220
v 0.19851995 -0.09424794 0.45919501
v 0.15781319 -0.11336429 0.47320940
v 0.11547596 -0.13154595 0.48300041
v 0.07191599 -0.14861783 0.48847375
v 0.02755278 -0.16441552 0.48957671
v -0.01718643 -0.17878687 0.48629866
v -0.06187077 -0.19159349 0.47867118
v -0.10606990 -0.20271204 0.46676771
v -0.14935817 -0.21203544 0.45070291
v 0.12637999 0.17941460 -0.38136400
v 0.16670112 0.19094253 -0.35991193
v 0.20530617 0.20047451 -0.33465982
v 0.24182337 0.20791872 -0.30585087
v 0.27590104 0.21320349 -0.27376252
v 0.30721098 0.21627791 -0.23870380
v 0.33545166 0.21711238 -0.20101235
v 0.36035111 0.21569886 -0.16105116
v 0.38166954 0.21205097 -0.11920507
v 0.39920164 0.20620383 -0.07587708
v 0.41277856 0.19821375 -0.03148447
v 0.42226955 0.18815769 0.01354524
v 0.42758321 0.17613249 0.05877839
v 0.42866836 0.16225396 0.10377935
v 0.42551456 0.14665576 0.14811475
v 0.41815217 0.12948811 0.19135761
v 0.40665210 0.11091633 0.23309148
v 0.39112510 0.09111929 0.27291443
v 0.37172071 0.07028765 0.31044295
v 0.34862580 0.04862202 0.34531563
v 0.32206279 0.02633105 0.37719661
v 0.29228748 0.00362942 0.40577887
v 0.25958665 -0.01926424 0.43078714
v 0.22427520 -0.04212945 0.45198058
v 0.18669322 -0.06474601 0.46915509
v 0.14720263 -0.08689611 0.48214526
v 0.10618376 -0.10836643 0.49082600
v 0.06403163 -0.12895020 0.49511370
v 0.02115220 -0.14844919 0.49496707
v -0.02204159 -0.16667561 0.49038752
v -0.06513375 -0.18345393 0.48141916
v -0.10770929 -0.19862256 0.46814835
v -0.14935817 -0.21203544 0.45070291
v 0.12637999 0.17941460 -0.38136400
v 0.16466702 0.19491191 -0.35871859
v 0.20125757 0.20837503 -0.33228464
v 0.23579926 0.21967432 -0.30231672
v 0.26795942 0.22870093 -0.26910344
v 0.29742834 0.23536796 -0.23296466
v 0.32392222 0.23961118 -0.19424841
v 0.34718590 0.24138974 -0.15332757
v 0.36699534 0.24068651 -0.11059620
v 0.38315978 0.23750826 -0.06646586
v 0.39552353 0.23188559 -0.02136152
v 0.40396753 0.22387266 0.02428243
v 0.40841045 0.21354663 0.07002641
v 0.40880951 0.20100696 0.11542988
v 0.40516086 0.18637440 0.16005558
v 0.39749965 0.16978988 0.20347375
v 0.38589965 0.15141311 0.24526624
v 0.37047258 0.13142107 0.28503057
v 0.35136702 0.11000629 0.32238379
v 0.32876694 0.08737501 0.35696615
v 0.30289002 0.06374519 0.38844463
v 0.27398546 0.03934439 0.41651605
v 0.24233162 0.01440760 0.44091009
v 0.20823334 -0.01082502 0.46139180
v 0.17201902 -0.03611046 0.47776395
v 0.13403742 -0.06120522 0.48986885
v 0.09465432 -0.08586762 0.49758994
v 0.05424899 -0.10986015 0.50085284
v 0.01321058 -0.13295174 0.49962615
v -0.02806571 -0.15492001 0.49392167
v -0.06918236 -0.17555340 0.48379434
v -0.10974338 -0.19465319 0.46934169
v -0.14935817 -0.21203544 0.45070291
v 0.12637999 0.17941460 -0.38136400
v 0.16225781 0.19872296 -0.35772405
v 0.19646234 0.21596044 -0.33030513
v 0.22866420 0.23096102 -0.29937131
v 0.25855324 0.24358024 -0.26522050
v 0.28584163 0.25369657 -0.22818158
v 0.31026657 0.26121259 -0.18861126
v 0.33159282 0.26605591 -0.14689063
v 0.34961500 0.26817989 -0.10342147
v 0.36415955 0.26756407 -0.05862242
v 0.37508640 0.26421438 -0.01292492
v 0.38229032 0.25816309 0.03323094
v 0.38570193 0.24946846 0.07940065
v 0.38528837 0.23821424 0.12513958
v 0.38105363 0.22450881 0.17000723
v 0.37303849 0.20848416 0.21357150
v 0.36132013 0.19029461 0.25541285
v 0.34601142 0.17011535 0.29512832
v 0.32725978 0.14814070 0.33233543
v 0.30524581 0.12458230 0.36667585
v 0.28018151 0.09966702 0.39781887
v 0.25230826 0.07363482 0.42546456
v 0.22189449 0.04673639 0.44934668
v 0.18923312 0.01923079 0.46923524
v 0.15463868 -0.00861709 0.48493868
v 0.11844434 -0.03653906 0.49630579
v 0.08099867 -0.06426622 0.50322709
v 0.04266229 -0.09153154 0.50563592
v 0.00380440 -0.11807243 0.50350909
v -0.03520077 -0.14363331 0.49686707
v -0.07397758 -0.16796799 0.48577384
v -0.11215260 -0.19084213 0.47033623
v -0.14935817 -0.21203544 0.45070291
v 0.12637999 0.17941460 -0.38136400
v 0.15949667 0.20233899 -0.35693788
v 0.19096667 0.22315767 -0.32874037
v 0.22048691 0.24167014 -0.29704302
v 0.24777310 0.25769812 -0.26215110
v 0.27256244 0.27108724 -0.22440063
v 0.29461622 0.28170857 -0.18415518
v 0.31372203 0.28945981 -0.14180233
v 0.32969589 0.29426632 -0.09774996
v 0.34238394 0.29608180 -0.05242232
v 0.35166401 0.29488878 -0.00625593
v 0.35744671 0.29069874 0.04030459
v 0.35967636 0.28355203 0.08681083
v 0.35833148 0.27351748 0.13281493
v 0.35342503 0.26069173 0.17787384
v 0.34500425 0.24519830 0.22155360
v 0.33315025 0.22718640 0.26343358
v 0.31797719 0.20682949 0.30311042
v 0.29963118 0.18432362 0.34020204
v 0.27828892 0.15988553 0.37435121
v 0.25415593 0.13375059 0.40522905
v 0.22746464 0.10617047 0.43253821
v 0.19847209 0.07741079 0.45601567
v 0.16745751 0.04774853 0.47543534
v 0.13471957 0.01746935 0.49061019
v 0.10057356 -0.01313516 0.50139409
v 0.06534832 -0.04377024 0.50768317
v 0.02938310 -0.07414087 0.50941686
v -0.00697574 -0.10395456 0.50657849
v -0.04337805 -0.13292419 0.49919537
v -0.07947325 -0.16077076 0.48733861
v -0.11491373 -0.18722610 0.47112240
v -0.14935817 -0.21203544 0.45070291
v 0.12637999 0.17941460 -0.38136400
v 0.15641022 0.20572517 -0.35636765
v 0.18482349 0.22989741 -0.32760541
v 0.21134616 0.25169854 -0.29535426
v 0.23572280 0.27091860 -0.25992480
v 0.25771866 0.28737248 -0.22165824
v 0.27712190 0.30090173 -0.18092310
v 0.29374566 0.31137606 -0.13811168
v 0.30742984 0.31869458 -0.09363629
v 0.31804266 0.32278682 -0.04792525
v 0.32548191 0.32361338 -0.00141877
v 0.32967594 0.32116628 0.04543525
v 0.33058437 0.31546909 0.09218560
v 0.32819844 0.30657669 0.13838203
v 0.32254114 0.29457470 0.18357966
v 0.31366694 0.27957873 0.22734319
v 0.30166131 0.26173318 0.26925118
v 0.28663987 0.24120992 0.30890001
v 0.26874729 0.21820659 0.34590786
v 0.24815588 0.19294474 0.37991831
v 0.22506394 0.16566765 0.41060382
v 0.19969387 0.13663801 0.43766888
v 0.17229000 0.10613539 0.46085283
v 0.14311623 0.07445355 0.47993241
v 0.11245352 0.04189761 0.49472386
v 0.08059718 0.00878109 0.50508473
v 0.04785400 -0.02457708 0.51091525
v 0.01453931 -0.05785563 0.51215926
v -0.01902604 -0.09073408 0.50880479
v -0.05251881 -0.12289579 0.50088413
v -0.08561644 -0.15403102 0.48847357
v -0.11800018 -0.18383993 0.47169262
v -0.14935817 -0.21203544 0.45070291
v 0.12637999 0.17941460 -0.38136400
v 0.15302816 0.20884888 -0.35601887
v 0.17809194 0.23611476 -0.32691119
v 0.20132995 0.26094964 -0.29432129
v 0.22251840 0.28311436 -0.25856304
v 0.24145323 0.30239545 -0.21998079
v 0.25795209 0.31860724 -0.17894613
v 0.27185608 0.33159358 -0.13585423
v 0.28303130 0.34122941 -0.09112009
v 0.29137013 0.34742195 -0.04517453
v 0.29679226 0.35011154 0.00153997
v 0.29924547 0.34927228 0.04857353
v 0.29870613 0.34491227 0.09547318
v 0.29517945 0.33707348 0.14178726
v 0.28869938 0.32583142 0.18706973
v 0.27932834 0.31129434 0.23088451
v 0.26715656 0.29360225 0.27280963
v 0.25230127 0.27292552 0.31244133
v 0.23490554 0.24946330 0.34939794
v 0.21513689 0.22344154 0.38332353
v 0.19318571 0.19511083 0.41389140
v 0.16926340 0.16474402 0.44080715
v 0.14360034 0.13263355 0.46381158
v 0.11644369 0.09908867 0.48268313
v 0.08805498 0.06443244 0.49724006
v 0.05870760 0.02899861 0.50734219
v 0.02868419 -0.00687157 0.51289222
v -0.00172611 -0.04283265 0.51383671
v -0.03223044 -0.07853831 0.51016655
v -0.06253501 -0.11364468 0.50191709
v -0.09234798 -0.14781367 0.48916779
v -0.12138224 -0.18071621 0.47204141
v -0.14935817 -0.21203544 0.45070291
v 0.12637999 0.17941460 -0.38136400
v 0.14938307 0.21168005 -0.35589487
v 0.17083687 0.24174983 -0.32666439
v 0.19053477 0.26933435 -0.29395407
v 0.20828707 0.29416796 -0.25807893
v 0.22392281 0.31601149 -0.21938446
v 0.23729140 0.33465457 -0.17824331
v 0.24826409 0.34991767 -0.13505170
v 0.25673523 0.36165380 -0.09022557
v 0.26262321 0.36974992 -0.04419665
v 0.26587135 0.37412807 0.00259181
v 0.26644835 0.37474608 0.04968919
v 0.26434866 0.37159801 0.09664192
v 0.25959250 0.36471417 0.14299782
v 0.25222568 0.35416085 0.18831046
v 0.24231915 0.34003969 0.23214345
v 0.22996830 0.32248668 0.27407466
v 0.21529208 0.30167088 0.31370027
v 0.19843184 0.27779274 0.35063866
v 0.17954994 0.25108222 0.38453409
v 0.15882824 0.22179657 0.41506014
v 0.13646628 0.19021782 0.44192281
v 0.11267943 0.15665008 0.46486341
v 0.08769678 0.12141665 0.48366101
v 0.06175890 0.08485682 0.49813458
v 0.03511562 0.04732270 0.50814472
v 0.00802350 0.00917576 0.51359504
v -0.01925654 -0.02921662 0.51443304
v -0.04646177 -0.06748472 0.51065065
v -0.07333019 -0.10525997 0.50228431
v -0.09960305 -0.14217860 0.48941458
v -0.12502733 -0.17788504 0.47216541
v -0.14935817 -0.21203544 0.45070291
v 0.12637999 0.17941460 -0.38136400
v 0.14551006 0.21419141 -0.35599686
v 0.16312815 0.24674837 -0.32686740
v 0.17906457 0.27677192 -0.29425614
v 0.19316586 0.30397293 -0.25847714
v 0.20529621 0.32808944 -0.21987498
v 0.21533880 0.34888919 -0.17882142
v 0.22319691 0.36617187 -0.13571183
v 0.22879487 0.37977103 -0.09096137
v 0.23207876 0.38955571 -0.04500102
v 0.23301696 0.39543168 0.00172661
v 0.23160044 0.39734235 0.04877149
v 0.22784283 0.39526932 0.09568056
v 0.22178032 0.38923255 0.14200206
v 0.21347130 0.37929017 0.18728988
v 0.20299579 0.36553795 0.23110789
v 0.19045467 0.34810832 0.27303409
v 0.17596872 0.32716914 0.31266471
v 0.15967745 0.30292206 0.34961808
v 0.14173776 0.27560060 0.38353833
v 0.12232240 0.24546788 0.41409878
v 0.10161837 0.21281408 0.44100511
v 0.07982505 0.17795370 0.46399821
v 0.05715233 0.14122244 0.48285664
v 0.03381855 0.10297406 0.49739878
v 0.01004843 0.06357690 0.50748459
v -0.01392910 0.02341038 0.51301693
v -0.03788313 -0.01713867 0.51394252
v -0.06158298 -0.05767974 0.51025245
v -0.08480039 -0.09782241 0.50198225
v -0.10731178 -0.13718007 0.48921158
v -0.12890034 -0.17537368 0.47206341
v -0.14935817 -0.21203544 0.45070291
v 0.12637999 0.17941460 -0.38136400
v 0.14144642 0.21635878 -0.35632386
v 0.15504000 0.25106222 -0.32751825
v 0.16702982 0.28319072 -0.29522457
v 0.17730040 0.31243486 -0.25975383
v 0.18575283 0.33851301 -0.22144763
v 0.19230572 0.36117401 -0.18067489
v 0.19689595 0.38019963 -0.13782826
v 0.19947931 0.39540664 -0.09332039
v 0.20003094 0.40664859 -0.04757990
v 0.19854552 0.41381721 -0.00104730
v 0.19503734 0.41684347 0.04582926
v 0.18954021 0.41569822 0.09259835
v 0.18210705 0.41039249 0.13880956
v 0.17280945 0.40097738 0.18401783
v 0.16173696 0.38754356 0.22778781
v 0.14899621 0.37022041 0.26969794
v 0.13470990 0.34917475 0.30934462
v 0.11901561 0.32460927 0.34634604
v 0.10206449 0.29676055 0.38034583
v 0.08401978 0.26589678 0.41101657
v 0.06505528 0.23231520 0.43806289
v 0.04535360 0.19633922 0.46122430
v 0.02510451 0.15831531 0.48027776
v 0.00450299 0.11860966 0.49503977
v -0.01625253 0.07760466 0.50536816
v -0.03696218 0.03569520 0.51116346
v -0.05742652 -0.00671510 0.51236987
v -0.07744844 -0.04921781 0.50897576
v -0.09683515 -0.09140361 0.50101382
v -0.11539992 -0.13286621 0.48856073
v -0.13296398 -0.17320632 0.47173641
v -0.14935817 -0.21203544 0.45070291
v 0.12637999 0.17941460 -0.38136400
v 0.13723129 0.21816127 -0.35687272
v 0.14665033 0.25464985 -0.32861068
v 0.15454641 0.28852894 -0.29685005
v 0.16084347 0.31947225 -0.26189671
v 0.16548088 0.34718180 -0.22408727
v 0.16841396 0.37139071 -0.18378586
v 0.16961449 0.39186585 -0.14138061
v 0.16907088 0.40841004 -0.09727990
v 0.16678839 0.42086393 -0.05190845
v 0.16278898 0.42910759 -0.00570321
v 0.15711118 0.43306163 0.04089085
v 0.14980967 0.43268798 0.08742499
v 0.14095477 0.42799023 0.13345107
v 0.13063174 0.41901361 0.17852582
v 0.11894002 0.40584459 0.22221516
v 0.10599219 0.38860999 0.26409834
v 0.09191295 0.36747578 0.30377198
v 0.07683790 0.34264550 0.34085402
v 0.06091221 0.31435828 0.37498734
v 0.04428925 0.28288654 0.40584321
v 0.02712912 0.24853337 0.43312448
v 0.00959707 0.21162960 0.45656840
v -0.00813805 0.17253065 0.47594921
v -0.02590544 0.13161306 0.49108025
v -0.04353399 0.08927088 0.50181580
v -0.06085394 0.04591190 0.50805249
v -0.07769847 0.00195369 0.50973023
v -0.09390537 -0.04218042 0.50683288
v -0.10931856 -0.08606539 0.49938834
v -0.12378959 -0.12927858 0.48746830
v -0.13717911 -0.17140383 0.47118756
v -0.14935817 -0.21203544 0.45070291
v 0.12637999 0.17941460 -0.38136400
v 0.13290526 0.21958154 -0.35763815
v 0.13803994 0.25747671 -0.33013416
v 0.14173457 0.29273515 -0.29911692
v 0.14395357 0.32501733 -0.26488513
v 0.14467558 0.35401232 -0.22776847
v 0.14389363 0.37944091 -0.18812438
v 0.14161527 0.40105820 -0.14633467
v 0.13786242 0.41865600 -0.10280179
v 0.13267124 0.43206483 -0.05794499
v 0.12609172 0.44115557 -0.01219626
v 0.11818721 0.44584065 0.03400381
v 0.10903386 0.44607497 0.08021030
v 0.09871980 0.44185627 0.12597820
v 0.08734437 0.43322517 0.17086674
v 0.07501712 0.42026480 0.21444364
v 0.06185676 0.40309997 0.25628921
v 0.04799005 0.38189599 0.29600046
v 0.03355052 0.35685706 0.33319494
v 0.01867724 0.32822432 0.36751447
v 0.00351343 0.29627353 0.39862852
v -0.01179486 0.26131239 0.42623744
v -0.02710020 0.22367758 0.45007535
v -0.04225520 0.18373156 0.46991267
v -0.05711390 0.14185902 0.48555836
v -0.07153321 0.09846323 0.49686174
v -0.08537427 0.05396210 0.50371397
v -0.09850377 0.00878421 0.50604903
v -0.11079527 -0.03663535 0.50384445
v -0.12213039 -0.08185917 0.49712147
v -0.13239999 -0.12645173 0.48594481
v -0.14150514 -0.16998356 0.47042213
v -0.14935817 -0.21203544 0.45070291
v 0.12637999 0.17941460 -0.38136400
v 0.12851000 0.22060590 -0.35861278
v 0.12929174 0.25951556 -0.33207404
v 0.12871769 0.29576887 -0.30200335
v 0.12679336 0.32901668 -0.26869032
v 0.12353731 0.35893881 -0.23245578
v 0.11898087 0.38524708 -0.19364867
v 0.11316794 0.40768813 -0.15264273
v 0.10615449 0.42604585 -0.10983287
v 0.09800807 0.44014343 -0.06563138
v 0.08880713 0.44984511 -0.02046394
v 0.07864029 0.45505746 0.02523447
v 0.06760545 0.45573028 0.07102375
v 0.05580888 0.45185709 0.11646291
v 0.04336420 0.44347519 0.16111435
v 0.03039125 0.43066530 0.20454807
v 0.01701498 0.41355079 0.24634576
v 0.00336419 0.39229649 0.28610489
v -0.01042964 0.36710707 0.32344256
v -0.02423368 0.33822514 0.35799918
v -0.03791498 0.30592884 0.38944197
v -0.05134178 0.27052919 0.41746810
v -0.06438478 0.23236712 0.44180767
v -0.07691837 0.19181016 0.46222628
v -0.08882183 0.14924887 0.47852728
v -0.09998054 0.10509316 0.49055369
v -0.11028703 0.05976827 0.49818968
v -0.11964204 0.01371070 0.50136172
v -0.12795548 -0.03263599 0.50003926
v -0.13514728 -0.07882546 0.49423503
v -0.14114819 -0.12441287 0.48400494
v -0.14590040 -0.16895920 0.46944750
v -0.14935817 -0.21203544 0.45070291
v 0.12637999 0.17941460 -0.38136400
v 0.12408783 0.22122449 -0.35978722
v 0.12048999 0.26074678 -0.33441161
v 0.11562112 0.29760086 -0.30548155
v 0.10952810 0.33143181 -0.27327564
v 0.10226963 0.36191381 -0.23810406
v 0.09391560 0.38875330 -0.20030552
v 0.08454646 0.41169181 -0.16024404
v 0.07425245 0.43050842 -0.11830543
v 0.06313270 0.44502192 -0.07489360
v 0.05129430 0.45509254 -0.03042661
v 0.03885126 0.46062329 0.01466728
v 0.02592342 0.46156091 0.05995381
v 0.01263528 0.45789637 0.10499684
v -0.00088520 0.44966495 0.14936258
v -0.01450780 0.43694594 0.19262375
v -0.02810132 0.41986182 0.23436375
v -0.04153486 0.39857713 0.27418057
v -0.05467905 0.37329684 0.31169078
v -0.06740729 0.34426442 0.34653311
v -0.07959700 0.31175947 0.37837203
v -0.09113080 0.27609502 0.40690091
v -0.10189761 0.23761455 0.43184499
v -0.11179374 0.19668865 0.45296406
v -0.12072387 0.15371144 0.47005472
v -0.12860202 0.10909684 0.48295238
v -0.13535230 0.06327449 0.49153283
v -0.14090971 0.01668570 0.49571344
v -0.14522074 -0.03022087 0.49545394
v -0.14824385 -0.07699346 0.49075684
v -0.14994994 -0.12318165 0.48166737
v -0.15032257 -0.16834061 0.46827306
v -0.14935817 -0.21203544 0.45070291
v 0.12637999 0.17941460 -0.38136400
v 0.11968134 0.22143135 -0.36115017
v 0.11171945 0.26115851 -0.33712437
v 0.10257099 0.29821350 -0.30951800
v 0.09232407 0.33223944 -0.27859692
v 0.08107737 0.36290867 -0.24465891
v 0.06893921 0.38992580 -0.20803082
v 0.05602648 0.41303066 -0.16906538
v 0.04246353 0.43200073 -0.12813788
v 0.02838100 0.44665332 -0.08564244
v 0.01391449 0.45684731 -0.04198834
v -0.00079667 0.46248454 0.00240402
v -0.01561080 0.46351071 0.04710711
v -0.03038523 0.45991594 0.09169042
v -0.04497769 0.45173485 0.13572459
v -0.05924763 0.43904623 0.17878554
v -0.07305764 0.42197227 0.22045857
v -0.08627470 0.40067742 0.26034236
v -0.09877154 0.37536674 0.29805279
v -0.11042780 0.34628399 0.33322669
v -0.12113122 0.31370927 0.36552533
v -0.13077873 0.27795627 0.39463764
v -0.13927742 0.23936933 0.42028326
v -0.14654544 0.19832005 0.44221521
v -0.15251279 0.15520376 0.46022228
v -0.15712200 0.11043569 0.47413103
v -0.16032869 0.06444699 0.48380753
v -0.16210197 0.01768056 0.48915859
v -0.16242477 -0.02941323 0.49013266
v -0.16129398 -0.07638083 0.48672038
v -0.15872048 -0.12276992 0.47895460
v -0.15472906 -0.16813375 0.46691011
v -0.14935817 -0.21203544 0.45070291
v 0.12637999 0.17941460 -0.38136400
v 0.11533297 0.22122449 -0.36268849
v 0.10306458 0.26074678 -0.34018620
v 0.08969298 0.29760086 -0.31407385
v 0.07534694 0.33143181 -0.28460292
v 0.06016462 0.36191381 -0.25205721
v 0.04429224 0.38875330 -0.21675017
v 0.02788265 0.41169181 -0.17902182
v 0.01109389 0.43050842 -0.13923551
v -0.00591235 0.44502192 -0.09777440
v -0.02297231 0.45509254 -0.05503778
v -0.03992167 0.46062329 -0.01143723
v -0.05659721 0.46156091 0.03260735
v -0.07283834 0.45789637 0.07667179
v -0.08848863 0.44966495 0.12033173
v -0.10339739 0.43694594 0.16316669
v -0.11742101 0.41986182 0.20476415
v -0.13042445 0.39857713 0.24472351
v -0.14228248 0.37329684 0.28265993
v -0.15288090 0.34426442 0.31820807
v -0.16211763 0.31175947 0.35102557
v -0.16990374 0.27609502 0.38079639
v -0.17616422 0.23761455 0.40723383
v -0.18083879 0.19668865 0.43008326
v -0.18388243 0.15371144 0.44912464
v -0.18526583 0.10909684 0.46417459
v -0.18497566 0.06327449 0.47508818
v -0.18301472 0.01668570 0.48176029
v -0.17940190 -0.03022087 0.48412667
v -0.17417199 -0.07699346 0.48216453
v -0.16737535 -0.12318165 0.47589277
v -0.15907744 -0.16834061 0.46537179
v -0.14935817 -0.21203544 0.45070291
v 0.12637999 0.17941460 -0.38136400
v 0.11108459 0.22060590 -0.36438737
v 0.09460874 0.25951556 -0.34356761
v 0.07711111 0.29576887 -0.31910522
v 0.05876022 0.32901668 -0.29123579
v 0.03973278 0.35893881 -0.26022771
v 0.02021205 0.38524708 -0.22637961
v 0.00038602 0.40768813 -0.19001746
v -0.01955437 0.42604585 -0.15149146
v -0.03941709 0.44014343 -0.11117262
v -0.05901085 0.44984511 -0.06944925
v -0.07814695 0.45505746 -0.02672316
v -0.09664110 0.45573028 0.01659418
v -0.11431518 0.45185709 0.06008560
v -0.13099900 0.44347519 0.10333224
v -0.14653187 0.43066530 0.14591762
v -0.16076420 0.41355079 0.18743162
v -0.17355893 0.39229649 0.22747444
v -0.18479285 0.36710707 0.26566044
v -0.19435775 0.33822514 0.30162187
v -0.20216152 0.30592884 0.33501240
v -0.20812902 0.27052919 0.36551047
v -0.21220277 0.23236712 0.39282236
v -0.21434353 0.19181016 0.41668503
v -0.21453069 0.14924887 0.43686869
v -0.21276246 0.10509316 0.45317895
v -0.20905585 0.05976827 0.46545874
v -0.20344656 0.01371070 0.47358979
v -0.19598862 -0.03263599 0.47749380
v -0.18675385 -0.07882546 0.47713316
v -0.17583118 -0.12441287 0.47251136
v -0.16332581 -0.16895920 0.46367290
v -0.14935817 -0.21203544 0.45070291
v 0.12637999 0.17941460 -0.38136400
v 0.10697713 0.21958154 -0.36623046
v 0.08643337 0.25747671 -0.34723604
v 0.06494656 0.29273515 -0.32456365
v 0.04272364 0.32501733 -0.29843166
v 0.01997862 0.35401232 -0.26909172
v -0.00306945 0.37944091 -0.23682639
v -0.02619860 0.40105820 -0.20194641
v -0.04918610 0.41865600 -0.16478769
v -0.07181055 0.43206483 -0.12570809
v -0.09385408 0.44115557 -0.08508397
v -0.11510438 0.44584065 -0.04330655
v -0.13535682 0.44607497 -0.00077818
v -0.15441634 0.44185627 0.04209156
v -0.17209939 0.43322517 0.08488983
v -0.18823567 0.42026480 0.12720445
v -0.20266979 0.40309997 0.16862791
v -0.21526274 0.38189599 0.20876127
v -0.22589323 0.35685706 0.24721803
v -0.23445890 0.32822432 0.28362784
v -0.24087724 0.29627353 0.31764004
v -0.24508645 0.26131239 0.34892707
v -0.24704599 0.22367758 0.37718764
v -0.24673699 0.18373156 0.40214957
v -0.24416242 0.14185902 0.42357246
v -0.23934708 0.09846323 0.44125001
v -0.23233735 0.05396210 0.45501196
v -0.22320072 0.00878421 0.46472578
v -0.21202520 -0.03663535 0.47029793
v -0.19891840 -0.08185917 0.47167473
v -0.18400656 -0.12645173 0.46884294
v -0.16743328 -0.16998356 0.46182982
v -0.14935817 -0.21203544 0.45070291
v 0.12637999 0.17941460 -0.38136400
v 0.10305013 0.21816127 -0.36820000
v 0.07861719 0.25464985 -0.35115614
v 0.05331648 0.28852894 -0.33039658
v 0.02739165 0.31947225 -0.30612122
v 0.00109239 0.34718180 -0.27856387
v -0.02532805 0.37139071 -0.24798991
v -0.05161520 0.39186585 -0.21469379
v -0.07751592 0.40841004 -0.17899616
v -0.10278077 0.42086393 -0.14124081
v -0.12716642 0.42910759 -0.10179135
v -0.15043804 0.43306163 -0.06102770
v -0.17237151 0.43268798 -0.01934244
v -0.19275559 0.42799023 0.02286299
v -0.21139398 0.41901361 0.06518212
v -0.22810717 0.40584459 0.10720740
v -0.24273421 0.38860999 0.14853410
v -0.25513423 0.36747578 0.18876422
v -0.26518782 0.34264550 0.22751032
v -0.27279815 0.31435828 0.26439926
v -0.27789194 0.28288654 0.29907578
v -0.28042011 0.24853337 0.33120592
v -0.28035834 0.21162960 0.36048025
v -0.27770720 0.17253065 0.38661685
v -0.27249224 0.13161306 0.40936399
v -0.26476368 0.08927088 0.42850263
v -0.25459594 0.04591190 0.44384844
v -0.24208696 0.00195369 0.45525363
v -0.22735719 -0.04218042 0.46260836
v -0.21054849 -0.08606539 0.46584181
v -0.19182274 -0.12927858 0.46492283
v -0.17136028 -0.17140383 0.45986028
v -0.14935817 -0.21203544 0.45070291
v 0.12637999 0.17941460 -0.38136400
v 0.09934141 0.21635878 -0.37027702
v 0.07123548 0.25106222 -0.35529018
v 0.04233286 0.28319072 -0.33654782
v 0.01291191 0.31243486 -0.31423043
v -0.01674404 0.33851301 -0.28855295
v -0.04634938 0.36117401 -0.25976266
v -0.07561899 0.38019963 -0.22813682
v -0.10427100 0.39540664 -0.19398002
v -0.13202947 0.40664859 -0.15762120
v -0.15862707 0.41381721 -0.11941052
v -0.18380765 0.41684347 -0.07971596
v -0.20732871 0.41569822 -0.03891980
v -0.22896373 0.41039249 0.00258506
v -0.24850434 0.40097738 0.04439891
v -0.26576237 0.38754356 0.08611906
v -0.28057161 0.37022041 0.12734372
v -0.29278944 0.34917475 0.16767587
v -0.30229819 0.32460927 0.20672711
v -0.30900629 0.29676055 0.24412133
v -0.31284913 0.26589678 0.27949842
v -0.31378972 0.23231520 0.31251767
v -0.31181898 0.19633922 0.34286109
v -0.30695591 0.15831531 0.37023646
v -0.29924732 0.11860966 0.39438013
v -0.28876747 0.07760466 0.41505959
v -0.27561728 0.03569520 0.43207569
v -0.25992338 -0.00671510 0.44526455
v -0.24183693 -0.04921781 0.45449915
v -0.22153210 -0.09140361 0.45969057
v -0.19920445 -0.13286621 0.46078879
v -0.17506899 -0.17320632 0.45778326
v -0.14935817 -0.21203544 0.45070291
v 0.12637999 0.17941460 -0.38136400
v 0.09588670 0.21419141 -0.37244152
v 0.06435933 0.24674837 -0.35959834
v 0.03210149 0.27677192 -0.34295814
v -0.00057615 0.30397293 -0.32268119
v -0.03335888 0.32808944 -0.29896275
v -0.06593100 0.34888919 -0.27203125
v -0.09797881 0.36617187 -0.24214606
v -0.12919368 0.37977103 -0.20959498
v -0.15927499 0.38955571 -0.17469150
v -0.18793304 0.39543168 -0.13777177
v -0.21489184 0.39734235 -0.09919132
v -0.23989176 0.39526932 -0.05932173
v -0.26269203 0.38923255 -0.01854695
v -0.28307309 0.37929017 0.02274033
v -0.30083864 0.36553795 0.06414250
v -0.31581760 0.34810832 0.10526083
v -0.32786570 0.32716914 0.14569932
v -0.33686693 0.30292206 0.18506854
v -0.34273459 0.27560060 0.22298932
v -0.34541218 0.24546788 0.25909649
v -0.34487391 0.21281408 0.29304230
v -0.34112495 0.17795370 0.32449984
v -0.33420142 0.14122244 0.35316615
v -0.32417000 0.10297406 0.37876517
v -0.31112729 0.06357690 0.40105036
v -0.29519890 0.02341038 0.41980710
v -0.27653823 -0.01713867 0.43485475
v -0.25532499 -0.05767974 0.44604840
v -0.23176347 -0.09782241 0.45328024
v -0.20608060 -0.13718007 0.45648064
v -0.17852370 -0.17537368 0.45561876
v -0.14935817 -0.21203544 0.45070291
v 0.12637999 0.17941460 -0.38136400
v 0.09271926 0.21168005 -0.37467266
v 0.05805496 0.24174983 -0.36403913
v 0.02272090 0.26933435 -0.34956581
v -0.01294262 0.29416796 -0.33139211
v -0.04859213 0.31601149 -0.30969302
v -0.08388433 0.33465457 -0.28467754
v -0.11847932 0.34991767 -0.25658658
v -0.15204393 0.36165380 -0.22569066
v -0.18425493 0.36974992 -0.19228733
v -0.21480209 0.37412807 -0.15669828
v -0.24339125 0.37474608 -0.11926625
v -0.26974705 0.37159801 -0.08035174
v -0.29361569 0.36471417 -0.04032952
v -0.31476730 0.35416085 0.00041499
v -0.33299817 0.34003969 0.04148939
v -0.34813273 0.32248668 0.08249811
v -0.36002524 0.30167088 0.12304621
v -0.36856114 0.27779274 0.16274319
v -0.37365825 0.25108222 0.20120676
v -0.37526748 0.22179657 0.23806648
v -0.37337331 0.19021782 0.27296737
v -0.36799401 0.15665008 0.30557333
v -0.35918136 0.12141665 0.33557033
v -0.34702025 0.08485682 0.36266950
v -0.33162780 0.04732270 0.38660984
v -0.31315223 0.00917576 0.40716080
v -0.29177148 -0.02921662 0.42412447
v -0.26769146 -0.06748472 0.43733748
v -0.24114406 -0.10525997 0.44667257
v -0.21238497 -0.14217860 0.45203985
v -0.18169114 -0.17788504 0.45338762
v -0.14935817 -0.21203544 0.45070291
v 0.12637999 0.17941460 -0.38136400
v 0.08986960 0.20884888 -0.37694894
v 0.05238308 0.23611476 -0.36856977
v 0.01428143 0.26094964 -0.35630719
v -0.02406840 0.28311436 -0.34027929
v -0.06229709 0.30239545 -0.32064043
v -0.10003646 0.31860724 -0.29757974
v -0.13692308 0.33159358 -0.27131931
v -0.17260170 0.34122941 -0.24211204
v -0.20672872 0.34742195 -0.21023921
v -0.23897547 0.35011154 -0.17600778
v -0.26903141 0.34927228 -0.13974741
v -0.29660707 0.34491227 -0.10180731
v -0.32143689 0.33707348 -0.06255286
v -0.34328174 0.32583142 -0.02236212
v -0.36193125 0.31129434 0.01837788
v -0.37720581 0.29360225 0.05927477
v -0.38895832 0.27292552 0.09993470
v -0.39707559 0.24946330 0.13996609
v -0.40147945 0.22344154 0.17898341
v -0.40212750 0.19511083 0.21661091
v -0.39901348 0.16474402 0.25248622
v -0.39216739 0.13263355 0.28626383
v -0.38165516 0.09908867 0.31761845
v -0.36757802 0.06443244 0.34624812
v -0.35007156 0.02899861 0.37187711
v -0.32930436 -0.00687157 0.39425861
v -0.30547643 -0.04283265 0.41317707
v -0.27881724 -0.07853831 0.42845029
v -0.24958353 -0.11364468 0.43993119
v -0.21805685 -0.14781367 0.44750920
v -0.18454080 -0.18071621 0.45111134
v -0.14935817 -0.21203544 0.45070291
v 0.12637999 0.17941460 -0.38136400
v 0.08736517 0.20572517 -0.37924845
v 0.04739832 0.22989741 -0.37314665
v 0.00686436 0.25169854 -0.36311736
v -0.03384635 0.27091860 -0.34925716
v -0.07434176 0.28737248 -0.33169954
v -0.11423185 0.30090173 -0.31061358
v -0.15313248 0.31137606 -0.28620236
v -0.19066900 0.31869458 -0.25870097
v -0.22647993 0.32278682 -0.22837427
v -0.26022037 0.32361338 -0.19551430
v -0.29156540 0.32116628 -0.16043755
v -0.32021314 0.31546909 -0.12348180
v -0.34588770 0.30657669 -0.08500297
v -0.36834181 0.29457470 -0.04537163
v -0.38735924 0.27957873 -0.00496945
v -0.40275683 0.26173318 0.03581447
v -0.41438631 0.24120992 0.07658736
v -0.42213566 0.21820659 0.11695657
v -0.42593026 0.19294474 0.15653330
v -0.42573356 0.16566765 0.19493642
v -0.42154747 0.13663801 0.23179608
v -0.41341229 0.10613539 0.26675730
v -0.40140636 0.07445355 0.29948339
v -0.38564533 0.04189761 0.32965918
v -0.36628096 0.00878109 0.35699405
v -0.34349975 -0.02457708 0.38122476
v -0.31752110 -0.05785563 0.40211796
v -0.28859519 -0.09073408 0.41947243
v -0.25700060 -0.12289579 0.43312103
v -0.22304160 -0.15403102 0.44293232
v -0.18704524 -0.18383993 0.44881182
v -0.14935817 -0.21203544 0.45070291
v 0.12637999 0.17941460 -0.38136400
v 0.08523007 0.20233899 -0.38154905
v 0.04314869 0.22315767 -0.37772568
v 0.00054112 0.24167014 -0.36993073
v -0.04218231 0.25769812 -0.35823925
v -0.08461014 0.27108724 -0.34276385
v -0.12633378 0.28170857 -0.32365356
v -0.16695141 0.28945981 -0.30109242
v -0.20607184 0.29426632 -0.27529771
v -0.24331834 0.29608180 -0.24651785
v -0.27833219 0.29488878 -0.21503000
v -0.31077620 0.29069874 -0.18113741
v -0.34033792 0.28355203 -0.14516648
v -0.36673263 0.27351748 -0.10746363
v -0.38970616 0.26069173 -0.06839197
v -0.40903725 0.24519830 -0.02832776
v -0.42453974 0.22718640 0.01234314
v -0.43606432 0.20682949 0.05322906
v -0.44350001 0.18432362 0.09393624
v -0.44677519 0.15988553 0.13407264
v -0.44585834 0.13375059 0.17325174
v -0.44075827 0.10617047 0.21109622
v -0.43152411 0.07741079 0.24724161
v -0.41824477 0.04774853 0.28133981
v -0.40104816 0.01746935 0.31306244
v -0.38009988 -0.01313516 0.34210400
v -0.35560168 -0.04377024 0.36818479
v -0.32778949 -0.07414087 0.39105365
v -0.29693115 -0.10395456 0.41049034
v -0.26332385 -0.13292419 0.42630766
v -0.22729124 -0.16077076 0.43835329
v -0.18918033 -0.18722610 0.44651123
v -0.14935817 -0.21203544 0.45070291
v 0.12637999 0.17941460 -0.38136400
v 0.08348487 0.19872296 -0.38382856
v 0.03967511 0.21596044 -0.38226276
v -0.00462740 0.23096102 -0.37668168
v -0.04899599 0.24358024 -0.36713905
v -0.09300336 0.25369657 -0.35372680
v -0.13622571 0.26121259 -0.33657407
v -0.17824678 0.26605591 -0.31584607
v -0.21866188 0.26817989 -0.29174241
v -0.25708179 0.26756407 -0.26449522
v -0.29313651 0.26421438 -0.23436692
v -0.32647881 0.25816309 -0.20164765
v -0.35678759 0.24946846 -0.16665251
v -0.38377095 0.23821424 -0.12971854
v -0.40716904 0.22450881 -0.09120141
v -0.42675651 0.20848416 -0.05147209
v -0.44234473 0.19029461 -0.01091317
v -0.45378358 0.17011535 0.03008473
v -0.46096289 0.14814070 0.07112679
v -0.46381352 0.12458230 0.11181774
v -0.46230801 0.09966702 0.15176571
v -0.45646088 0.07363482 0.19058598
v -0.44632842 0.04673639 0.22790469
v -0.43200822 0.01923079 0.26336244
v -0.41363820 -0.00861709 0.29661775
v -0.39139526 -0.03653906 0.32735035
v -0.36549361 -0.06426622 0.35526428
v -0.33618271 -0.09153154 0.38009070
v -0.30374483 -0.11807243 0.40159053
v -0.26849236 -0.14363331 0.41955671
v -0.23076482 -0.16796799 0.43381621
v -0.19092553 -0.19084213 0.44423171
v -0.14935817 -0.21203544 0.45070291
v 0.12637999 0.17941460 -0.38136400
v 0.08214639 0.19491191 -0.38606505
v 0.03701103 0.20837503 -0.38671420
v -0.00859142 0.21967432 -0.38330520
v -0.05422177 0.22870093 -0.37587087
v -0.09944058 0.23536796 -0.36448281
v -0.14381237 0.23961118 -0.34925070
v -0.18690981 0.24138974 -0.33032123
v -0.22831786 0.24068651 -0.30787669
v -0.26763773 0.23750826 -0.28213325
v -0.30449074 0.23188559 -0.25333883
v -0.33852199 0.22387266 -0.22177073
v -0.36940374 0.21354663 -0.18773297
v -0.39683857 0.20100696 -0.15155336
v -0.42056227 0.18637440 -0.11358031
v -0.44034638 0.16978988 -0.07417954
v -0.45600036 0.15141311 -0.03373050
v -0.46737345 0.13142107 0.00737727
v -0.47435612 0.11000629 0.04874789
v -0.47688113 0.08737501 0.08998292
v -0.47492416 0.06374519 0.13068525
v -0.46850406 0.03934439 0.17046289
v -0.45768266 0.01440760 0.20893277
v -0.44256416 -0.01082502 0.24572440
v -0.42329418 -0.03611046 0.28048346
v -0.40005829 -0.06120522 0.31287519
v -0.37308027 -0.08586762 0.34258765
v -0.34261992 -0.10986015 0.36933469
v -0.30897061 -0.13295174 0.39285872
v -0.27245638 -0.15492001 0.41293319
v -0.23342890 -0.17555340 0.42936477
v -0.19226401 -0.19465319 0.44199523
v -0.14935817 -0.21203544 0.45070291
v 0.12637999 0.17941460 -0.38136400
v 0.08122750 0.19094253 -0.38823697
v 0.03518211 0.20047451 -0.39103713
v -0.01131276 0.20791872 -0.38973750
v -0.05780932 0.21320349 -0.38435060
v -0.10385980 0.21627791 -0.37492830
v -0.14902069 0.21711238 -0.36156136
v -0.19285708 0.21569886 -0.34437849
v -0.23494680 0.21205097 -0.32354519
v -0.27488450 0.20620383 -0.29926208
v -0.31228555 0.19821375 -0.27176303
v -0.34678977 0.18815769 -0.24131287
v -0.37806486 0.17613249 -0.20820485
v -0.40580963 0.16225396 -0.17275781
v -0.42975688 0.14665576 -0.13531314
v -0.44967597 0.12948811 -0.09623144
v -0.46537509 0.11091633 -0.05588910
v -0.47670304 0.09111929 -0.01467462
v -0.48355072 0.07028765 0.02701506
v -0.48585219 0.04862202 0.06877846
v -0.48358529 0.02633105 0.11021337
v -0.47677184 0.00362942 0.15092075
v -0.46547746 -0.01926424 0.19050857
v -0.44981093 -0.04212945 0.22859558
v -0.42992312 -0.06474601 0.26481496
v -0.40600556 -0.08689611 0.29881793
v -0.37828859 -0.10836643 0.33027699
v -0.34703914 -0.12895020 0.35888920
v -0.31255816 -0.14844919 0.38437899
v -0.27517772 -0.16667561 0.40650089
v -0.23525782 -0.18345393 0.42504184
v -0.19318290 -0.19862256 0.43982330
v -0.14935817 -0.21203544 0.45070291
v 0.12637999 0.17941460 -0.38136400
v 0.08073707 0.18685306 -0.39032341
v 0.03420596 0.19233494 -0.39518991
v -0.01276522 0.19580745 -0.39591663
v -0.05972410 0.19723716 -0.39249658
v -0.10621846 0.19661028 -0.38496267
v -0.15180052 0.19393286 -0.37338749
v -0.19603131 0.18923068 -0.35788249
v -0.23848485 0.18254903 -0.33859700
v -0.27875231 0.17395225 -0.31571675
v -0.31644586 0.16352314 -0.28946209
v -0.35120252 0.15136214 -0.26008586
v -0.38268756 0.13758636 -0.22787098
v -0.41059775 0.12232846 -0.19312770
v -0.43466430 0.10573540 -0.15619060
v -0.45465545 0.08796697 -0.11741541
v -0.47037866 0.06919429 -0.07717557
v -0.48168251 0.04959816 -0.03585859
v -0.48845815 0.02936729 0.00613760
v -0.49064031 0.00869652 0.04840858
v -0.48820798 -0.01221509 0.09054724
v -0.48118459 -0.03316613 0.13214776
v -0.46963778 -0.05395484 0.17280952
v -0.45367874 -0.07438102 0.21214091
v -0.43346118 -0.09424794 0.24976316
v -0.40917979 -0.11336429 0.28531393
v -0.38106842 -0.13154595 0.31845086
v -0.34939781 -0.14861783 0.34885483
v -0.31447294 -0.16441552 0.37623301
v -0.27663018 -0.17878687 0.40032175
v -0.23623397 -0.19159349 0.42088906
v -0.19367333 -0.20271204 0.43773686
v -0.14935817 -0.21203544 0.45070291
v 0.12637999 0.17941460 -0.38136400
v 0.08067981 0.18268287 -0.39230428
v 0.03409199 0.18403473 -0.39913256
v -0.01293480 0.18345715 -0.40178310
v -0.05994767 0.18095570 -0.40023036
v -0.10649386 0.17655447 -0.39448929
v -0.15212509 0.17029585 -0.38461519
v -0.19640193 0.16224010 -0.37070316
v -0.23889795 0.15246482 -0.35288716
v -0.27920390 0.14106414 -0.33133878
v -0.31693162 0.12814786 -0.30626554
v -0.35171775 0.11384036 -0.27790891
v -0.38322729 0.09827944 -0.24654198
v -0.41115680 0.08161496 -0.21246683
v -0.43523728 0.06400741 -0.17601162
v -0.45523684 0.04562634 -0.13752744
v -0.47096287 0.02664880 -0.09738491
v -0.48226391 0.00725753 -0.05597062
v -0.48903113 -0.01236071 -0.01368342
v -0.49119936 -0.03201699 0.02906944
v -0.48874772 -0.05152200 0.07187624
v -0.48169982 -0.07068791 0.11432472
v -0.47012353 -0.08933013 0.15600607
v -0.45413034 -0.10726913 0.19651888
v -0.43387427 -0.12433215 0.23547299
v -0.40955041 -0.14035486 0.27249326
v -0.38139299 -0.15518296 0.30722316
v -0.34967320 -0.16867364 0.33932821
v -0.31469651 -0.18069698 0.36849923
v -0.27679977 -0.19113718 0.39445529
v -0.23634794 -0.19989371 0.41694641
v -0.19373060 -0.20688223 0.43575600
v -0.14935817 -0.21203544 0.45070291
v 0.12637999 0.17941460 -0.38136400
v 0.08105627 0.17847213 -0.39416048
v 0.03484128 0.17565380 -0.40282710
v -0.01181989 0.17098675 -0.40728039
v -0.05847787 0.16451592 -0.40747746
v -0.10468333 0.15630364 -0.40341641
v -0.14999127 0.14642899 -0.39513635
v -0.19396537 0.13498707 -0.38271703
v -0.23618211 0.12208807 -0.36627805
v -0.27623494 0.10785622 -0.34597773
v -0.31373813 0.09242858 -0.32201157
v -0.34833049 0.07595372 -0.29461037
v -0.37967888 0.05859030 -0.26403803
v -0.40748141 0.04050556 -0.23058897
v -0.43147031 0.02187364 -0.19458533
v -0.45141456 0.00287399 -0.15637384
v -0.46712209 -0.01631042 -0.11632249
v -0.47844163 -0.03549482 -0.07481702
v -0.48526415 -0.05449447 -0.03225713
v -0.48752397 -0.07312639 0.01094730
v -0.48519931 -0.09121114 0.05438019
v -0.47831256 -0.10857455 0.09762326
v -0.46693004 -0.12504941 0.14026004
v -0.45116138 -0.14047705 0.18187993
v -0.43115843 -0.15470891 0.22208210
v -0.40711384 -0.16760790 0.26047938
v -0.37925917 -0.17904982 0.29670200
v -0.34786267 -0.18892447 0.33040109
v -0.31322671 -0.19713676 0.36125213
v -0.27568485 -0.20360758 0.38895800
v -0.23559864 -0.20827463 0.41325187
v -0.19335414 -0.21109297 0.43389979
v -0.14935817 -0.21203544 0.45070291
v 0.12637999 0.17941460 -0.38136400
v 0.08186283 0.17426139 -0.39587416
v 0.03644664 0.16727287 -0.40623795
v -0.00943120 0.15851634 -0.41235557
v -0.05532886 0.14807614 -0.41416808
v -0.10080431 0.13605280 -0.41165805
v -0.14541961 0.12256212 -0.40484964
v -0.18874509 0.10773403 -0.39380842
v -0.23036349 0.09171132 -0.37864072
v -0.26987402 0.07464830 -0.35949262
v -0.30689616 0.05670929 -0.33654852
v -0.34107336 0.03806707 -0.31002940
v -0.37207649 0.01890116 -0.28019063
v -0.39960696 -0.00060385 -0.24731959
v -0.42339965 -0.02026013 -0.21173284
v -0.44322541 -0.03987837 -0.17377310
v -0.45889332 -0.05926963 -0.13380595
v -0.47025248 -0.07824718 -0.09221628
v -0.47719350 -0.09662824 -0.04940464
v -0.47964953 -0.11423580 -0.00578331
v -0.47759691 -0.13090028 0.03822759
v -0.47105543 -0.14646120 0.08220423
v -0.46008807 -0.16076869 0.12572308
v -0.44480045 -0.17368498 0.16836504
v -0.42533982 -0.18508566 0.20971943
v -0.40189357 -0.19486094 0.24938800
v -0.37468751 -0.20291668 0.28698871
v -0.34398366 -0.20917531 0.32215945
v -0.31007770 -0.21357654 0.35456150
v -0.27329617 -0.21607798 0.38388282
v -0.23399329 -0.21665556 0.40984102
v -0.19254757 -0.21530371 0.43218612
v -0.14935817 -0.21203544 0.45070291
v 0.12637999 0.17941460 -0.38136400
v 0.08309172 0.17009120 -0.39742881
v 0.03889259 0.15897266 -0.40933227
v -0.00579175 0.14616604 -0.41695975
v -0.05053096 0.13179468 -0.42023780
v -0.09489417 0.11599699 -0.41913484
v -0.13845414 0.09892511 -0.41366150
v -0.18079137 0.08074345 -0.40387049
v -0.22149813 0.06162711 -0.38985610
v -0.26018239 0.04176018 -0.37175329
v -0.29647159 0.02133401 -0.34973641
v -0.33001626 0.00054529 -0.32401750
v -0.36049333 -0.02040575 -0.29484423
v -0.38760931 -0.04131735 -0.26249756
v -0.41110304 -0.06198812 -0.22728902
v -0.43074827 -0.08221899 -0.18955767
v -0.44635580 -0.10181513 -0.14966689
v -0.45777533 -0.12058781 -0.10800085
v -0.46489688 -0.13835624 -0.06496081
v -0.46765187 -0.15494930 -0.02096129
v -0.46601376 -0.17020719 0.02357399
v -0.45999833 -0.18398298 0.06821613
v -0.44966350 -0.19614398 0.11253519
v -0.43510882 -0.20657309 0.15610437
v -0.41647445 -0.21516987 0.19850405
v -0.39393985 -0.22185152 0.23932593
v -0.36772204 -0.22655369 0.27817685
v -0.33807351 -0.22923111 0.31468265
v -0.30527980 -0.22985799 0.34849178
v -0.26965672 -0.22842829 0.37927863
v -0.23154734 -0.22495578 0.40674671
v -0.19131868 -0.21947389 0.43063147
v -0.14935817 -0.21203544 0.45070291
v 0.12637999 0.17941460 -0.38136400
v 0.08473111 0.16600173 -0.39880944
v 0.04215557 0.15083309 -0.41208025
v -0.00093659 0.13405477 -0.42104861
v -0.04413038 0.11582835 -0.42562816
v -0.08700981 0.09632936 -0.42577479
v -0.12916194 0.07574559 -0.42148709
v -0.17018081 0.05427527 -0.41280635
v -0.20967140 0.03212517 -0.39981618
v -0.24725338 0.00950861 -0.38264167
v -0.28256483 -0.01335660 -0.36144823
v -0.31526566 -0.03625026 -0.33643996
v -0.34504097 -0.05895189 -0.30785770
v -0.37160398 -0.08124285 -0.27597672
v -0.39469889 -0.10290848 -0.24110404
v -0.41410328 -0.12374013 -0.20357552
v -0.42963028 -0.14353717 -0.16375257
v -0.44113035 -0.16210894 -0.12201870
v -0.44849274 -0.17927660 -0.07877584
v -0.45164654 -0.19487480 -0.03444044
v -0.45056139 -0.20875333 0.01056052
v -0.44524773 -0.22077853 0.05579367
v -0.43575674 -0.23083459 0.10082338
v -0.42217982 -0.23882466 0.14521599
v -0.40464772 -0.24467180 0.18854397
v -0.38332929 -0.24831970 0.23039007
v -0.35842984 -0.24973322 0.27035126
v -0.33018916 -0.24889875 0.30804271
v -0.29887922 -0.24582432 0.34310143
v -0.26480155 -0.24053956 0.37518978
v -0.22828435 -0.23309534 0.40399873
v -0.18967930 -0.22356337 0.42925083
v -0.14935817 -0.21203544 0.45070291
v 0.12637999 0.17941460 -0.38136400
v 0.08676520 0.16203235 -0.40000278
v 0.04620418 0.14293256 -0.41445543
v 0.00508753 0.12229918 -0.42458276
v -0.03618876 0.10033091 -0.43028724
v -0.07722717 0.07723931 -0.43151393
v -0.11763250 0.05324679 -0.42825103
v -0.15701560 0.02858439 -0.42052994
v -0.19499720 0.00348963 -0.40842504
v -0.23121152 -0.02179582 -0.39205289
v -0.26530980 -0.04702844 -0.37157118
v -0.29696364 -0.07196523 -0.34717714
v -0.32586820 -0.09636603 -0.31910572
v -0.35174512 -0.11999585 -0.28762724
v -0.37434520 -0.14262713 -0.25304488
v -0.39345076 -0.16404190 -0.21569166
v -0.40887783 -0.18403394 -0.17592733
v -0.42047783 -0.20241071 -0.13413484
v -0.42813904 -0.21899524 -0.09071668
v -0.43178769 -0.23362780 -0.04609097
v -0.43138863 -0.24616747 -0.00068750
v -0.42694570 -0.25649350 0.04505648
v -0.41850171 -0.26450643 0.09070043
v -0.40613796 -0.27012909 0.13580476
v -0.38997352 -0.27330735 0.17993511
v -0.37016408 -0.27401058 0.22266647
v -0.34690040 -0.27223202 0.26358732
v -0.32040652 -0.26798880 0.30230356
v -0.29093760 -0.26132177 0.33844235
v -0.25877743 -0.25229515 0.37165563
v -0.22423575 -0.24099587 0.40162355
v -0.18764520 -0.22753275 0.42805750
v -0.14935817 -0.21203544 0.45070291
v 0.12637999 0.17941460 -0.38136400
v 0.08917442 0.15822130 -0.40099732
v 0.05099940 0.13534716 -0.41643493
v 0.01222259 0.11101247 -0.42752816
v -0.02678258 0.08545160 -0.43417018
v -0.06564047 0.05891070 -0.43629701
v -0.10397685 0.03164538 -0.43388818
v -0.14142252 0.00391822 -0.42696688
v -0.17761686 -0.02400375 -0.41559977
v -0.21221130 -0.05185163 -0.39989633
v -0.24487267 -0.07935723 -0.38000777
v -0.27528644 -0.10625565 -0.35612565
v -0.30315969 -0.13228786 -0.32847996
v -0.32822399 -0.15720313 -0.29733694
v -0.35023796 -0.18076153 -0.26299652
v -0.36898960 -0.20273618 -0.22578941
v -0.38429831 -0.22291545 -0.18607394
v -0.39601667 -0.24110500 -0.14423259
v -0.40403181 -0.25712965 -0.10066832
v -0.40826655 -0.27083508 -0.05580067
v -0.40868011 -0.28208930 -0.01006174
v -0.40526850 -0.29078392 0.03610797
v -0.39806458 -0.29683522 0.08226383
v -0.38713773 -0.30018490 0.12796133
v -0.37259318 -0.30080072 0.17276038
v -0.35457099 -0.29867675 0.21622954
v -0.33324474 -0.29383343 0.25795017
v -0.30881981 -0.28631741 0.29752049
v -0.28153142 -0.27620108 0.33455941
v -0.25164238 -0.26358186 0.36871022
v -0.21944052 -0.24858128 0.39964404
v -0.18523599 -0.23134380 0.42706296
v -0.14935817 -0.21203544 0.45070291
v 0.12637999 0.17941460 -0.38136400
v 0.09193555 0.15460527 -0.40178349
v 0.05649507 0.12814993 -0.41799970
v 0.02039987 0.10030335 -0.42985646
v -0.01600244 0.07133372 -0.43723958
v -0.05236128 0.04152003 -0.44007796
v -0.08832650 0.01114940 -0.43834426
v -0.12355174 -0.01948568 -0.43205518
v -0.15769775 -0.05009018 -0.42127128
v -0.19043569 -0.08036937 -0.40609643
v -0.22145027 -0.11003163 -0.38667676
v -0.25044282 -0.13879130 -0.36319930
v -0.27713411 -0.16637142 -0.33589015
v -0.30126710 -0.19250637 -0.30501230
v -0.32260936 -0.21694446 -0.27086313
v -0.34095537 -0.23945032 -0.23377151
v -0.35612843 -0.25980724 -0.19409467
v -0.36798243 -0.27781914 -0.15221470
v -0.37640321 -0.29331257 -0.10853493
v -0.38130966 -0.30613832 -0.06347602
v -0.38265454 -0.31617287 -0.01747192
v -0.38042489 -0.32331957 0.02903432
v -0.37464219 -0.32750962 0.07559484
v -0.36536212 -0.32870264 0.12176123
v -0.35267407 -0.32688716 0.16708887
v -0.33670021 -0.32208065 0.21114124
v -0.31759440 -0.31432941 0.25349409
v -0.29554062 -0.30370808 0.29373954
v -0.27075128 -0.29031895 0.33149001
v -0.24346509 -0.27429098 0.36638193
v -0.21394485 -0.25577851 0.39807928
v -0.18247485 -0.23495983 0.42627679
v -0.14935817 -0.21203544 0.45070291
v 0.12637999 0.17941460 -0.38136400
v 0.09502200 0.15121909 -0.40235371
v 0.06263826 0.12141018 -0.41913466
v 0.02954063 0.09027495 -0.43154522
v -0.00395214 0.05811324 -0.43946588
v -0.03751749 0.02523479 -0.44282035
v -0.07083218 -0.00804376 -0.44157634
v -0.10357536 -0.04140192 -0.43574582
v -0.13543170 -0.07451844 -0.42538495
v -0.16609441 -0.10707439 -0.41059350
v -0.19526818 -0.13875623 -0.39151392
v -0.22267205 -0.16925884 -0.36832997
v -0.24804212 -0.19828848 -0.34126491
v -0.27113406 -0.22556558 -0.31057940
v -0.29172547 -0.25082743 -0.27656895
v -0.30961805 -0.27383075 -0.23956110
v -0.32463949 -0.29435401 -0.19991227
v -0.33664512 -0.31219956 -0.15800429
v -0.34551932 -0.32719554 -0.11424075
v -0.35117662 -0.33919752 -0.06904312
v -0.35356255 -0.34808993 -0.02284669
v -0.35265412 -0.35378711 0.02390366
v -0.34846009 -0.35623421 0.07075768
v -0.34102084 -0.35540766 0.11726416
v -0.33040802 -0.35131542 0.16297520
v -0.31672384 -0.34399689 0.20745059
v -0.30010008 -0.33352257 0.25026201
v -0.28069684 -0.31999332 0.29099714
v -0.25870098 -0.30353943 0.32926371
v -0.23432434 -0.28431938 0.36469317
v -0.20780167 -0.26251825 0.39694432
v -0.17938840 -0.23834600 0.42570656
v -0.14935817 -0.21203544 0.45070291
v 0.12637999 0.17941460 -0.38136400
v 0.09840406 0.14809538 -0.40270250
v 0.06936980 0.11519284 -0.41982888
v 0.03955683 0.08102385 -0.43257818
v 0.00925226 0.04591748 -0.44082764
v -0.02125207 0.01021182 -0.44449780
v -0.05166237 -0.02574926 -0.44355331
v -0.08168578 -0.06161945 -0.43800328
v -0.11103316 -0.09705328 -0.42790116
v -0.13942187 -0.13170951 -0.41334422
v -0.16657852 -0.16525439 -0.39447267
v -0.19224158 -0.19736485 -0.37146824
v -0.21616389 -0.22773166 -0.34455249
v -0.23811507 -0.25606237 -0.31398462
v -0.25788372 -0.28208414 -0.28005903
v -0.27527945 -0.30554636 -0.24310242
v -0.29013474 -0.32622308 -0.20347072
v -0.30230652 -0.34391517 -0.16154560
v -0.31167756 -0.35845225 -0.11773083
v -0.31815763 -0.36969432 -0.07244835
v -0.32168431 -0.37753311 -0.02613427
v -0.32222365 -0.38189312 0.02076538
v -0.31977044 -0.38273237 0.06779894
v -0.31434831 -0.38004278 0.11451344
v -0.30600948 -0.37385025 0.16045900
v -0.29483426 -0.36421441 0.20519313
v -0.28093027 -0.35122807 0.24828504
v -0.26443141 -0.33501629 0.28931970
v -0.24549658 -0.31573520 0.32790195
v -0.22430813 -0.29357048 0.36366020
v -0.20107012 -0.26873560 0.39625010
v -0.17600634 -0.24146972 0.42535777
v -0.14935817 -0.21203544 0.45070291
v 0.12637999 0.17941460 -0.38136400
v 0.10204915 0.14526421 -0.40282650
v 0.07662487 0.10955776 -0.42007567
v 0.05035201 0.07263914 -0.43294540
v 0.02348359 0.03486388 -0.44131175
v -0.00372164 -0.00340421 -0.44509413
v -0.03100168 -0.04179660 -0.44425613
v -0.05809380 -0.07994354 -0.43880581
v -0.08473708 -0.11747766 -0.42879567
v -0.11067496 -0.15403748 -0.41432210
v -0.13565761 -0.18927092 -0.39552451
v -0.15944446 -0.22283865 -0.37258390
v -0.18180641 -0.25441740 -0.34572123
v -0.20252812 -0.28370306 -0.31519518
v -0.22141002 -0.31041357 -0.28129975
v -0.23827026 -0.33429171 -0.24436136
v -0.25294648 -0.35510752 -0.20473575
v -0.26529733 -0.37266053 -0.16280454
v -0.27520386 -0.38678169 -0.11897155
v -0.28257068 -0.39733500 -0.07365891
v -0.28732684 -0.40421885 -0.02730301
v -0.28942653 -0.40736692 0.01964972
v -0.28884953 -0.40674891 0.06674710
v -0.28560139 -0.40237076 0.11353555
v -0.27971341 -0.39427463 0.15956448
v -0.27124227 -0.38253851 0.20439061
v -0.26026958 -0.36727541 0.24758222
v -0.24690099 -0.34863232 0.28872337
v -0.23126525 -0.32678879 0.32741784
v -0.21351295 -0.30195519 0.36329298
v -0.19381505 -0.27437067 0.39600330
v -0.17236125 -0.24430089 0.42523378
v -0.14935817 -0.21203544 0.45070291
v 0.12637999 0.17941460 -0.38136400
v 0.10592216 0.14275285 -0.40272450
v 0.08433360 0.10455923 -0.41987267
v 0.06182221 0.06520157 -0.43264334
v 0.03860480 0.02505891 -0.44091354
v 0.01490495 -0.01548217 -0.44460361
v -0.00904908 -0.05603122 -0.44367802
v -0.03302661 -0.09619773 -0.43814568
v -0.05679673 -0.13559489 -0.42805987
v -0.08013051 -0.17384328 -0.41351773
v -0.10280323 -0.21057453 -0.39465930
v -0.12459655 -0.24543492 -0.37166620
v -0.14530058 -0.27808871 -0.34475987
v -0.16471594 -0.30822144 -0.31419942
v -0.18265563 -0.33554290 -0.28027918
v -0.19894690 -0.35978998 -0.24332580
v -0.21343285 -0.38072916 -0.20369518
v -0.22597397 -0.39815879 -0.16176898
v -0.23644948 -0.41191101 -0.11795097
v -0.24475850 -0.42185338 -0.07266315
v -0.25082101 -0.42789015 -0.02634165
v -0.25457862 -0.42996319 0.02056742
v -0.25599514 -0.42805252 0.06761230
v -0.25505694 -0.42217655 0.11433993
v -0.25177305 -0.41239187 0.16030028
v -0.24617509 -0.39879270 0.20505074
v -0.23831698 -0.38151003 0.24816033
v -0.22827439 -0.36071028 0.28921389
v -0.21614404 -0.33659377 0.32781605
v -0.20204275 -0.30939276 0.36359505
v -0.18610633 -0.27936920 0.39620631
v -0.16848824 -0.24681225 0.42533577
v -0.14935817 -0.21203544 0.45070291
v 0.12637999 0.17941460 -0.38136400
v 0.10998580 0.14058548 -0.40239750
v 0.09242174 0.10024537 -0.41922182
v 0.07385697 0.05878277 -0.43167491
v 0.05447026 0.01659698 -0.43963685
v 0.03444834 -0.02590573 -0.44303096
v 0.01398400 -0.06831603 -0.44182455
v -0.00672565 -0.11022549 -0.43602925
v -0.02748117 -0.15123050 -0.42570086
v -0.04808269 -0.19093615 -0.41093885
v -0.06833178 -0.22896006 -0.39188539
v -0.08803345 -0.26493604 -0.36872398
v -0.10699796 -0.29851761 -0.34167766
v -0.12504267 -0.32938138 -0.31100692
v -0.14199379 -0.35723011 -0.27700713
v -0.15768808 -0.38179559 -0.24000572
v -0.17197439 -0.40284124 -0.20035903
v -0.18471514 -0.42016440 -0.15844890
v -0.19578763 -0.43359822 -0.11467893
v -0.20508523 -0.44301333 -0.06947065
v -0.21251839 -0.44831906 -0.02325944
v -0.21801552 -0.44946431 0.02350965
v -0.22152370 -0.44643805 0.07038621
v -0.22300912 -0.43926942 0.11691881
v -0.22245749 -0.42802747 0.16265929
v -0.21987413 -0.41282046 0.20716717
v -0.21528389 -0.39379484 0.25001380
v -0.20873101 -0.37113384 0.29078654
v -0.20027858 -0.34505570 0.32909274
v -0.19000800 -0.31581156 0.36456348
v -0.17801818 -0.28368306 0.39685716
v -0.16442460 -0.24897961 0.42566277
v -0.14935817 -0.21203544 0.45070291
v 0.12637999 0.17941460 -0.38136400
v 0.11420093 0.13878299 -0.40184865
v 0.10081141 0.09665775 -0.41812939
v 0.08634038 0.05344456 -0.43004943
v 0.07092719 0.00955959 -0.43749397
v 0.05472029 -0.03457452 -0.44039132
v 0.03787576 -0.07853274 -0.43871358
v 0.02055581 -0.12189172 -0.43247690
v 0.00292726 -0.16423390 -0.42174134
v -0.01484013 -0.20515149 -0.40661030
v -0.03257525 -0.24425044 -0.38722949
v -0.05010730 -0.28115420 -0.36378557
v -0.06726743 -0.31550737 -0.33650430
v -0.08389039 -0.34697912 -0.30564843
v -0.09981608 -0.37526634 -0.27151512
v -0.11489113 -0.40009662 -0.23443307
v -0.12897037 -0.42123083 -0.19475943
v -0.14191820 -0.43846543 -0.15287625
v -0.15360992 -0.45163445 -0.10918691
v -0.16393295 -0.46061106 -0.06411216
v -0.17278785 -0.46530882 -0.01808608
v -0.18008936 -0.46568247 0.02844806
v -0.18576716 -0.46172843 0.07504211
v -0.18976657 -0.45348476 0.12124736
v -0.19204906 -0.44103087 0.16661881
v -0.19259267 -0.42448669 0.21071952
v -0.19139214 -0.40401155 0.25312477
v -0.18845905 -0.37980263 0.29342618
v -0.18382165 -0.35209309 0.33123562
v -0.17752459 -0.32114977 0.36618896
v -0.16962851 -0.28727069 0.39794959
v -0.16020947 -0.25078211 0.42621163
v -0.14935817 -0.21203544 0.45070291
v 0.12637999 0.17941460 -0.38136400
v 0.11852696 0.13736272 -0.40108322
v 0.10942181 0.09383089 -0.41660590
v 0.09915222 0.04923834 -0.42778256
v 0.08781709 0.00401451 -0.43450555
v 0.07552559 -0.04140505 -0.43671012
v 0.06239609 -0.08658294 -0.43437506
v 0.04855503 -0.13108407 -0.42752284
v 0.03413572 -0.17447986 -0.41621945
v 0.01927702 -0.21635239 -0.40057376
v 0.00412202 -0.25629842 -0.38073644
v -0.01118332 -0.29393322 -0.35689853
v -0.02649161 -0.32889437 -0.32928961
v -0.04165541 -0.36084516 -0.29817556
v -0.05652870 -0.38947789 -0.26385604
v -0.07096823 -0.41451682 -0.22666155
v -0.08483494 -0.43572080 -0.18695030
v -0.09799530 -0.45288563 -0.14510473
v -0.11032255 -0.46584601 -0.10152783
v -0.12169798 -0.47447711 -0.05663929
v -0.13201204 -0.47869581 -0.01087139
v -0.14116539 -0.47846149 0.03533510
v -0.14906989 -0.47377640 0.08153517
v -0.15564942 -0.46468567 0.12728390
v -0.16084060 -0.45127683 0.17214070
v -0.16459345 -0.43367903 0.21567358
v -0.16687181 -0.41206175 0.25746329
v -0.16765376 -0.38663316 0.29710738
v -0.16693175 -0.35763816 0.33422404
v -0.16471275 -0.32535599 0.36845583
v -0.16101812 -0.29009754 0.39947307
v -0.15588344 -0.25220237 0.42697706
v -0.14935817 -0.21203544 0.45070291
v 0.12637999 0.17941460 -0.38136400
v 0.12292222 0.13633836 -0.40010859
v 0.11817001 0.09179204 -0.41466603
v 0.11216910 0.04620462 -0.42489613
v 0.10497730 0.00001516 -0.43070035
v 0.09666386 -0.04633154 -0.43202281
v 0.08730885 -0.09238911 -0.42885077
v 0.07700236 -0.13771400 -0.42121478
v 0.06584365 -0.18186971 -0.40918837
v 0.05394019 -0.22443099 -0.39288737
v 0.04140660 -0.26498796 -0.37246876
v 0.02836360 -0.30315003 -0.34812919
v 0.01493680 -0.33854967 -0.32010306
v 0.00125550 -0.37084598 -0.28866027
v -0.01254853 -0.39972791 -0.25410365
v -0.02634237 -0.42491732 -0.21676598
v -0.03999316 -0.44617163 -0.17700685
v -0.05336943 -0.46328614 -0.13520916
v -0.06634238 -0.47609602 -0.09177545
v -0.07878706 -0.48447792 -0.04712400
v -0.09058362 -0.48835112 -0.00168484
v -0.10161847 -0.48767830 0.04410444
v -0.11178531 -0.48246595 0.08980285
v -0.12098625 -0.47276427 0.13497029
v -0.12913267 -0.45866668 0.17917178
v -0.13614612 -0.44030897 0.22198164
v -0.14195905 -0.41786792 0.26298758
v -0.14651549 -0.39155965 0.30179469
v -0.14977154 -0.36163752 0.33802923
v -0.15169587 -0.32838971 0.37134226
v -0.15226992 -0.29213640 0.40141294
v -0.15148818 -0.25322673 0.42795169
v -0.14935817 -0.21203544 0.45070291
v 0.12637999 0.17941460 -0.38136400
v 0.12734440 0.13571977 -0.39893415
v 0.12697176 0.09056082 -0.41232846
v 0.12526567 0.04437263 -0.42141793
v 0.12224256 -0.00239997 -0.42611504
v 0.11793153 -0.04930653 -0.42637453
v 0.11237412 -0.09589533 -0.42219392
v 0.10562384 -0.14171767 -0.41361347
v 0.09774569 -0.18633228 -0.40071581
v 0.08881556 -0.22930948 -0.38362515
v 0.07891943 -0.27023539 -0.36250608
v 0.06815262 -0.30871586 -0.33756200
v 0.05661882 -0.34438030 -0.30903313
v 0.04442911 -0.37688525 -0.27719421
v 0.03170087 -0.40591767 -0.24235187
v 0.01855668 -0.43119796 -0.20484166
v 0.00512314 -0.45248266 -0.16502484
v -0.00847038 -0.46956678 -0.12328485
v -0.02209298 -0.48228579 -0.08002367
v -0.03561346 -0.49051720 -0.03565793
v -0.04890160 -0.49418175 0.00938509
v -0.06182944 -0.49324413 0.05467162
v -0.07427248 -0.48771338 0.09976552
v -0.08611088 -0.47764276 0.14423251
v -0.09723063 -0.46312925 0.18764434
v -0.10752464 -0.44431264 0.22958295
v -0.11689378 -0.42137414 0.26964442
v -0.12524781 -0.39453464 0.30744297
v -0.13250628 -0.36405265 0.34261455
v -0.13859930 -0.33022170 0.37482045
v -0.14346817 -0.29336762 0.40375052
v -0.14706601 -0.25384532 0.42912613
v -0.14935817 -0.21203544 0.45070291
v 0.12637999 0.17941460 -0.38136400
v 0.13175088 0.13551291 -0.39757120
v 0.13574230 0.09014909 -0.40961569
v 0.13831580 0.04376000 -0.41738147
v 0.13944659 -0.00320761 -0.42079376
v 0.13912379 -0.05030139 -0.41981968
v 0.13735051 -0.09706783 -0.41446862
v 0.13414382 -0.14305653 -0.40479212
v 0.12953461 -0.18782459 -0.39088337
v 0.12356726 -0.23094088 -0.37287631
v 0.11629924 -0.27199016 -0.35094435
v 0.10780055 -0.31057711 -0.32529873
v 0.09815304 -0.34633010 -0.29618642
v 0.08744962 -0.37890483 -0.26388778
v 0.07579336 -0.40798757 -0.22871388
v 0.06329652 -0.43329825 -0.19100345
v 0.05007946 -0.45459311 -0.15111966
v 0.03626945 -0.47166707 -0.10944663
v 0.02199951 -0.48435569 -0.06638568
v 0.00740705 -0.49253678 -0.02235151
v -0.00736738 -0.49613155 0.02223180
v -0.02218151 -0.49510538 0.06693489
v -0.03689267 -0.48946815 0.11132725
v -0.05135918 -0.47927416 0.15498135
v -0.06544171 -0.46462157 0.19747679
v -0.07900466 -0.44565150 0.23840429
v -0.09191739 -0.42254664 0.27736972
v -0.10405555 -0.39552950 0.31399782
v -0.11530225 -0.36486028 0.34793583
v -0.12554917 -0.33083433 0.37885691
v -0.13469763 -0.29377935 0.40646328
v -0.14265952 -0.25405218 0.43048908
v -0.14935817 -0.21203544 0.45070291
v 0.12637999 0.17941460 -0.38136400
v 0.13609926 0.13571977 -0.39603288
v 0.14439717 0.09056082 -0.40655386
v 0.15119381 0.04437263 -0.41282562
v 0.15642372 -0.00239997 -0.41478776
v 0.16003654 -0.04930653 -0.41242138
v 0.16199748 -0.09589533 -0.40574927
v 0.16228765 -0.14171767 -0.39483569
v 0.16090425 -0.18633228 -0.37978573
v 0.15786061 -0.22930948 -0.36074435
v 0.15318604 -0.27023539 -0.33789492
v 0.14692556 -0.30871586 -0.31145749
v 0.13913946 -0.34438030 -0.28168666
v 0.12990272 -0.37688525 -0.24886916
v 0.11930430 -0.40591767 -0.21332102
v 0.10744627 -0.43119796 -0.17538460
v 0.09444283 -0.45248266 -0.13542524
v 0.08041921 -0.46956678 -0.09382778
v 0.06551045 -0.48228579 -0.05099282
v 0.04986016 -0.49051720 -0.00733288
v 0.03361903 -0.49418175 0.03673156
v 0.01694349 -0.49324413 0.08077614
v -0.00000587 -0.48771338 0.12437669
v -0.01706583 -0.47764276 0.16711331
v -0.03407207 -0.46312925 0.20857442
v -0.05086083 -0.44431264 0.24836073
v -0.06727042 -0.42137414 0.28608908
v -0.08314280 -0.39453464 0.32139612
v -0.09832512 -0.36405265 0.35394183
v -0.11267116 -0.33022170 0.38341276
v -0.12604276 -0.29336762 0.40952511
v -0.13831115 -0.25384532 0.43202740
v -0.14935817 -0.21203544 0.45070291
v 0.12637999 0.17941460 -0.38136400
v 0.14034763 0.13633836 -0.39433400
v 0.15285300 0.09179204 -0.40317245
v 0.16377567 0.04620462 -0.40779425
v 0.17301044 0.00001516 -0.40815489
v 0.18046838 -0.04633154 -0.40425088
v 0.18607767 -0.09238911 -0.39611983
v 0.18978428 -0.13771400 -0.38384005
v 0.19155251 -0.18186971 -0.36752978
v 0.19136535 -0.22443099 -0.34734612
v 0.18922459 -0.26498796 -0.32348345
v 0.18515084 -0.30315003 -0.29617156
v 0.17918334 -0.33854967 -0.26567349
v 0.17137957 -0.37084598 -0.23228296
v 0.16181467 -0.39972791 -0.19632153
v 0.15058075 -0.42491732 -0.15813553
v 0.13778602 -0.44617163 -0.11809271
v 0.12355369 -0.46328614 -0.07657871
v 0.10802082 -0.47609602 -0.03399333
v 0.09133700 -0.48447792 0.00925331
v 0.07366292 -0.48835112 0.05274473
v 0.05516877 -0.48767830 0.09606207
v 0.03603267 -0.48246595 0.13878816
v 0.01643891 -0.47276427 0.18051153
v -0.00342381 -0.45866668 0.22083037
v -0.02336420 -0.44030897 0.25935637
v -0.04319023 -0.41786792 0.29571852
v -0.06271096 -0.39155965 0.32956662
v -0.08173840 -0.36163752 0.36057470
v -0.10008929 -0.32838971 0.38844413
v -0.11758692 -0.29213640 0.41290652
v -0.13406277 -0.25322673 0.43372628
v -0.14935817 -0.21203544 0.45070291
v 0.12637999 0.17941460 -0.38136400
v 0.14445510 0.13736272 -0.39249091
v 0.16102838 0.09383089 -0.39950403
v 0.17594022 0.04923834 -0.40233582
v 0.18904702 0.00401451 -0.40095902
v 0.20022254 -0.04140505 -0.39538687
v 0.20935917 -0.08658294 -0.38567305
v 0.21636890 -0.13108407 -0.37191110
v 0.22118424 -0.17447986 -0.35423355
v 0.22375881 -0.21635239 -0.33281066
v 0.22406781 -0.25629842 -0.30784873
v 0.22210827 -0.29393322 -0.27958817
v 0.21789906 -0.32889437 -0.24830113
v 0.21148072 -0.36084516 -0.21428893
v 0.20291505 -0.38947789 -0.17787912
v 0.19228456 -0.41451682 -0.13942236
v 0.17969161 -0.43572080 -0.09928900
v 0.16525749 -0.45288563 -0.05786554
v 0.14912121 -0.46584601 -0.01555092
v 0.13143816 -0.47447711 0.02724734
v 0.11237864 -0.47869581 0.07011709
v 0.09212620 -0.47846149 0.11264546
v 0.07087590 -0.47377640 0.15442287
v 0.04883237 -0.46468567 0.19504700
v 0.02620792 -0.45127683 0.23412660
v 0.00322043 -0.43367903 0.27128532
v -0.01990873 -0.41206175 0.30616530
v -0.04295680 -0.38663316 0.33843063
v -0.06570182 -0.35763816 0.36777057
v -0.08792474 -0.32535599 0.39390256
v -0.10941155 -0.29009754 0.41657494
v -0.12995531 -0.25220237 0.43556937
v -0.14935817 -0.21203544 0.45070291
v 0.12637999 0.17941460 -0.38136400
v 0.14838210 0.13878299 -0.39052137
v 0.16884456 0.09665775 -0.39558392
v 0.18757031 0.05344456 -0.39650290
v 0.20437901 0.00955959 -0.39326945
v 0.21910878 -0.03457452 -0.38591472
v 0.23161776 -0.07853274 -0.37450953
v 0.24178550 -0.12189172 -0.35916372
v 0.24951406 -0.16423390 -0.34002509
v 0.25472902 -0.20515149 -0.31727794
v 0.25738016 -0.24425044 -0.29114134
v 0.25744193 -0.28115420 -0.26186701
v 0.25491376 -0.31550737 -0.22973687
v 0.24981997 -0.34697912 -0.19506036
v 0.24220964 -0.37526634 -0.15817142
v 0.23215605 -0.40009662 -0.11942531
v 0.21975603 -0.42123083 -0.07919519
v 0.20512899 -0.43846543 -0.03786849
v 0.18841580 -0.45163445 0.00415679
v 0.16977741 -0.46061106 0.04647592
v 0.14939333 -0.46530882 0.08868135
v 0.12745986 -0.46568247 0.13036661
v 0.10418824 -0.46172843 0.17113026
v 0.07980259 -0.45348476 0.21057972
v 0.05453774 -0.44103087 0.24833507
v 0.02863702 -0.42448669 0.28403270
v 0.00234987 -0.40401155 0.31732882
v -0.02407057 -0.37980263 0.34790278
v -0.05036983 -0.35209309 0.37546013
v -0.07629466 -0.32114977 0.39973549
v -0.10159537 -0.28727069 0.42049505
v -0.12602831 -0.25078211 0.43753891
v -0.14935817 -0.21203544 0.45070291
v 0.12637999 0.17941460 -0.38136400
v 0.15209081 0.14058548 -0.38844435
v 0.17622627 0.10024537 -0.39144988
v 0.19855392 0.05878277 -0.39035166
v 0.21885875 0.01659698 -0.38516024
v 0.23694520 -0.02590573 -0.37592564
v 0.25263910 -0.06831603 -0.36273678
v 0.26578929 -0.11022549 -0.34572068
v 0.27626914 -0.15123050 -0.32504122
v 0.28397773 -0.19093615 -0.30089755
v 0.28884080 -0.22896006 -0.27352218
v 0.29081154 -0.26493604 -0.24317876
v 0.28987095 -0.29851761 -0.21015951
v 0.28602811 -0.32938138 -0.17478242
v 0.27932001 -0.35723011 -0.13738820
v 0.26981126 -0.38179559 -0.09833697
v 0.25759343 -0.40284124 -0.05800481
v 0.24278419 -0.42016440 -0.01678015
v 0.22552616 -0.43359822 0.02494000
v 0.20598555 -0.44301333 0.06675385
v 0.18435053 -0.44831906 0.10825871
v 0.16082947 -0.44946431 0.14905486
v 0.13564889 -0.44643805 0.18874942
v 0.10905129 -0.43926942 0.22696011
v 0.08129282 -0.42802747 0.26331893
v 0.05264081 -0.41282046 0.29747573
v 0.02337120 -0.39379484 0.32910157
v -0.00623414 -0.37113384 0.35789186
v -0.03589009 -0.34505570 0.38356934
v -0.06531104 -0.31581156 0.40588673
v -0.09421366 -0.28368306 0.42462909
v -0.12231959 -0.24897961 0.43961593
v -0.14935817 -0.21203544 0.45070291
v 0.12637999 0.17941460 -0.38136400
v 0.15554552 0.14275285 -0.38627985
v 0.18310242 0.10455923 -0.38714173
v 0.20878530 0.06520157 -0.38394133
v 0.23234681 0.02505891 -0.37670949
v 0.25356005 -0.01548217 -0.36551584
v 0.27222072 -0.05603122 -0.35046819
v 0.28814911 -0.09619773 -0.33171145
v 0.30119182 -0.13559489 -0.30942626
v 0.31122325 -0.17384328 -0.28382724
v 0.31814677 -0.21057453 -0.25516093
v 0.32189573 -0.24543492 -0.22370339
v 0.32243400 -0.27808871 -0.18975758
v 0.31975641 -0.30822144 -0.15365042
v 0.31388875 -0.33554290 -0.11572963
v 0.30488753 -0.35978998 -0.07636041
v 0.29283942 -0.38072916 -0.03592192
v 0.27786046 -0.39815879 0.00519641
v 0.26009491 -0.41191101 0.04659857
v 0.23971385 -0.42185338 0.08788586
v 0.21691358 -0.42789015 0.12866064
v 0.19191366 -0.42996319 0.16853023
v 0.16495486 -0.42805252 0.20711067
v 0.13629681 -0.42217655 0.24403041
v 0.10621550 -0.41239187 0.27893389
v 0.07500063 -0.39879270 0.31148497
v 0.04295282 -0.38151003 0.34137016
v 0.01038070 -0.36071028 0.36830166
v -0.02240203 -0.33659377 0.39202010
v -0.05507967 -0.30939276 0.41229705
v -0.08733751 -0.27936920 0.42893725
v -0.11886488 -0.24681225 0.44178043
v -0.14935817 -0.21203544 0.45070291
v 0.12637999 0.17941460 -0.38136400
v 0.15871296 0.14526421 -0.38404871
v 0.18940679 0.10955776 -0.38270094
v 0.21816588 0.07263914 -0.37733366
v 0.24471328 0.03486388 -0.36799857
v 0.26879330 -0.00340421 -0.35478557
v 0.29017405 -0.04179660 -0.33782190
v 0.30864962 -0.07994354 -0.31727093
v 0.32404207 -0.11747766 -0.29333059
v 0.33620318 -0.15403748 -0.26623142
v 0.34501583 -0.18927092 -0.23623442
v 0.35039513 -0.22283865 -0.20362846
v 0.35228930 -0.25441740 -0.16872757
v 0.35068007 -0.28370306 -0.13186785
v 0.34558296 -0.31041357 -0.09340428
v 0.33704706 -0.33429171 -0.05370730
v 0.32515456 -0.35510752 -0.01315920
v 0.31001999 -0.37266053 0.02784952
v 0.29178912 -0.38678169 0.06892392
v 0.27063751 -0.39733500 0.10966842
v 0.24676887 -0.40421885 0.14969065
v 0.22041307 -0.40736692 0.18860516
v 0.19182391 -0.40674891 0.22603719
v 0.16127675 -0.40237076 0.26162624
v 0.12906575 -0.39427463 0.29502957
v 0.09550114 -0.38253851 0.32592549
v 0.06090615 -0.36727541 0.35401645
v 0.02561395 -0.34863232 0.37903193
v -0.01003556 -0.32678879 0.40073101
v -0.04569908 -0.30195519 0.41890472
v -0.08103314 -0.27437067 0.43337803
v -0.11569744 -0.24430089 0.44401157
v -0.14935817 -0.21203544 0.45070291
v 0.12637999 0.17941460 -0.38136400
v 0.16156262 0.14809538 -0.38177243
v 0.19507867 0.11519284 -0.37817029
v 0.22660535 0.08102385 -0.37059228
v 0.25583906 0.04591748 -0.35911138
v 0.28249825 0.01021182 -0.34383816
v 0.30632618 -0.02574926 -0.32491970
v 0.32709338 -0.06161945 -0.30253820
v 0.34459984 -0.09705328 -0.27690921
v 0.35867698 -0.13170951 -0.24827954
v 0.36918921 -0.16525439 -0.21692492
v 0.37603530 -0.19736485 -0.18314731
v 0.37914932 -0.22773166 -0.14727200
v 0.37850127 -0.25606237 -0.10964450
v 0.37409741 -0.28208414 -0.07062718
v 0.36598014 -0.30554636 -0.03059579
v 0.35422763 -0.32622308 0.01006414
v 0.33895307 -0.34391517 0.05096103
v 0.32030356 -0.35845225 0.09170102
v 0.29845871 -0.36969432 0.13189177
v 0.27362889 -0.37753311 0.17114622
v 0.24605323 -0.38189312 0.20908632
v 0.21599729 -0.38273237 0.24534669
v 0.18375054 -0.38004278 0.27957812
v 0.14962352 -0.37385025 0.31145095
v 0.11394490 -0.36421441 0.34065822
v 0.07705828 -0.35122807 0.36691865
v 0.03931891 -0.33501629 0.38997934
v 0.00109022 -0.31573520 0.40961820
v -0.03725961 -0.29357048 0.42564610
v -0.07536126 -0.26873560 0.43790868
v -0.11284778 -0.24146972 0.44628785
v -0.14935817 -0.21203544 0.45070291
v 0.12637999 0.17941460 -0.38136400
v 0.16406706 0.15121909 -0.37947292
v 0.20006342 0.12141018 -0.37359341
v 0.23402242 0.09027495 -0.36378212
v 0.26561701 0.05811324 -0.35013352
v 0.29454292 0.02523479 -0.33277905
v 0.32052157 -0.00804376 -0.31188586
v 0.34330278 -0.04140192 -0.28765514
v 0.36266715 -0.07451844 -0.26032027
v 0.37842818 -0.10707439 -0.23014448
v 0.39043411 -0.13875623 -0.19741839
v 0.39856929 -0.16925884 -0.16245717
v 0.40275538 -0.19828848 -0.12559751
v 0.40295208 -0.22556558 -0.08719439
v 0.39915748 -0.25082743 -0.04761766
v 0.39140813 -0.27383075 -0.00724846
v 0.37977865 -0.29435401 0.03352444
v 0.36438106 -0.31219956 0.07430836
v 0.34536363 -0.32719554 0.11471054
v 0.32290952 -0.33919752 0.15434188
v 0.29723496 -0.34808993 0.19282071
v 0.26858722 -0.35378711 0.22977645
v 0.23724219 -0.35623421 0.26485321
v 0.20350175 -0.35540766 0.29771318
v 0.16769082 -0.35131542 0.32803988
v 0.13015430 -0.34399689 0.35554127
v 0.09125367 -0.33352257 0.37995249
v 0.05136358 -0.31999332 0.40103845
v 0.01086817 -0.30353943 0.41859607
v -0.02984254 -0.28431938 0.43245627
v -0.07037650 -0.26251825 0.44248556
v -0.11034335 -0.23834600 0.44858736
v -0.14935817 -0.21203544 0.45070291
v 0.12637999 0.17941460 -0.38136400
v 0.16620215 0.15460527 -0.37717232
v 0.20431306 0.12814993 -0.36901439
v 0.24034567 0.10030335 -0.35696875
v 0.27395297 0.07133372 -0.34115143
v 0.30481131 0.04152003 -0.32171474
v 0.33262350 0.01114940 -0.29884588
v 0.35712170 -0.01948568 -0.27276509
v 0.37806998 -0.05009018 -0.24372353
v 0.39526659 -0.08036937 -0.21200090
v 0.40854593 -0.11003163 -0.17790270
v 0.41778009 -0.13879130 -0.14175731
v 0.42288016 -0.16637142 -0.10391283
v 0.42379701 -0.19250637 -0.06473373
v 0.42052183 -0.21694446 -0.02459733
v 0.41308614 -0.23945032 0.01610985
v 0.40156156 -0.25980724 0.05699577
v 0.38605907 -0.27781914 0.09766667
v 0.36672798 -0.29331257 0.13773087
v 0.34375445 -0.30613832 0.17680254
v 0.31735974 -0.31617287 0.21450539
v 0.28779802 -0.32331957 0.25047632
v 0.25535401 -0.32750962 0.28436891
v 0.22034016 -0.32870264 0.31585676
v 0.18309366 -0.32688716 0.34463662
v 0.14397323 -0.32208065 0.37043133
v 0.10335560 -0.31432941 0.39299246
v 0.06163196 -0.30370808 0.41210276
v 0.01920413 -0.29031895 0.42757816
v -0.02351930 -0.27429098 0.43926963
v -0.06612687 -0.25577851 0.44706459
v -0.10820825 -0.23495983 0.45088795
v -0.14935817 -0.21203544 0.45070291
v 0.12637999 0.17941460 -0.38136400
v 0.16794735 0.15822130 -0.37489281
v 0.20778664 0.13534716 -0.36447730
v 0.24551418 0.11101247 -0.35021780
v 0.28076665 0.08545160 -0.33225162
v 0.31320453 0.05891070 -0.31075179
v 0.34251543 0.03164538 -0.28592537
v 0.36841708 0.00391822 -0.25801144
v 0.39066002 -0.02400375 -0.22727884
v 0.40903004 -0.05185163 -0.19402353
v 0.42335024 -0.07935723 -0.15856578
v 0.43348270 -0.10625565 -0.12124707
v 0.43932983 -0.13228786 -0.08242680
v 0.44083534 -0.15720313 -0.04247883
v 0.43798471 -0.18076153 -0.00178788
v 0.43080540 -0.20273618 0.03925418
v 0.41936655 -0.22291545 0.08025208
v 0.40377833 -0.24110500 0.12081100
v 0.38419086 -0.25712965 0.16054032
v 0.36079277 -0.27083508 0.19905745
v 0.33380941 -0.28208930 0.23599142
v 0.30350063 -0.29078392 0.27098655
v 0.27015833 -0.29683522 0.30370583
v 0.23410361 -0.30018490 0.33383413
v 0.19568370 -0.30080072 0.36108132
v 0.15526860 -0.29867675 0.38518498
v 0.11324753 -0.29383343 0.40591298
v 0.07002518 -0.28631741 0.42306571
v 0.02601781 -0.27620108 0.43647796
v -0.01835078 -0.26358186 0.44602059
v -0.06265329 -0.24858128 0.45160167
v -0.10646305 -0.23134380 0.45316747
v -0.14935817 -0.21203544 0.45070291
v 0.12637999 0.17941460 -0.38136400
v 0.16928583 0.16203235 -0.37265632
v 0.21045072 0.14293256 -0.36002586
v 0.24947820 0.12229918 -0.34359428
v 0.28599243 0.10033091 -0.32351981
v 0.31964174 0.07723931 -0.29999578
v 0.35010209 0.05324679 -0.27324874
v 0.37708011 0.02858439 -0.24353628
v 0.40031600 0.00348963 -0.21114455
v 0.41958598 -0.02179582 -0.17638550
v 0.43470448 -0.04702844 -0.13959387
v 0.44552588 -0.07196523 -0.10112398
v 0.45194598 -0.09636603 -0.06134634
v 0.45390295 -0.11999585 -0.02064401
v 0.45137794 -0.14262713 0.02059102
v 0.44439527 -0.16404190 0.06196163
v 0.43302218 -0.18403394 0.10306941
v 0.41736820 -0.20241071 0.14351845
v 0.39758409 -0.21899524 0.18291922
v 0.37386039 -0.23362780 0.22089227
v 0.34642556 -0.24616747 0.25707188
v 0.31554381 -0.25649350 0.29110964
v 0.28151256 -0.26450643 0.32267774
v 0.24465955 -0.27012909 0.35147216
v 0.20533968 -0.27330735 0.37721560
v 0.16393163 -0.27401058 0.39966013
v 0.12083419 -0.27223202 0.41858961
v 0.07646240 -0.26798880 0.43382172
v 0.03124359 -0.26132177 0.44520978
v -0.01438676 -0.25229515 0.45264411
v -0.05998921 -0.24099587 0.45605311
v -0.10512457 -0.22753275 0.45540396
v -0.14935817 -0.21203544 0.45070291
v 0.12637999 0.17941460 -0.38136400
v 0.17020472 0.16600173 -0.37048439
v 0.21227964 0.15083309 -0.35570294
v 0.25219954 0.13405477 -0.33716198
v 0.28957998 0.11582835 -0.31504008
v 0.32406096 0.09632936 -0.28955029
v 0.35531041 0.07574559 -0.26093808
v 0.38302738 0.05427527 -0.22947902
v 0.40694494 0.03212517 -0.19547606
v 0.42683275 0.00950861 -0.15925667
v 0.44249928 -0.01335660 -0.12116966
v 0.45379366 -0.03625026 -0.08158185
v 0.46060711 -0.05895189 -0.04087446
v 0.46287401 -0.08124285 0.00056045
v 0.46057254 -0.10290848 0.04232385
v 0.45372486 -0.12374013 0.08401353
v 0.44239691 -0.14353717 0.12522801
v 0.42669779 -0.16210894 0.16557035
v 0.40677870 -0.17927660 0.20465205
v 0.38283145 -0.19487480 0.24209672
v 0.35508669 -0.20875333 0.27754376
v 0.32381159 -0.22077853 0.31065178
v 0.28930737 -0.23083459 0.34110194
v 0.25190632 -0.23882466 0.36860099
v 0.21196862 -0.24467180 0.39288410
v 0.16987890 -0.24831970 0.41371740
v 0.12604251 -0.24973322 0.43090026
v 0.08088162 -0.24889875 0.44426721
v 0.03483114 -0.24582432 0.45368950
v -0.01166542 -0.24053956 0.45907641
v -0.05816029 -0.23309534 0.46037604
v -0.10420568 -0.22356337 0.45757588
v -0.14935817 -0.21203544 0.45070291
v 0.12637999 0.17941460 -0.38136400
v 0.17069515 0.17009120 -0.36839796
v 0.21325579 0.15897266 -0.35155015
v 0.25365200 0.14616604 -0.33098284
v 0.29149477 0.13179468 -0.30689410
v 0.32641963 0.11599699 -0.27951592
v 0.35809024 0.09892511 -0.24911196
v 0.38620161 0.08074345 -0.21597502
v 0.41048300 0.06162711 -0.18042425
v 0.43070056 0.04176018 -0.14280200
v 0.44665960 0.02133401 -0.10347061
v 0.45820641 0.00054529 -0.06280885
v 0.46522980 -0.02040575 -0.02120833
v 0.46766213 -0.04131735 0.02093033
v 0.46547997 -0.06198812 0.06320131
v 0.45870433 -0.08221899 0.10519750
v 0.44740048 -0.10181513 0.14651448
v 0.43167727 -0.12058781 0.18675432
v 0.41168612 -0.13835624 0.22552951
v 0.38761957 -0.15494930 0.26246660
v 0.35970938 -0.17020719 0.29720989
v 0.32822434 -0.18398298 0.32942477
v 0.29346768 -0.19614398 0.35880099
v 0.25577413 -0.20657309 0.38505565
v 0.21550667 -0.21516987 0.40793590
v 0.17305313 -0.22185152 0.42722139
v 0.12882234 -0.22655369 0.44272639
v 0.08324028 -0.22923111 0.45430158
v 0.03674592 -0.22985799 0.46183548
v -0.01021296 -0.22842829 0.46525554
v -0.05718414 -0.22495578 0.46452882
v -0.10371525 -0.21947389 0.45966232
v -0.14935817 -0.21203544 0.45070291
v 0.12637999 0.17941460 -0.38136400
v 0.17075242 0.17426139 -0.36641709
v 0.21336976 0.16727287 -0.34760750
v 0.25382159 0.15851634 -0.32511638
v 0.29171833 0.14807614 -0.29916032
v 0.32669502 0.13605280 -0.26998930
v 0.35841481 0.12256212 -0.23788425
v 0.38657223 0.10773403 -0.20315435
v 0.41089609 0.09171132 -0.16613409
v 0.43115216 0.07464830 -0.12717997
v 0.44714535 0.05670929 -0.08666716
v 0.45872164 0.03806707 -0.04498581
v 0.46576954 0.01890116 -0.00253733
v 0.46822118 -0.00060385 0.04026946
v 0.46605295 -0.02026013 0.08302233
v 0.45928573 -0.03987837 0.12530953
v 0.44798469 -0.05926963 0.16672382
v 0.43225866 -0.07824718 0.20686635
v 0.41225910 -0.09662824 0.24535053
v 0.38817862 -0.11423580 0.28180574
v 0.36024912 -0.13090028 0.31588089
v 0.32873957 -0.14646120 0.34724782
v 0.29395344 -0.16076869 0.37560445
v 0.25622572 -0.17368498 0.40067769
v 0.21591977 -0.18508566 0.42222607
v 0.17342375 -0.19486094 0.44004206
v 0.12914691 -0.20291668 0.45395410
v 0.08351568 -0.20917531 0.46382820
v 0.03696949 -0.21357654 0.46956926
v -0.01004338 -0.21607798 0.47112201
v -0.05707017 -0.21665556 0.46847147
v -0.10365799 -0.21530371 0.46164318
v -0.14935817 -0.21203544 0.45070291
v 0.12637999 0.17941460 -0.38136400
v 0.17037596 0.17847213 -0.36456089
v 0.21262046 0.17565380 -0.34391297
v 0.25270667 0.17098675 -0.31961909
v 0.29024853 0.16451592 -0.29191322
v 0.32488449 0.15630364 -0.26106218
v 0.35628099 0.14642899 -0.22736309
v 0.38413566 0.13498707 -0.19114048
v 0.40818026 0.12208807 -0.15274319
v 0.42818320 0.10785622 -0.11254102
v 0.44395186 0.09242858 -0.07092113
v 0.45533438 0.07595372 -0.02828435
v 0.46222113 0.05859030 0.01495872
v 0.46454579 0.04050556 0.05839160
v 0.46228597 0.02187364 0.10159604
v 0.45546345 0.00287399 0.14415593
v 0.44414391 -0.01631042 0.18566140
v 0.42843638 -0.03549482 0.22571275
v 0.40849213 -0.05449447 0.26392424
v 0.38450323 -0.07312639 0.29992788
v 0.35670070 -0.09121114 0.33337694
v 0.32535231 -0.10857455 0.36394928
v 0.29075995 -0.12504941 0.39135047
v 0.25325676 -0.14047705 0.41531664
v 0.21320393 -0.15470891 0.43561696
v 0.17098719 -0.16760790 0.45205594
v 0.12701309 -0.17904982 0.46447526
v 0.08170515 -0.18892447 0.47275532
v 0.03549969 -0.19713676 0.47681636
v -0.01115829 -0.20360758 0.47661930
v -0.05781946 -0.20827463 0.47216601
v -0.10403445 -0.21109297 0.46349939
v -0.14935817 -0.21203544 0.45070291
vt 0.00000000 0.00000000
vt 0.00000000 0.03125000
vt 0.00000000 0.06250000
vt 0.00000000 0.09375000
vt 0.00000000 0.12500000
vt 0.00000000 0.15625000
vt 0.00000000 0.18750000
vt 0.00000000 0.21875000
vt 0.00000000 0.25000000
vt 0.00000000 0.28125000
vt 0.00000000 0.31250000
vt 0.00000000 0.34375000
vt 0.00000000 0.37500000
vt 0.00000000 0.40625000
vt 0.00000000 0.43750000
vt 0.00000000 0.46875000
vt 0.00000000 0.50000000
vt 0.00000000 0.53125000
vt 0.00000000 0.56250000
vt 0.00000000 0.59375000
vt 0.00000000 0.62500000
vt 0.00000000 0.65625000
vt 0.00000000 0.68750000
vt 0.00000000 0.71875000
vt 0.00000000 0.75000000
vt 0.00000000 0.78125000
vt 0.00000000 0.81250000
vt 0.00000000 0.84375000
vt 0.00000000 0.87500000
vt 0.00000000 0.90625000
vt 0.00000000 0.93750000
vt 0.00000000 0.96875000
vt 0.00000000 1.00000000
vt 0.01041667 0.00000000
vt 0.01041667 0.03125000
vt 0.01041667 0.06250000
vt 0.01041667 0.09375000
vt 0.01041667 0.12500000
vt 0.01041667 0.15625000
vt 0.01041667 0.18750000
vt 0.01041667 0.21875000
vt 0.01041667 0.25000000
vt 0.01041667 0.28125000
vt 0.01041667 0.31250000
vt 0.01041667 0.34375000
vt 0.01041667 0.37500000
vt 0.01041667 0.40625000
vt 0.01041667 0.43750000
vt 0.01041667 0.46875000
vt 0.01041667 0.50000000
vt 0.01041667 0.53125000
vt 0.01041667 0.56250000
vt 0.01041667 0.59375000
vt 0.01041667 0.62500000
vt 0.01041667 0.65625000
vt 0.01041667 0.68750000
vt 0.01041667 0.71875000
vt 0.01041667 0.75000000
vt 0.01041667 0.78125000
vt 0.01041667 0.81250000
vt 0.01041667 0.84375000
vt 0.01041667 0.87500000
vt 0.01041667 0.90625000
vt 0.01041667 0.93750000
vt 0.01041667 0.96875000
vt 0.01041667 1.00000000
vt 0.02083333 0.00000000
vt 0.02083333 0.03125000
vt 0.02083333 0.06250000
vt 0.02083333 0.09375000
vt 0.02083333 0.12500000
vt 0.02083333 0.15625000
vt 0.02083333 0.18750000
vt 0.02083333 0.21875000
vt 0.02083333 0.25000000
vt 0.02083333 0.28125000
vt 0.02083333 0.31250000
vt 0.02083333 0.34375000
vt 0.02083333 0.37500000
vt 0.02083333 0.40625000
vt 0.02083333 0.43750000
vt 0.02083333 0.46875000
vt 0.02083333 0.50000000
vt 0.02083333 0.53125000
vt 0.02083333 0.56250000
vt 0.02083333 0.59375000
vt 0.02083333 0.62500000
vt 0.02083333 0.65625000
vt 0.02083333 0.68750000
vt 0.02083333 0.71875000
vt 0.02083333 0.75000000
vt 0.02083333 0.78125000
vt 0.02083333 0.81250000
vt 0.02083333 0.84375000
vt 0.02083333 0.87500000
vt 0.02083333 0.90625000
vt 0.02083333 0.93750000
vt 0.02083333 0.96875000
vt 0.02083333 1.00000000
vt 0.03125000 0.00000000
vt 0.03125000 0.03125000
vt 0.03125000 0.06250000
vt 0.03125000 0.09375000
vt 0.03125000 0.12500000
vt 0.03125000 0.15625000
vt 0.03125000 0.18750000
vt 0.03125000 0.21875000
vt 0.03125000 0.25000000
vt 0.03125000 0.28125000
vt 0.03125000 0.31250000
vt 0.03125000 0.34375000
vt 0.03125000 0.37500000
vt 0.03125000 0.40625000
vt 0.03125000 0.43750000
vt 0.03125000 0.46875000
vt 0.03125000 0.50000000
vt 0.03125000 0.53125000
vt 0.03125000 0.56250000
vt 0.03125000 0.59375000
vt 0.03125000 0.62500000
vt 0.03125000 0.65625000
vt 0.03125000 0.68750000
vt 0.03125000 0.71875000
vt 0.03125000 0.75000000
vt 0.03125000 0.78125000
vt 0.03125000 0.81250000
vt 0.03125000 0.84375000
vt 0.03125000 0.87500000
vt 0.03125000 0.90625000
vt 0.03125000 0.93750000
vt 0.03125000 0.96875000
vt 0.03125000 1.00000000
vt 0.04166667 0.00000000
vt 0.04166667 0.03125000
vt 0.04166667 0.06250000
vt 0.04166667 0.09375000
vt 0.04166667 0.12500000
vt 0.04166667 0.15625000
vt 0.04166667 0.18750000
vt 0.04166667 0.21875000
vt 0.04166667 0.25000000
vt 0.04166667 0.28125000
vt 0.04166667 0.31250000
vt 0.04166667 0.34375000
vt 0.04166667 0.37500000
vt 0.04166667 0.40625000
vt 0.04166667 0.43750000
vt 0.04166667 0.46875000
vt 0.04166667 0.50000000
vt 0.04166667 0.53125000
vt 0.04166667 0.56250000
vt 0.04166667 0.59375000
vt 0.04166667 0.62500000
vt 0.04166667 0.65625000
vt 0.04166667 0.68750000
vt 0.04166667 0.71875000
vt 0.04166667 0.75000000
vt 0.04166667 0.78125000
vt 0.04166667 0.81250000
vt 0.04166667 0.84375000
vt 0.04166667 0.87500000
vt 0.04166667 0.90625000
vt 0.04166667 0.93750000
vt 0.04166667 0.96875000
vt 0.04166667 1.00000000
vt 0.05208333 0.00000000
vt 0.05208333 0.03125000
vt 0.05208333 0.06250000
vt 0.05208333 0.09375000
vt 0.05208333 0.12500000
vt 0.05208333 0.15625000
vt 0.05208333 0.18750000
vt 0.05208333 0.21875000
vt 0.05208333 0.25000000
vt 0.05208333 0.28125000
vt 0.05208333 0.31250000
vt 0.05208333 0.34375000
vt 0.05208333 0.37500000
vt 0.05208333 0.40625000
vt 0.05208333 0.43750000
vt 0.05208333 0.46875000
vt 0.05208333 0.50000000
vt 0.05208333 0.53125000
vt 0.05208333 0.56250000
vt 0.05208333 0.59375000
vt 0.05208333 0.62500000
vt 0.05208333 0.65625000
vt 0.05208333 0.68750000
vt 0.05208333 0.71875000
vt 0.05208333 0.75000000
vt 0.05208333 0.78125000
vt 0.05208333 0.81250000
vt 0.05208333 0.84375000
vt 0.05208333 0.87500000
vt 0.05208333 0.90625000
vt 0.05208333 0.93750000
vt 0.05208333 0.96875000
vt 0.05208333 1.00000000
vt 0.06250000 0.00000000
vt 0.06250000 0.03125000
vt 0.06250000 0.06250000
vt 0.06250000 0.09375000
vt 0.06250000 0.12500000
vt 0.06250000 0.15625000
vt 0.06250000 0.18750000
vt 0.06250000 0.21875000
vt 0.06250000 0.25000000
vt 0.06250000 0.28125000
vt 0.06250000 0.31250000
vt 0.06250000 0.34375000
vt 0.06250000 0.37500000
vt 0.06250000 0.40625000
vt 0.06250000 0.43750000
vt 0.06250000 0.46875000
vt 0.06250000 0.50000000
vt 0.06250000 0.53125000
vt 0.06250000 0.56250000
vt 0.06250000 0.59375000
vt 0.06250000 0.62500000
vt 0.06250000 0.65625000
vt 0.06250000 0.68750000
vt 0.06250000 0.71875000
vt 0.06250000 0.75000000
vt 0.06250000 0.78125000
vt 0.06250000 0.81250000
vt 0.06250000 0.84375000
vt 0.06250000 0.87500000
vt 0.06250000 0.90625000
vt 0.06250000 0.93750000
vt 0.06250000 0.96875000
vt 0.06250000 1.00000000
vt 0.07291667 0.00000000
vt 0.07291667 0.03125000
vt 0.07291667 0.06250000
vt 0.07291667 0.09375000
vt 0.07291667 0.12500000
vt 0.07291667 0.15625000
vt 0.07291667 0.18750000
vt 0.07291667 0.21875000
vt 0.07291667 0.25000000
vt 0.07291667 0.28125000
vt 0.07291667 0.31250000
vt 0.07291667 0.34375000
vt 0.07291667 0.37500000
vt 0.07291667 0.40625000
vt 0.07291667 0.43750000
vt 0.07291667 0.46875000
vt 0.07291667 0.50000000
vt 0.07291667 0.53125000
vt 0.07291667 0.56250000
vt 0.07291667 0.59375000
vt 0.07291667 0.62500000
vt 0.07291667 0.65625000
vt 0.07291667 0.68750000
vt 0.07291667 0.71875000
vt 0.07291667 0.75000000
vt 0.07291667 0.78125000
vt 0.07291667 0.81250000
vt 0.07291667 0.84375000
vt 0.07291667 0.87500000
vt 0.07291667 0.90625000
vt 0.07291667 0.93750000
vt 0.07291667 0.96875000
vt 0.07291667 1.00000000
vt 0.08333333 0.00000000
vt 0.08333333 0.03125000
vt 0.08333333 0.06250000
vt 0.08333333 0.09375000
vt 0.08333333 0.12500000
vt 0.08333333 0.15625000
vt 0.08333333 0.18750000
vt 0.08333333 0.21875000
vt 0.08333333 0.25000000
vt 0.08333333 0.28125000
vt 0.08333333 0.31250000
vt 0.08333333 0.34375000
vt 0.08333333 0.37500000
vt 0.08333333 0.40625000
vt 0.08333333 0.43750000
vt 0.08333333 0.46875000
vt 0.08333333 0.50000000
vt 0.08333333 0.53125000
vt 0.08333333 0.56250000
vt 0.08333333 0.59375000
vt 0.08333333 0.62500000
vt 0.08333333 0.65625000
vt 0.08333333 0.68750000
vt 0.08333333 0.71875000
vt 0.08333333 0.75000000
vt 0.08333333 0.78125000
vt 0.08333333 0.81250000
vt 0.08333333 0.84375000
vt 0.08333333 0.87500000
vt 0.08333333 0.90625000
vt 0.08333333 0.93750000
vt 0.08333333 0.96875000
vt 0.08333333 1.00000000
vt 0.09375000 0.00000000
vt 0.09375000 0.03125000
vt 0.09375000 0.06250000
vt 0.09375000 0.09375000
vt 0.09375000 0.12500000
vt 0.09375000 0.15625000
vt 0.09375000 0.18750000
vt 0.09375000 0.21875000
vt 0.09375000 0.25000000
vt 0.09375000 0.28125000
vt 0.09375000 0.31250000
vt 0.09375000 0.34375000
vt 0.09375000 0.37500000
vt 0.09375000 0.40625000
vt 0.09375000 0.43750000
vt 0.09375000 0.46875000
vt 0.09375000 0.50000000
vt 0.09375000 0.53125000
vt 0.09375000 0.56250000
vt 0.09375000 0.59375000
vt 0.09375000 0.62500000
vt 0.09375000 0.65625000
vt 0.09375000 0.68750000
vt 0.09375000 0.71875000
vt 0.09375000 0.75000000
vt 0.09375000 0.78125000
vt 0.09375000 0.81250000
vt 0.09375000 0.84375000
vt 0.09375000 0.87500000
vt 0.09375000 0.90625000
vt 0.09375000 0.93750000
vt 0.09375000 0.96875000
vt 0.09375000 1.00000000
vt 0.10416667 0.00000000
vt 0.10416667 0.03125000
vt 0.10416667 0.06250000
vt 0.10416667 0.09375000
vt 0.10416667 0.12500000
vt 0.10416667 0.15625000
vt 0.10416667 0.18750000
vt 0.10416667 0.21875000
vt 0.10416667 0.25000000
vt 0.10416667 0.28125000
vt 0.10416667 0.31250000
vt 0.10416667 0.34375000
vt 0.10416667 0.37500000
vt 0.10416667 0.40625000
vt 0.10416667 0.43750000
vt 0.10416667 0.46875000
vt 0.10416667 0.50000000
vt 0.10416667 0.53125000
vt 0.10416667 0.56250000
vt 0.10416667 0.59375000
vt 0.10416667 0.62500000
vt 0.10416667 0.65625000
vt 0.10416667 0.68750000
vt 0.10416667 0.71875000
vt 0.10416667 0.75000000
vt 0.10416667 0.78125000
vt 0.10416667 0.81250000
vt 0.10416667 0.84375000
vt 0.10416667 0.87500000
vt 0.10416667 0.90625000
vt 0.10416667 0.93750000
vt 0.10416667 0.96875000
vt 0.10416667 1.00000000
vt 0.11458333 0.00000000
vt 0.11458333 0.03125000
vt 0.11458333 0.06250000
vt 0.11458333 0.09375000
vt 0.11458333 0.12500000
vt 0.11458333 0.15625000
vt 0.11458333 0.18750000
vt 0.11458333 0.21875000
vt 0.11458333 0.25000000
vt 0.11458333 0.28125000
vt 0.11458333 0.31250000
vt 0.11458333 0.34375000
vt 0.11458333 0.37500000
vt 0.11458333 0.40625000
vt 0.11458333 0.43750000
vt 0.11458333 0.46875000
vt 0.11458333 0.50000000
vt 0.11458333 0.53125000
vt 0.11458333 0.56250000
vt 0.11458333 0.59375000
vt 0.11458333 0.62500000
vt 0.11458333 0.65625000
vt 0.11458333 0.68750000
vt 0.11458333 0.71875000
vt 0.11458333 0.75000000
vt 0.11458333 0.78125000
vt 0.11458333 0.81250000
vt 0.11458333 0.84375000
vt 0.11458333 0.87500000
vt 0.11458333 0.90625000
vt 0.11458333 0.93750000
vt 0.11458333 0.96875000
vt 0.11458333 1.00000000
vt 0.12500000 0.00000000
vt 0.12500000 0.03125000
vt 0.12500000 0.06250000
vt 0.12500000 0.09375000
vt 0.12500000 0.12500000
vt 0.12500000 0.15625000
vt 0.12500000 0.18750000
vt 0.12500000 0.21875000
vt 0.12500000 0.25000000
vt 0.12500000 0.28125000
vt 0.12500000 0.31250000
vt 0.12500000 0.34375000
vt 0.12500000 0.37500000
vt 0.12500000 0.40625000
vt 0.12500000 0.43750000
vt 0.12500000 0.46875000
vt 0.12500000 0.50000000
vt 0.12500000 0.53125000
vt 0.12500000 0.56250000
vt 0.12500000 0.59375000
vt 0.12500000 0.62500000
vt 0.12500000 0.65625000
vt 0.12500000 0.68750000
vt 0.12500000 0.71875000
vt 0.12500000 0.75000000
vt 0.12500000 0.78125000
vt 0.12500000 0.81250000
vt 0.12500000 0.84375000
vt 0.12500000 0.87500000
vt 0.12500000 0.90625000
vt 0.12500000 0.93750000
vt 0.12500000 0.96875000
vt 0.12500000 1.00000000
vt 0.13541667 0.00000000
vt 0.13541667 0.03125000
vt 0.13541667 0.06250000
vt 0.13541667 0.09375000
vt 0.13541667 0.12500000
vt 0.13541667 0.15625000
vt 0.13541667 0.18750000
vt 0.13541667 0.21875000
vt 0.13541667 0.25000000
vt 0.13541667 0.28125000
vt 0.13541667 0.31250000
vt 0.13541667 0.34375000
vt 0.13541667 0.37500000
vt 0.13541667 0.40625000
vt 0.13541667 0.43750000
vt 0.13541667 0.46875000
vt 0.13541667 0.50000000
vt 0.13541667 0.53125000
vt 0.13541667 0.56250000
vt 0.13541667 0.59375000
vt 0.13541667 0.62500000
vt 0.13541667 0.65625000
vt 0.13541667 0.68750000
vt 0.13541667 0.71875000
vt 0.13541667 0.75000000
vt 0.13541667 0.78125000
vt 0.13541667 0.81250000
vt 0.13541667 0.84375000
vt 0.13541667 0.87500000
vt 0.13541667 0.90625000
vt 0.13541667 0.93750000
vt 0.13541667 0.96875000
vt 0.13541667 1.00000000
vt 0.14583333 0.00000000
vt 0.14583333 0.03125000
vt 0.14583333 0.06250000
vt 0.14583333 0.09375000
vt 0.14583333 0.12500000
vt 0.14583333 0.15625000
vt 0.14583333 0.18750000
vt 0.14583333 0.21875000
vt 0.14583333 0.25000000
vt 0.14583333 0.28125000
vt 0.14583333 0.31250000
vt 0.14583333 0.34375000
vt 0.14583333 0.37500000
vt 0.14583333 0.40625000
vt 0.14583333 0.43750000
vt 0.14583333 0.46875000
vt 0.14583333 0.50000000
vt 0.14583333 0.53125000
vt 0.14583333 0.56250000
vt 0.14583333 0.59375000
vt 0.14583333 0.62500000
vt 0.14583333 0.65625000
vt 0.14583333 0.68750000
vt 0.14583333 0.71875000
vt 0.14583333 0.75000000
vt 0.14583333 0.78125000
vt 0.14583333 0.81250000
vt 0.14583333 0.84375000
vt 0.14583333 0.87500000
vt 0.14583333 0.90625000
vt 0.14583333 0.93750000
vt 0.14583333 0.96875000
vt 0.14583333 1.00000000
vt 0.15625000 0.00000000
vt 0.15625000 0.03125000
vt 0.15625000 0.06250000
vt 0.15625000 0.09375000
vt 0.15625000 0.12500000
vt 0.15625000 0.15625000
vt 0.15625000 0.18750000
vt 0.15625000 0.21875000
vt 0.15625000 0.25000000
vt 0.15625000 0.28125000
vt 0.15625000 0.31250000
vt 0.15625000 0.34375000
vt 0.15625000 0.37500000
vt 0.15625000 0.40625000
vt 0.15625000 0.43750000
vt 0.15625000 0.46875000
vt 0.15625000 0.50000000
vt 0.15625000 0.53125000
vt 0.15625000 0.56250000
vt 0.15625000 0.59375000
vt 0.15625000 0.62500000
vt 0.15625000 0.65625000
vt 0.15625000 0.68750000
vt 0.15625000 0.71875000
vt 0.15625000 0.75000000
vt 0.15625000 0.78125000
vt 0.15625000 0.81250000
vt 0.15625000 0.84375000
vt 0.15625000 0.87500000
vt 0.15625000 0.90625000
vt 0.15625000 0.93750000
vt 0.15625000 0.96875000
vt 0.15625000 1.00000000
vt 0.16666667 0.00000000
vt 0.16666667 0.03125000
vt 0.16666667 0.06250000
vt 0.16666667 0.09375000
vt 0.16666667 0.12500000
vt 0.16666667 0.15625000
vt 0.16666667 0.18750000
vt 0.16666667 0.21875000
vt 0.16666667 0.25000000
vt 0.16666667 0.28125000
vt 0.16666667 0.31250000
vt 0.16666667 0.34375000
vt 0.16666667 0.37500000
vt 0.16666667 0.40625000
vt 0.16666667 0.43750000
vt 0.16666667 0.46875000
vt 0.16666667 0.50000000
vt 0.16666667 0.53125000
vt 0.16666667 0.56250000
vt 0.16666667 0.59375000
vt 0.16666667 0.62500000
vt 0.16666667 0.65625000
vt 0.16666667 0.68750000
vt 0.16666667 0.71875000
vt 0.16666667 0.75000000
vt 0.16666667 0.78125000
vt 0.16666667 0.81250000
vt 0.16666667 0.84375000
vt 0.16666667 0.87500000
vt 0.16666667 0.90625000
vt 0.16666667 0.93750000
vt 0.16666667 0.96875000
vt 0.16666667 1.00000000
vt 0.17708333 0.00000000
vt 0.17708333 0.03125000
vt 0.17708333 0.06250000
vt 0.17708333 0.09375000
vt 0.17708333 0.12500000
vt 0.17708333 0.15625000
vt 0.17708333 0.18750000
vt 0.17708333 0.21875000
vt 0.17708333 0.25000000
vt 0.17708333 0.28125000
vt 0.17708333 0.31250000
vt 0.17708333 0.34375000
vt 0.17708333 0.37500000
vt 0.17708333 0.40625000
vt 0.17708333 0.43750000
vt 0.17708333 0.46875000
vt 0.17708333 0.50000000
vt 0.17708333 0.53125000
vt 0.17708333 0.56250000
vt 0.17708333 0.59375000
vt 0.17708333 0.62500000
vt 0.17708333 0.65625000
vt 0.17708333 0.68750000
vt 0.17708333 0.71875000
vt 0.17708333 0.75000000
vt 0.17708333 0.78125000
vt 0.17708333 0.81250000
vt 0.17708333 0.84375000
vt 0.17708333 0.87500000
vt 0.17708333 0.90625000
vt 0.17708333 0.93750000
vt 0.17708333 0.96875000
vt 0.17708333 1.00000000
vt 0.18750000 0.00000000
vt 0.18750000 0.03125000
vt 0.18750000 0.06250000
vt 0.18750000 0.09375000
vt 0.18750000 0.12500000
vt 0.18750000 0.15625000
vt 0.18750000 0.18750000
vt 0.18750000 0.21875000
vt 0.18750000 0.25000000
vt 0.18750000 0.28125000
vt 0.18750000 0.31250000
vt 0.18750000 0.34375000
vt 0.18750000 0.37500000
vt 0.18750000 0.40625000
vt 0.18750000 0.43750000
vt 0.18750000 0.46875000
vt 0.18750000 0.50000000
vt 0.18750000 0.53125000
vt 0.18750000 0.56250000
vt 0.18750000 0.59375000
vt 0.18750000 0.62500000
vt 0.18750000 0.65625000
vt 0.18750000 0.68750000
vt 0.18750000 0.71875000
vt 0.18750000 0.75000000
vt 0.18750000 0.78125000
vt 0.18750000 0.81250000
vt 0.18750000 0.84375000
vt 0.18750000 0.87500000
vt 0.18750000 0.90625000
vt 0.18750000 0.93750000
vt 0.18750000 0.96875000
vt 0.18750000 1.00000000
vt 0.19791667 0.00000000
vt 0.19791667 0.03125000
vt 0.19791667 0.06250000
vt 0.19791667 0.09375000
vt 0.19791667 0.12500000
vt 0.19791667 0.15625000
vt 0.19791667 0.18750000
vt 0.19791667 0.21875000
vt 0.19791667 0.25000000
vt 0.19791667 0.28125000
vt 0.19791667 0.31250000
vt 0.19791667 0.34375000
vt 0.19791667 0.37500000
vt 0.19791667 0.40625000
vt 0.19791667 0.43750000
vt 0.19791667 0.46875000
vt 0.19791667 0.50000000
vt 0.19791667 0.53125000
vt 0.19791667 0.56250000
vt 0.19791667 0.59375000
vt 0.19791667 0.62500000
vt 0.19791667 0.65625000
vt 0.19791667 0.68750000
vt 0.19791667 0.71875000
vt 0.19791667 0.75000000
vt 0.19791667 0.78125000
vt 0.19791667 0.81250000
vt 0.19791667 0.84375000
vt 0.19791667 0.87500000
vt 0.19791667 0.90625000
vt 0.19791667 0.93750000
vt 0.19791667 0.96875000
vt 0.19791667 1.00000000
vt 0.20833333 0.00000000
vt 0.20833333 0.03125000
vt 0.20833333 0.06250000
vt 0.20833333 0.09375000
vt 0.20833333 0.12500000
vt 0.20833333 0.15625000
vt 0.20833333 0.18750000
vt 0.20833333 0.21875000
vt 0.20833333 0.25000000
vt 0.20833333 0.28125000
vt 0.20833333 0.31250000
vt 0.20833333 0.34375000
vt 0.20833333 0.37500000
vt 0.20833333 0.40625000
vt 0.20833333 0.43750000
vt 0.20833333 0.46875000
vt 0.20833333 0.50000000
vt 0.20833333 0.53125000
vt 0.20833333 0.56250000
vt 0.20833333 0.59375000
vt 0.20833333 0.62500000
vt 0.20833333 0.65625000
vt 0.20833333 0.68750000
vt 0.20833333 0.71875000
vt 0.20833333 0.75000000
vt 0.20833333 0.78125000
vt 0.20833333 0.81250000
vt 0.20833333 0.84375000
vt 0.20833333 0.87500000
vt 0.20833333 0.90625000
vt 0.20833333 0.93750000
vt 0.20833333 0.96875000
vt 0.20833333 1.00000000
vt 0.21875000 0.00000000
vt 0.21875000 0.03125000
vt 0.21875000 0.06250000
vt 0.21875000 0.09375000
vt 0.21875000 0.12500000
vt 0.21875000 0.15625000
vt 0.21875000 0.18750000
vt 0.21875000 0.21875000
vt 0.21875000 0.25000000
vt 0.21875000 0.28125000
vt 0.21875000 0.31250000
vt 0.21875000 0.34375000
vt 0.21875000 0.37500000
vt 0.21875000 0.40625000
vt 0.21875000 0.43750000
vt 0.21875000 0.46875000
vt 0.21875000 0.50000000
vt 0.21875000 0.53125000
vt 0.21875000 0.56250000
vt 0.21875000 0.59375000
vt 0.21875000 0.62500000
vt 0.21875000 0.65625000
vt 0.21875000 0.68750000
vt 0.21875000 0.71875000
vt 0.21875000 0.75000000
vt 0.21875000 0.78125000
vt 0.21875000 0.81250000
vt 0.21875000 0.84375000
vt 0.21875000 0.87500000
vt 0.21875000 0.90625000
vt 0.21875000 0.93750000
vt 0.21875000 0.96875000
vt 0.21875000 1.00000000
vt 0.22916667 0.00000000
vt 0.22916667 0.03125000
vt 0.22916667 0.06250000
vt 0.22916667 0.09375000
vt 0.22916667 0.12500000
vt 0.22916667 0.15625000
vt 0.22916667 0.18750000
vt 0.22916667 0.21875000
vt 0.22916667 0.25000000
vt 0.22916667 0.28125000
vt 0.22916667 0.31250000
vt 0.22916667 0.34375000
vt 0.22916667 0.37500000
vt 0.22916667 0.40625000
vt 0.22916667 0.43750000
vt 0.22916667 0.46875000
vt 0.22916667 0.50000000
vt 0.22916667 0.53125000
vt 0.22916667 0.56250000
vt 0.22916667 0.59375000
vt 0.22916667 0.62500000
vt 0.22916667 0.65625000
vt 0.22916667 0.68750000
vt 0.22916667 0.71875000
vt 0.22916667 0.75000000
vt 0.22916667 0.78125000
vt 0.22916667 0.81250000
vt 0.22916667 0.84375000
vt 0.22916667 0.87500000
vt 0.22916667 0.90625000
vt 0.22916667 0.93750000
vt 0.22916667 0.96875000
vt 0.22916667 1.00000000
vt 0.23958333 0.00000000
vt 0.23958333 0.03125000
vt 0.23958333 0.06250000
vt 0.23958333 0.09375000
vt 0.23958333 0.12500000
vt 0.23958333 0.15625000
vt 0.23958333 0.18750000
vt 0.23958333 0.21875000
vt 0.23958333 0.25000000
vt 0.23958333 0.28125000
vt 0.23958333 0.31250000
vt 0.23958333 0.34375000
vt 0.23958333 0.37500000
vt 0.23958333 0.40625000
vt 0.23958333 0.43750000
vt 0.23958333 0.46875000
vt 0.23958333 0.50000000
vt 0.23958333 0.53125000
vt 0.23958333 0.56250000
vt 0.23958333 0.59375000
vt 0.23958333 0.62500000
vt 0.23958333 0.65625000
vt 0.23958333 0.68750000
vt 0.23958333 0.71875000
vt 0.23958333 0.75000000
vt 0.23958333 0.78125000
vt 0.23958333 0.81250000
vt 0.23958333 0.84375000
vt 0.23958333 0.87500000
vt 0.23958333 0.90625000
vt 0.23958333 0.93750000
vt 0.23958333 0.96875000
vt 0.23958333 1.00000000
vt 0.25000000 0.00000000
vt 0.25000000 0.03125000
vt 0.25000000 0.06250000
vt 0.25000000 0.09375000
vt 0.25000000 0.12500000
vt 0.25000000 0.15625000
vt 0.25000000 0.18750000
vt 0.25000000 0.21875000
vt 0.25000000 0.25000000
vt 0.25000000 0.28125000
vt 0.25000000 0.31250000
vt 0.25000000 0.34375000
vt 0.25000000 0.37500000
vt 0.25000000 0.40625000
vt 0.25000000 0.43750000
vt 0.25000000 0.46875000
vt 0.25000000 0.50000000
vt 0.25000000 0.53125000
vt 0.25000000 0.56250000
vt 0.25000000 0.59375000
vt 0.25000000 0.62500000
vt 0.25000000 0.65625000
vt 0.25000000 0.68750000
vt 0.25000000 0.71875000
vt 0.25000000 0.75000000
vt 0.25000000 0.78125000
vt 0.25000000 0.81250000
vt 0.25000000 0.84375000
vt 0.25000000 0.87500000
vt 0.25000000 0.90625000
vt 0.25000000 0.93750000
vt 0.25000000 0.96875000
vt 0.25000000 1.00000000
vt 0.26041667 0.00000000
vt 0.26041667 0.03125000
vt 0.26041667 0.06250000
vt 0.26041667 0.09375000
vt 0.26041667 0.12500000
vt 0.26041667 0.15625000
vt 0.26041667 0.18750000
vt 0.26041667 0.21875000
vt 0.26041667 0.25000000
vt 0.26041667 0.28125000
vt 0.26041667 0.31250000
vt 0.26041667 0.34375000
vt 0.26041667 0.37500000
vt 0.26041667 0.40625000
vt 0.26041667 0.43750000
vt 0.26041667 0.46875000
vt 0.26041667 0.50000000
vt 0.26041667 0.53125000
vt 0.26041667 0.56250000
vt 0.26041667 0.59375000
vt 0.26041667 0.62500000
vt 0.26041667 0.65625000
vt 0.26041667 0.68750000
vt 0.26041667 0.71875000
vt 0.26041667 0.75000000
vt 0.26041667 0.78125000
vt 0.26041667 0.81250000
vt 0.26041667 0.84375000
vt 0.26041667 0.87500000
vt 0.26041667 0.90625000
vt 0.26041667 0.93750000
vt 0.26041667 0.96875000
vt 0.26041667 1.00000000
vt 0.27083333 0.00000000
vt 0.27083333 0.03125000
vt 0.27083333 0.06250000
vt 0.27083333 0.09375000
vt 0.27083333 0.12500000
vt 0.27083333 0.15625000
vt 0.27083333 0.18750000
vt 0.27083333 0.21875000
vt 0.27083333 0.25000000
vt 0.27083333 0.28125000
vt 0.27083333 0.31250000
vt 0.27083333 0.34375000
vt 0.27083333 0.37500000
vt 0.27083333 0.40625000
vt 0.27083333 0.43750000
vt 0.27083333 0.46875000
vt 0.27083333 0.50000000
vt 0.27083333 0.53125000
vt 0.27083333 0.56250000
vt 0.27083333 0.59375000
vt 0.27083333 0.62500000
vt 0.27083333 0.65625000
vt 0.27083333 0.68750000
vt 0.27083333 0.71875000
vt 0.27083333 0.75000000
vt 0.27083333 0.78125000
vt 0.27083333 0.81250000
vt 0.27083333 0.84375000
vt 0.27083333 0.87500000
vt 0.27083333 0.90625000
vt 0.27083333 0.93750000
vt 0.27083333 0.96875000
vt 0.27083333 1.00000000
vt 0.28125000 0.00000000
vt 0.28125000 0.03125000
vt 0.28125000 0.06250000
vt 0.28125000 0.09375000
vt 0.28125000 0.12500000
vt 0.28125000 0.15625000
vt 0.28125000 0.18750000
vt 0.28125000 0.21875000
vt 0.28125000 0.25000000
vt 0.28125000 0.28125000
vt 0.28125000 0.31250000
vt 0.28125000 0.34375000
vt 0.28125000 0.37500000
vt 0.28125000 0.40625000
vt 0.28125000 0.43750000
vt 0.28125000 0.46875000
vt 0.28125000 0.50000000
vt 0.28125000 0.53125000
vt 0.28125000 0.56250000
vt 0.28125000 0.59375000
vt 0.28125000 0.62500000
vt 0.28125000 0.65625000
vt 0.28125000 0.68750000
vt 0.28125000 0.71875000
vt 0.28125000 0.75000000
vt 0.28125000 0.78125000
vt 0.28125000 0.81250000
vt 0.28125000 0.84375000
vt 0.28125000 0.87500000
vt 0.28125000 0.90625000
vt 0.28125000 0.93750000
vt 0.28125000 0.96875000
vt 0.28125000 1.00000000
vt 0.29166667 0.00000000
vt 0.29166667 0.03125000
vt 0.29166667 0.06250000
vt 0.29166667 0.09375000
vt 0.29166667 0.12500000
vt 0.29166667 0.15625000
vt 0.29166667 0.18750000
vt 0.29166667 0.21875000
vt 0.29166667 0.25000000
vt 0.29166667 0.28125000
vt 0.29166667 0.31250000
vt 0.29166667 0.34375000
vt 0.29166667 0.37500000
vt 0.29166667 0.40625000
vt 0.29166667 0.43750000
vt 0.29166667 0.46875000
vt 0.29166667 0.50000000
vt 0.29166667 0.53125000
vt 0.29166667 0.56250000
vt 0.29166667 0.59375000
vt 0.29166667 0.62500000
vt 0.29166667 0.65625000
vt 0.29166667 0.68750000
vt 0.29166667 0.71875000
vt 0.29166667 0.75000000
vt 0.29166667 0.78125000
vt 0.29166667 0.81250000
vt 0.29166667 0.84375000
vt 0.29166667 0.87500000
vt 0.29166667 0.90625000
vt 0.29166667 0.93750000
vt 0.29166667 0.96875000
vt 0.29166667 1.00000000
vt 0.30208333 0.00000000
vt 0.30208333 0.03125000
vt 0.30208333 0.06250000
vt 0.30208333 0.09375000
vt 0.30208333 0.12500000
vt 0.30208333 0.15625000
vt 0.30208333 0.18750000
vt 0.30208333 0.21875000
vt 0.30208333 0.25000000
vt 0.30208333 0.28125000
vt 0.30208333 0.31250000
vt 0.30208333 0.34375000
vt 0.30208333 0.37500000
vt 0.30208333 0.40625000
vt 0.30208333 0.43750000
vt 0.30208333 0.46875000
vt 0.30208333 0.50000000
vt 0.30208333 0.53125000
vt 0.30208333 0.56250000
vt 0.30208333 0.59375000
vt 0.30208333 0.62500000
vt 0.30208333 0.65625000
vt 0.30208333 0.68750000
vt 0.30208333 0.71875000
vt 0.30208333 0.75000000
vt 0.30208333 0.78125000
vt 0.30208333 0.81250000
vt 0.30208333 0.84375000
vt 0.30208333 0.87500000
vt 0.30208333 0.90625000
vt 0.30208333 0.93750000
vt 0.30208333 0.96875000
vt 0.30208333 1.00000000
vt 0.31250000 0.00000000
vt 0.31250000 0.03125000
vt 0.31250000 0.06250000
vt 0.31250000 0.09375000
vt 0.31250000 0.12500000
vt 0.31250000 0.15625000
vt 0.31250000 0.18750000
vt 0.31250000 0.21875000
vt 0.31250000 0.25000000
vt 0.31250000 0.28125000
vt 0.31250000 0.31250000
vt 0.31250000 0.34375000
vt 0.31250000 0.37500000
vt 0.31250000 0.40625000
vt 0.31250000 0.43750000
vt 0.31250000 0.46875000
vt 0.31250000 0.50000000
vt 0.31250000 0.53125000
vt 0.31250000 0.56250000
vt 0.31250000 0.59375000
vt 0.31250000 0.62500000
vt 0.31250000 0.65625000
vt 0.31250000 0.68750000
vt 0.31250000 0.71875000
vt 0.31250000 0.75000000
vt 0.31250000 0.78125000
vt 0.31250000 0.81250000
vt 0.31250000 0.84375000
vt 0.31250000 0.87500000
vt 0.31250000 0.90625000
vt 0.31250000 0.93750000
vt 0.31250000 0.96875000
vt 0.31250000 1.00000000
vt 0.32291667 0.00000000
vt 0.32291667 0.03125000
vt 0.32291667 0.06250000
vt 0.32291667 0.09375000
vt 0.32291667 0.12500000
vt 0.32291667 0.15625000
vt 0.32291667 0.18750000
vt 0.32291667 0.21875000
vt 0.32291667 0.25000000
vt 0.32291667 0.28125000
vt 0.32291667 0.31250000
vt 0.32291667 0.34375000
vt 0.32291667 0.37500000
vt 0.32291667 0.40625000
vt 0.32291667 0.43750000
vt 0.32291667 0.46875000
vt 0.32291667 0.50000000
vt 0.32291667 0.53125000
vt 0.32291667 0.56250000
vt 0.32291667 0.59375000
vt 0.32291667 0.62500000
vt 0.32291667 0.65625000
vt 0.32291667 0.68750000
vt 0.32291667 0.71875000
vt 0.32291667 0.75000000
vt 0.32291667 0.78125000
vt 0.32291667 0.81250000
vt 0.32291667 0.84375000
vt 0.32291667 0.87500000
vt 0.32291667 0.90625000
vt 0.32291667 0.93750000
vt 0.32291667 0.96875000
vt 0.32291667 1.00000000
vt 0.33333333 0.00000000
vt 0.33333333 0.03125000
vt 0.33333333 0.06250000
vt 0.33333333 0.09375000
vt 0.33333333 0.12500000
vt 0.33333333 0.15625000
vt 0.33333333 0.18750000
vt 0.33333333 0.21875000
vt 0.33333333 0.25000000
vt 0.33333333 0.28125000
vt 0.33333333 0.31250000
vt 0.33333333 0.34375000
vt 0.33333333 0.37500000
vt 0.33333333 0.40625000
vt 0.33333333 0.43750000
vt 0.33333333 0.46875000
vt 0.33333333 0.50000000
vt 0.33333333 0.53125000
vt 0.33333333 0.56250000
vt 0.33333333 0.59375000
vt 0.33333333 0.62500000
vt 0.33333333 0.65625000
vt 0.33333333 0.68750000
vt 0.33333333 0.71875000
vt 0.33333333 0.75000000
vt 0.33333333 0.78125000
vt 0.33333333 0.81250000
vt 0.33333333 0.84375000
vt 0.33333333 0.87500000
vt 0.33333333 0.90625000
vt 0.33333333 0.93750000
vt 0.33333333 0.96875000
vt 0.33333333 1.00000000
vt 0.34375000 0.00000000
vt 0.34375000 0.03125000
vt 0.34375000 0.06250000
vt 0.34375000 0.09375000
vt 0.34375000 0.12500000
vt 0.34375000 0.15625000
vt 0.34375000 0.18750000
vt 0.34375000 0.21875000
vt 0.34375000 0.25000000
vt 0.34375000 0.28125000
vt 0.34375000 0.31250000
vt 0.34375000 0.34375000
vt 0.34375000 0.37500000
vt 0.34375000 0.40625000
vt 0.34375000 0.43750000
vt 0.34375000 0.46875000
vt 0.34375000 0.50000000
vt 0.34375000 0.53125000
vt 0.34375000 0.56250000
vt 0.34375000 0.59375000
vt 0.34375000 0.62500000
vt 0.34375000 0.65625000
vt 0.34375000 0.68750000
vt 0.34375000 0.71875000
vt 0.34375000 0.75000000
vt 0.34375000 0.78125000
vt 0.34375000 0.81250000
vt 0.34375000 0.84375000
vt 0.34375000 0.87500000
vt 0.34375000 0.90625000
vt 0.34375000 0.93750000
vt 0.34375000 0.96875000
vt 0.34375000 1.00000000
vt 0.35416667 0.00000000
vt 0.35416667 0.03125000
vt 0.35416667 0.06250000
vt 0.35416667 0.09375000
vt 0.35416667 0.12500000
vt 0.35416667 0.15625000
vt 0.35416667 0.18750000
vt 0.35416667 0.21875000
vt 0.35416667 0.25000000
vt 0.35416667 0.28125000
vt 0.35416667 0.31250000
vt 0.35416667 0.34375000
vt 0.35416667 0.37500000
vt 0.35416667 0.40625000
vt 0.35416667 0.43750000
vt 0.35416667 0.46875000
vt 0.35416667 0.50000000
vt 0.35416667 0.53125000
vt 0.35416667 0.56250000
vt 0.35416667 0.59375000
vt 0.35416667 0.62500000
vt 0.35416667 0.65625000
vt 0.35416667 0.68750000
vt 0.35416667 0.71875000
vt 0.35416667 0.75000000
vt 0.35416667 0.78125000
vt 0.35416667 0.81250000
vt 0.35416667 0.84375000
vt 0.35416667 0.87500000
vt 0.35416667 0.90625000
vt 0.35416667 0.93750000
vt 0.35416667 0.96875000
vt 0.35416667 1.00000000
vt 0.36458333 0.00000000
vt 0.36458333 0.03125000
vt 0.36458333 0.06250000
vt 0.36458333 0.09375000
vt 0.36458333 0.12500000
vt 0.36458333 0.15625000
vt 0.36458333 0.18750000
vt 0.36458333 0.21875000
vt 0.36458333 0.25000000
vt 0.36458333 0.28125000
vt 0.36458333 0.31250000
vt 0.36458333 0.34375000
vt 0.36458333 0.37500000
vt 0.36458333 0.40625000
vt 0.36458333 0.43750000
vt 0.36458333 0.46875000
vt 0.36458333 0.50000000
vt 0.36458333 0.53125000
vt 0.36458333 0.56250000
vt 0.36458333 0.59375000
vt 0.36458333 0.62500000
vt 0.36458333 0.65625000
vt 0.36458333 0.68750000
vt 0.36458333 0.71875000
vt 0.36458333 0.75000000
vt 0.36458333 0.78125000
vt 0.36458333 0.81250000
vt 0.36458333 0.84375000
vt 0.36458333 0.87500000
vt 0.36458333 0.90625000
vt 0.36458333 0.93750000
vt 0.36458333 0.96875000
vt 0.36458333 1.00000000
vt 0.37500000 0.00000000
vt 0.37500000 0.03125000
vt 0.37500000 0.06250000
vt 0.37500000 0.09375000
vt 0.37500000 0.12500000
vt 0.37500000 0.15625000
vt 0.37500000 0.18750000
vt 0.37500000 0.21875000
vt 0.37500000 0.25000000
vt 0.37500000 0.28125000
vt 0.37500000 0.31250000
vt 0.37500000 0.34375000
vt 0.37500000 0.37500000
vt 0.37500000 0.40625000
vt 0.37500000 0.43750000
vt 0.37500000 0.46875000
vt 0.37500000 0.50000000
vt 0.37500000 0.53125000
vt 0.37500000 0.56250000
vt 0.37500000 0.59375000
vt 0.37500000 0.62500000
vt 0.37500000 0.65625000
vt 0.37500000 0.68750000
vt 0.37500000 0.71875000
vt 0.37500000 0.75000000
vt 0.37500000 0.78125000
vt 0.37500000 0.81250000
vt 0.37500000 0.84375000
vt 0.37500000 0.87500000
vt 0.37500000 0.90625000
vt 0.37500000 0.93750000
vt 0.37500000 0.96875000
vt 0.37500000 1.00000000
vt 0.38541667 0.00000000
vt 0.38541667 0.03125000
vt 0.38541667 0.06250000
vt 0.38541667 0.09375000
vt 0.38541667 0.12500000
vt 0.38541667 0.15625000
vt 0.38541667 0.18750000
vt 0.38541667 0.21875000
vt 0.38541667 0.25000000
vt 0.38541667 0.28125000
vt 0.38541667 0.31250000
vt 0.38541667 0.34375000
vt 0.38541667 0.37500000
vt 0.38541667 0.40625000
vt 0.38541667 0.43750000
vt 0.38541667 0.46875000
vt 0.38541667 0.50000000
vt 0.38541667 0.53125000
vt 0.38541667 0.56250000
vt 0.38541667 0.59375000
vt 0.38541667 0.62500000
vt 0.38541667 0.65625000
vt 0.38541667 0.68750000
vt 0.38541667 0.71875000
vt 0.38541667 0.75000000
vt 0.38541667 0.78125000
vt 0.38541667 0.81250000
vt 0.38541667 0.84375000
vt 0.38541667 0.87500000
vt 0.38541667 0.90625000
vt 0.38541667 0.93750000
vt 0.38541667 0.96875000
vt 0.38541667 1.00000000
vt 0.39583333 0.00000000
vt 0.39583333 0.03125000
vt 0.39583333 0.06250000
vt 0.39583333 0.09375000
vt 0.39583333 0.12500000
vt 0.39583333 0.15625000
vt 0.39583333 0.18750000
vt 0.39583333 0.21875000
vt 0.39583333 0.25000000
vt 0.39583333 0.28125000
vt 0.39583333 0.31250000
vt 0.39583333 0.34375000
vt 0.39583333 0.37500000
vt 0.39583333 0.40625000
vt 0.39583333 0.43750000
vt 0.39583333 0.46875000
vt 0.39583333 0.50000000
vt 0.39583333 0.53125000
vt 0.39583333 0.56250000
vt 0.39583333 0.59375000
vt 0.39583333 0.62500000
vt 0.39583333 0.65625000
vt 0.39583333 0.68750000
vt 0.39583333 0.71875000
vt 0.39583333 0.75000000
vt 0.39583333 0.78125000
vt 0.39583333 0.81250000
vt 0.39583333 0.84375000
vt 0.39583333 0.87500000
vt 0.39583333 0.90625000
vt 0.39583333 0.93750000
vt 0.39583333 0.96875000
vt 0.39583333 1.00000000
vt 0.40625000 0.00000000
vt 0.40625000 0.03125000
vt 0.40625000 0.06250000
vt 0.40625000 0.09375000
vt 0.40625000 0.12500000
vt 0.40625000 0.15625000
vt 0.40625000 0.18750000
vt 0.40625000 0.21875000
vt 0.40625000 0.25000000
vt 0.40625000 0.28125000
vt 0.40625000 0.31250000
vt 0.40625000 0.34375000
vt 0.40625000 0.37500000
vt 0.40625000 0.40625000
vt 0.40625000 0.43750000
vt 0.40625000 0.46875000
vt 0.40625000 0.50000000
vt 0.40625000 0.53125000
vt 0.40625000 0.56250000
vt 0.40625000 0.59375000
vt 0.40625000 0.62500000
vt 0.40625000 0.65625000
vt 0.40625000 0.68750000
vt 0.40625000 0.71875000
vt 0.40625000 0.75000000
vt 0.40625000 0.78125000
vt 0.40625000 0.81250000
vt 0.40625000 0.84375000
vt 0.40625000 0.87500000
vt 0.40625000 0.90625000
vt 0.40625000 0.93750000
vt 0.40625000 0.96875000
vt 0.40625000 1.00000000
vt 0.41666667 0.00000000
vt 0.41666667 0.03125000
vt 0.41666667 0.06250000
vt 0.41666667 0.09375000
vt 0.41666667 0.12500000
vt 0.41666667 0.15625000
vt 0.41666667 0.18750000
vt 0.41666667 0.21875000
vt 0.41666667 0.25000000
vt 0.41666667 0.28125000
vt 0.41666667 0.31250000
vt 0.41666667 0.34375000
vt 0.41666667 0.37500000
vt 0.41666667 0.40625000
vt 0.41666667 0.43750000
vt 0.41666667 0.46875000
vt 0.41666667 0.50000000
vt 0.41666667 0.53125000
vt 0.41666667 0.56250000
vt 0.41666667 0.59375000
vt 0.41666667 0.62500000
vt 0.41666667 0.65625000
vt 0.41666667 0.68750000
vt 0.41666667 0.71875000
vt 0.41666667 0.75000000
vt 0.41666667 0.78125000
vt 0.41666667 0.81250000
vt 0.41666667 0.84375000
vt 0.41666667 0.87500000
vt 0.41666667 0.90625000
vt 0.41666667 0.93750000
vt 0.41666667 0.96875000
vt 0.41666667 1.00000000
vt 0.42708333 0.00000000
vt 0.42708333 0.03125000
vt 0.42708333 0.06250000
vt 0.42708333 0.09375000
vt 0.42708333 0.12500000
vt 0.42708333 0.15625000
vt 0.42708333 0.18750000
vt 0.42708333 0.21875000
vt 0.42708333 0.25000000
vt 0.42708333 0.28125000
vt 0.42708333 0.31250000
vt 0.42708333 0.34375000
vt 0.42708333 0.37500000
vt 0.42708333 0.40625000
vt 0.42708333 0.43750000
vt 0.42708333 0.46875000
vt 0.42708333 0.50000000
vt 0.42708333 0.53125000
vt 0.42708333 0.56250000
vt 0.42708333 0.59375000
vt 0.42708333 0.62500000
vt 0.42708333 0.65625000
vt 0.42708333 0.68750000
vt 0.42708333 0.71875000
vt 0.42708333 0.75000000
vt 0.42708333 0.78125000
vt 0.42708333 0.81250000
vt 0.42708333 0.84375000
vt 0.42708333 0.87500000
vt 0.42708333 0.90625000
vt 0.42708333 0.93750000
vt 0.42708333 0.96875000
vt 0.42708333 1.00000000
vt 0.43750000 0.00000000
vt 0.43750000 0.03125000
vt 0.43750000 0.06250000
vt 0.43750000 0.09375000
vt 0.43750000 0.12500000
vt 0.43750000 0.15625000
vt 0.43750000 0.18750000
vt 0.43750000 0.21875000
vt 0.43750000 0.25000000
vt 0.43750000 0.28125000
vt 0.43750000 0.31250000
vt 0.43750000 0.34375000
vt 0.43750000 0.37500000
vt 0.43750000 0.40625000
vt 0.43750000 0.43750000
vt 0.43750000 0.46875000
vt 0.43750000 0.50000000
vt 0.43750000 0.53125000
vt 0.43750000 0.56250000
vt 0.43750000 0.59375000
vt 0.43750000 0.62500000
vt 0.43750000 0.65625000
vt 0.43750000 0.68750000
vt 0.43750000 0.71875000
vt 0.43750000 0.75000000
vt 0.43750000 0.78125000
vt 0.43750000 0.81250000
vt 0.43750000 0.84375000
vt 0.43750000 0.87500000
vt 0.43750000 0.90625000
vt 0.43750000 0.93750000
vt 0.43750000 0.96875000
vt 0.43750000 1.00000000
vt 0.44791667 0.00000000
vt 0.44791667 0.03125000
vt 0.44791667 0.06250000
vt 0.44791667 0.09375000
vt 0.44791667 0.12500000
vt 0.44791667 0.15625000
vt 0.44791667 0.18750000
vt 0.44791667 0.21875000
vt 0.44791667 0.25000000
vt 0.44791667 0.28125000
vt 0.44791667 0.31250000
vt 0.44791667 0.34375000
vt 0.44791667 0.37500000
vt 0.44791667 0.40625000
vt 0.44791667 0.43750000
vt 0.44791667 0.46875000
vt 0.44791667 0.50000000
vt 0.44791667 0.53125000
vt 0.44791667 0.56250000
vt 0.44791667 0.59375000
vt 0.44791667 0.62500000
vt 0.44791667 0.65625000
vt 0.44791667 0.68750000
vt 0.44791667 0.71875000
vt 0.44791667 0.75000000
vt 0.44791667 0.78125000
vt 0.44791667 0.81250000
vt 0.44791667 0.84375000
vt 0.44791667 0.87500000
vt 0.44791667 0.90625000
vt 0.44791667 0.93750000
vt 0.44791667 0.96875000
vt 0.44791667 1.00000000
vt 0.45833333 0.00000000
vt 0.45833333 0.03125000
vt 0.45833333 0.06250000
vt 0.45833333 0.09375000
vt 0.45833333 0.12500000
vt 0.45833333 0.15625000
vt 0.45833333 0.18750000
vt 0.45833333 0.21875000
vt 0.45833333 0.25000000
vt 0.45833333 0.28125000
vt 0.45833333 0.31250000
vt 0.45833333 0.34375000
vt 0.45833333 0.37500000
vt 0.45833333 0.40625000
vt 0.45833333 0.43750000
vt 0.45833333 0.46875000
vt 0.45833333 0.50000000
vt 0.45833333 0.53125000
vt 0.45833333 0.56250000
vt 0.45833333 0.59375000
vt 0.45833333 0.62500000
vt 0.45833333 0.65625000
vt 0.45833333 0.68750000
vt 0.45833333 0.71875000
vt 0.45833333 0.75000000
vt 0.45833333 0.78125000
vt 0.45833333 0.81250000
vt 0.45833333 0.84375000
vt 0.45833333 0.87500000
vt 0.45833333 0.90625000
vt 0.45833333 0.93750000
vt 0.45833333 0.96875000
vt 0.45833333 1.00000000
vt 0.46875000 0.00000000
vt 0.46875000 0.03125000
vt 0.46875000 0.06250000
vt 0.46875000 0.09375000
vt 0.46875000 0.12500000
vt 0.46875000 0.15625000
vt 0.46875000 0.18750000
vt 0.46875000 0.21875000
vt 0.46875000 0.25000000
vt 0.46875000 0.28125000
vt 0.46875000 0.31250000
vt 0.46875000 0.34375000
vt 0.46875000 0.37500000
vt 0.46875000 0.40625000
vt 0.46875000 0.43750000
vt 0.46875000 0.46875000
vt 0.46875000 0.50000000
vt 0.46875000 0.53125000
vt 0.46875000 0.56250000
vt 0.46875000 0.59375000
vt 0.46875000 0.62500000
vt 0.46875000 0.65625000
vt 0.46875000 0.68750000
vt 0.46875000 0.71875000
vt 0.46875000 0.75000000
vt 0.46875000 0.78125000
vt 0.46875000 0.81250000
vt 0.46875000 0.84375000
vt 0.46875000 0.87500000
vt 0.46875000 0.90625000
vt 0.46875000 0.93750000
vt 0.46875000 0.96875000
vt 0.46875000 1.00000000
vt 0.47916667 0.00000000
vt 0.47916667 0.03125000
vt 0.47916667 0.06250000
vt 0.47916667 0.09375000
vt 0.47916667 0.12500000
vt 0.47916667 0.15625000
vt 0.47916667 0.18750000
vt 0.47916667 0.21875000
vt 0.47916667 0.25000000
vt 0.47916667 0.28125000
vt 0.47916667 0.31250000
vt 0.47916667 0.34375000
vt 0.47916667 0.37500000
vt 0.47916667 0.40625000
vt 0.47916667 0.43750000
vt 0.47916667 0.46875000
vt 0.47916667 0.50000000
vt 0.47916667 0.53125000
vt 0.47916667 0.56250000
vt 0.47916667 0.59375000
vt 0.47916667 0.62500000
vt 0.47916667 0.65625000
vt 0.47916667 0.68750000
vt 0.47916667 0.71875000
vt 0.47916667 0.75000000
vt 0.47916667 0.78125000
vt 0.47916667 0.81250000
vt 0.47916667 0.84375000
vt 0.47916667 0.87500000
vt 0.47916667 0.90625000
vt 0.47916667 0.93750000
vt 0.47916667 0.96875000
vt 0.47916667 1.00000000
vt 0.48958333 0.00000000
vt 0.48958333 0.03125000
vt 0.48958333 0.06250000
vt 0.48958333 0.09375000
vt 0.48958333 0.12500000
vt 0.48958333 0.15625000
vt 0.48958333 0.18750000
vt 0.48958333 0.21875000
vt 0.48958333 0.25000000
vt 0.48958333 0.28125000
vt 0.48958333 0.31250000
vt 0.48958333 0.34375000
vt 0.48958333 0.37500000
vt 0.48958333 0.40625000
vt 0.48958333 0.43750000
vt 0.48958333 0.46875000
vt 0.48958333 0.50000000
vt 0.48958333 0.53125000
vt 0.48958333 0.56250000
vt 0.48958333 0.59375000
vt 0.48958333 0.62500000
vt 0.48958333 0.65625000
vt 0.48958333 0.68750000
vt 0.48958333 0.71875000
vt 0.48958333 0.75000000
vt 0.48958333 0.78125000
vt 0.48958333 0.81250000
vt 0.48958333 0.84375000
vt 0.48958333 0.87500000
vt 0.48958333 0.90625000
vt 0.48958333 0.93750000
vt 0.48958333 0.96875000
vt 0.48958333 1.00000000
vt 0.50000000 0.00000000
vt 0.50000000 0.03125000
vt 0.50000000 0.06250000
vt 0.50000000 0.09375000
vt 0.50000000 0.12500000
vt 0.50000000 0.15625000
vt 0.50000000 0.18750000
vt 0.50000000 0.21875000
vt 0.50000000 0.25000000
vt 0.50000000 0.28125000
vt 0.50000000 0.31250000
vt 0.50000000 0.34375000
vt 0.50000000 0.37500000
vt 0.50000000 0.40625000
vt 0.50000000 0.43750000
vt 0.50000000 0.46875000
vt 0.50000000 0.50000000
vt 0.50000000 0.53125000
vt 0.50000000 0.56250000
vt 0.50000000 0.59375000
vt 0.50000000 0.62500000
vt 0.50000000 0.65625000
vt 0.50000000 0.68750000
vt 0.50000000 0.71875000
vt 0.50000000 0.75000000
vt 0.50000000 0.78125000
vt 0.50000000 0.81250000
vt 0.50000000 0.84375000
vt 0.50000000 0.87500000
vt 0.50000000 0.90625000
vt 0.50000000 0.93750000
vt 0.50000000 0.96875000
vt 0.50000000 1.00000000
vt 0.51041667 0.00000000
vt 0.51041667 0.03125000
vt 0.51041667 0.06250000
vt 0.51041667 0.09375000
vt 0.51041667 0.12500000
vt 0.51041667 0.15625000
vt 0.51041667 0.18750000
vt 0.51041667 0.21875000
vt 0.51041667 0.25000000
vt 0.51041667 0.28125000
vt 0.51041667 0.31250000
vt 0.51041667 0.34375000
vt 0.51041667 0.37500000
vt 0.51041667 0.40625000
vt 0.51041667 0.43750000
vt 0.51041667 0.46875000
vt 0.51041667 0.50000000
vt 0.51041667 0.53125000
vt 0.51041667 0.56250000
vt 0.51041667 0.59375000
vt 0.51041667 0.62500000
vt 0.51041667 0.65625000
vt 0.51041667 0.68750000
vt 0.51041667 0.71875000
vt 0.51041667 0.75000000
vt 0.51041667 0.78125000
vt 0.51041667 0.81250000
vt 0.51041667 0.84375000
vt 0.51041667 0.87500000
vt 0.51041667 0.90625000
vt 0.51041667 0.93750000
vt 0.51041667 0.96875000
vt 0.51041667 1.00000000
vt 0.52083333 0.00000000
vt 0.52083333 0.03125000
vt 0.52083333 0.06250000
vt 0.52083333 0.09375000
vt 0.52083333 0.12500000
vt 0.52083333 0.15625000
vt 0.52083333 0.18750000
vt 0.52083333 0.21875000
vt 0.52083333 0.25000000
vt 0.52083333 0.28125000
vt 0.52083333 0.31250000
vt 0.52083333 0.34375000
vt 0.52083333 0.37500000
vt 0.52083333 0.40625000
vt 0.52083333 0.43750000
vt 0.52083333 0.46875000
vt 0.52083333 0.50000000
vt 0.52083333 0.53125000
vt 0.52083333 0.56250000
vt 0.52083333 0.59375000
vt 0.52083333 0.62500000
vt 0.52083333 0.65625000
vt 0.52083333 0.68750000
vt 0.52083333 0.71875000
vt 0.52083333 0.75000000
vt 0.52083333 0.78125000
vt 0.52083333 0.81250000
vt 0.52083333 0.84375000
vt 0.52083333 0.87500000
vt 0.52083333 0.90625000
vt 0.52083333 0.93750000
vt 0.52083333 0.96875000
vt 0.52083333 1.00000000
vt 0.53125000 0.00000000
vt 0.53125000 0.03125000
vt 0.53125000 0.06250000
vt 0.53125000 0.09375000
vt 0.53125000 0.12500000
vt 0.53125000 0.15625000
vt 0.53125000 0.18750000
vt 0.53125000 0.21875000
vt 0.53125000 0.25000000
vt 0.53125000 0.28125000
vt 0.53125000 0.31250000
vt 0.53125000 0.34375000
vt 0.53125000 0.37500000
vt 0.53125000 0.40625000
vt 0.53125000 0.43750000
vt 0.53125000 0.46875000
vt 0.53125000 0.50000000
vt 0.53125000 0.53125000
vt 0.53125000 0.56250000
vt 0.53125000 0.59375000
vt 0.53125000 0.62500000
vt 0.53125000 0.65625000
vt 0.53125000 0.68750000
vt 0.53125000 0.71875000
vt 0.53125000 0.75000000
vt 0.53125000 0.78125000
vt 0.53125000 0.81250000
vt 0.53125000 0.84375000
vt 0.53125000 0.87500000
vt 0.53125000 0.90625000
vt 0.53125000 0.93750000
vt 0.53125000 0.96875000
vt 0.53125000 1.00000000
vt 0.54166667 0.00000000
vt 0.54166667 0.03125000
vt 0.54166667 0.06250000
vt 0.54166667 0.09375000
vt 0.54166667 0.12500000
vt 0.54166667 0.15625000
vt 0.54166667 0.18750000
vt 0.54166667 0.21875000
vt 0.54166667 0.25000000
vt 0.54166667 0.28125000
vt 0.54166667 0.31250000
vt 0.54166667 0.34375000
vt 0.54166667 0.37500000
vt 0.54166667 0.40625000
vt 0.54166667 0.43750000
vt 0.54166667 0.46875000
vt 0.54166667 0.50000000
vt 0.54166667 0.53125000
vt 0.54166667 0.56250000
vt 0.54166667 0.59375000
vt 0.54166667 0.62500000
vt 0.54166667 0.65625000
vt 0.54166667 0.68750000
vt 0.54166667 0.71875000
vt 0.54166667 0.75000000
vt 0.54166667 0.78125000
vt 0.54166667 0.81250000
vt 0.54166667 0.84375000
vt 0.54166667 0.87500000
vt 0.54166667 0.90625000
vt 0.54166667 0.93750000
vt 0.54166667 0.96875000
vt 0.54166667 1.00000000
vt 0.55208333 0.00000000
vt 0.55208333 0.03125000
vt 0.55208333 0.06250000
vt 0.55208333 0.09375000
vt 0.55208333 0.12500000
vt 0.55208333 0.15625000
vt 0.55208333 0.18750000
vt 0.55208333 0.21875000
vt 0.55208333 0.25000000
vt 0.55208333 0.28125000
vt 0.55208333 0.31250000
vt 0.55208333 0.34375000
vt 0.55208333 0.37500000
vt 0.55208333 0.40625000
vt 0.55208333 0.43750000
vt 0.55208333 0.46875000
vt 0.55208333 0.50000000
vt 0.55208333 0.53125000
vt 0.55208333 0.56250000
vt 0.55208333 0.59375000
vt 0.55208333 0.62500000
vt 0.55208333 0.65625000
vt 0.55208333 0.68750000
vt 0.55208333 0.71875000
vt 0.55208333 0.75000000
vt 0.55208333 0.78125000
vt 0.55208333 0.81250000
vt 0.55208333 0.84375000
vt 0.55208333 0.87500000
vt 0.55208333 0.90625000
vt 0.55208333 0.93750000
vt 0.55208333 0.96875000
vt 0.55208333 1.00000000
vt 0.56250000 0.00000000
vt 0.56250000 0.03125000
vt 0.56250000 0.06250000
vt 0.56250000 0.09375000
vt 0.56250000 0.12500000
vt 0.56250000 0.15625000
vt 0.56250000 0.18750000
vt 0.56250000 0.21875000
vt 0.56250000 0.25000000
vt 0.56250000 0.28125000
vt 0.56250000 0.31250000
vt 0.56250000 0.34375000
vt 0.56250000 0.37500000
vt 0.56250000 0.40625000
vt 0.56250000 0.43750000
vt 0.56250000 0.46875000
vt 0.56250000 0.50000000
vt 0.56250000 0.53125000
vt 0.56250000 0.56250000
vt 0.56250000 0.59375000
vt 0.56250000 0.62500000
vt 0.56250000 0.65625000
vt 0.56250000 0.68750000
vt 0.56250000 0.71875000
vt 0.56250000 0.75000000
vt 0.56250000 0.78125000
vt 0.56250000 0.81250000
vt 0.56250000 0.84375000
vt 0.56250000 0.87500000
vt 0.56250000 0.90625000
vt 0.56250000 0.93750000
vt 0.56250000 0.96875000
vt 0.56250000 1.00000000
vt 0.57291667 0.00000000
vt 0.57291667 0.03125000
vt 0.57291667 0.06250000
vt 0.57291667 0.09375000
vt 0.57291667 0.12500000
vt 0.57291667 0.15625000
vt 0.57291667 0.18750000
vt 0.57291667 0.21875000
vt 0.57291667 0.25000000
vt 0.57291667 0.28125000
vt 0.57291667 0.31250000
vt 0.57291667 0.34375000
vt 0.57291667 0.37500000
vt 0.57291667 0.40625000
vt 0.57291667 0.43750000
vt 0.57291667 0.46875000
vt 0.57291667 0.50000000
vt 0.57291667 0.53125000
vt 0.57291667 0.56250000
vt 0.57291667 0.59375000
vt 0.57291667 0.62500000
vt 0.57291667 0.65625000
vt 0.57291667 0.68750000
vt 0.57291667 0.71875000
vt 0.57291667 0.75000000
vt 0.57291667 0.78125000
vt 0.57291667 0.81250000
vt 0.57291667 0.84375000
vt 0.57291667 0.87500000
vt 0.57291667 0.90625000
vt 0.57291667 0.93750000
vt 0.57291667 0.96875000
vt 0.57291667 1.00000000
vt 0.58333333 0.00000000
vt 0.58333333 0.03125000
vt 0.58333333 0.06250000
vt 0.58333333 0.09375000
vt 0.58333333 0.12500000
vt 0.58333333 0.15625000
vt 0.58333333 0.18750000
vt 0.58333333 0.21875000
vt 0.58333333 0.25000000
vt 0.58333333 0.28125000
vt 0.58333333 0.31250000
vt 0.58333333 0.34375000
vt 0.58333333 0.37500000
vt 0.58333333 0.40625000
vt 0.58333333 0.43750000
vt 0.58333333 0.46875000
vt 0.58333333 0.50000000
vt 0.58333333 0.53125000
vt 0.58333333 0.56250000
vt 0.58333333 0.59375000
vt 0.58333333 0.62500000
vt 0.58333333 0.65625000
vt 0.58333333 0.68750000
vt 0.58333333 0.71875000
vt 0.58333333 0.75000000
vt 0.58333333 0.78125000
vt 0.58333333 0.81250000
vt 0.58333333 0.84375000
vt 0.58333333 0.87500000
vt 0.58333333 0.90625000
vt 0.58333333 0.93750000
vt 0.58333333 0.96875000
vt 0.58333333 1.00000000
vt 0.59375000 0.00000000
vt 0.59375000 0.03125000
vt 0.59375000 0.06250000
vt 0.59375000 0.09375000
vt 0.59375000 0.12500000
vt 0.59375000 0.15625000
vt 0.59375000 0.18750000
vt 0.59375000 0.21875000
vt 0.59375000 0.25000000
vt 0.59375000 0.28125000
vt 0.59375000 0.31250000
vt 0.59375000 0.34375000
vt 0.59375000 0.37500000
vt 0.59375000 0.40625000
vt 0.59375000 0.43750000
vt 0.59375000 0.46875000
vt 0.59375000 0.50000000
vt 0.59375000 0.53125000
vt 0.59375000 0.56250000
vt 0.59375000 0.59375000
vt 0.59375000 0.62500000
vt 0.59375000 0.65625000
vt 0.59375000 0.68750000
vt 0.59375000 0.71875000
vt 0.59375000 0.75000000
vt 0.59375000 0.78125000
vt 0.59375000 0.81250000
vt 0.59375000 0.84375000
vt 0.59375000 0.87500000
vt 0.59375000 0.90625000
vt 0.59375000 0.93750000
vt 0.59375000 0.96875000
vt 0.59375000 1.00000000
vt 0.60416667 0.00000000
vt 0.60416667 0.03125000
vt 0.60416667 0.06250000
vt 0.60416667 0.09375000
vt 0.60416667 0.12500000
vt 0.60416667 0.15625000
vt 0.60416667 0.18750000
vt 0.60416667 0.21875000
vt 0.60416667 0.25000000
vt 0.60416667 0.28125000
vt 0.60416667 0.31250000
vt 0.60416667 0.34375000
vt 0.60416667 0.37500000
vt 0.60416667 0.40625000
vt 0.60416667 0.43750000
vt 0.60416667 0.46875000
vt 0.60416667 0.50000000
vt 0.60416667 0.53125000
vt 0.60416667 0.56250000
vt 0.60416667 0.59375000
vt 0.60416667 0.62500000
vt 0.60416667 0.65625000
vt 0.60416667 0.68750000
vt 0.60416667 0.71875000
vt 0.60416667 0.75000000
vt 0.60416667 0.78125000
vt 0.60416667 0.81250000
vt 0.60416667 0.84375000
vt 0.60416667 0.87500000
vt 0.60416667 0.90625000
vt 0.60416667 0.93750000
vt 0.60416667 0.96875000
vt 0.60416667 1.00000000
vt 0.61458333 0.00000000
vt 0.61458333 0.03125000
vt 0.61458333 0.06250000
vt 0.61458333 0.09375000
vt 0.61458333 0.12500000
vt 0.61458333 0.15625000
vt 0.61458333 0.18750000
vt 0.61458333 0.21875000
vt 0.61458333 0.25000000
vt 0.61458333 0.28125000
vt 0.61458333 0.31250000
vt 0.61458333 0.34375000
vt 0.61458333 0.37500000
vt 0.61458333 0.40625000
vt 0.61458333 0.43750000
vt 0.61458333 0.46875000
vt 0.61458333 0.50000000
vt 0.61458333 0.53125000
vt 0.61458333 0.56250000
vt 0.61458333 0.59375000
vt 0.61458333 0.62500000
vt 0.61458333 0.65625000
vt 0.61458333 0.68750000
vt 0.61458333 0.71875000
vt 0.61458333 0.75000000
vt 0.61458333 0.78125000
vt 0.61458333 0.81250000
vt 0.61458333 0.84375000
vt 0.61458333 0.87500000
vt 0.61458333 0.90625000
vt 0.61458333 0.93750000
vt 0.61458333 0.96875000
vt 0.61458333 1.00000000
vt 0.62500000 0.00000000
vt 0.62500000 0.03125000
vt 0.62500000 0.06250000
vt 0.62500000 0.09375000
vt 0.62500000 0.12500000
vt 0.62500000 0.15625000
vt 0.62500000 0.18750000
vt 0.62500000 0.21875000
vt 0.62500000 0.25000000
vt 0.62500000 0.28125000
vt 0.62500000 0.31250000
vt 0.62500000 0.34375000
vt 0.62500000 0.37500000
vt 0.62500000 0.40625000
vt 0.62500000 0.43750000
vt 0.62500000 0.46875000
vt 0.62500000 0.50000000
vt 0.62500000 0.53125000
vt 0.62500000 0.56250000
vt 0.62500000 0.59375000
vt 0.62500000 0.62500000
vt 0.62500000 0.65625000
vt 0.62500000 0.68750000
vt 0.62500000 0.71875000
vt 0.62500000 0.75000000
vt 0.62500000 0.78125000
vt 0.62500000 0.81250000
vt 0.62500000 0.84375000
vt 0.62500000 0.87500000
vt 0.62500000 0.90625000
vt 0.62500000 0.93750000
vt 0.62500000 0.96875000
vt 0.62500000 1.00000000
vt 0.63541667 0.00000000
vt 0.63541667 0.03125000
vt 0.63541667 0.06250000
vt 0.63541667 0.09375000
vt 0.63541667 0.12500000
vt 0.63541667 0.15625000
vt 0.63541667 0.18750000
vt 0.63541667 0.21875000
vt 0.63541667 0.25000000
vt 0.63541667 0.28125000
vt 0.63541667 0.31250000
vt 0.63541667 0.34375000
vt 0.63541667 0.37500000
vt 0.63541667 0.40625000
vt 0.63541667 0.43750000
vt 0.63541667 0.46875000
vt 0.63541667 0.50000000
vt 0.63541667 0.53125000
vt 0.63541667 0.56250000
vt 0.63541667 0.59375000
vt 0.63541667 0.62500000
vt 0.63541667 0.65625000
vt 0.63541667 0.68750000
vt 0.63541667 0.71875000
vt 0.63541667 0.75000000
vt 0.63541667 0.78125000
vt 0.63541667 0.81250000
vt 0.63541667 0.84375000
vt 0.63541667 0.87500000
vt 0.63541667 0.90625000
vt 0.63541667 0.93750000
vt 0.63541667 0.96875000
vt 0.63541667 1.00000000
vt 0.64583333 0.00000000
vt 0.64583333 0.03125000
vt 0.64583333 0.06250000
vt 0.64583333 0.09375000
vt 0.64583333 0.12500000
vt 0.64583333 0.15625000
vt 0.64583333 0.18750000
vt 0.64583333 0.21875000
vt 0.64583333 0.25000000
vt 0.64583333 0.28125000
vt 0.64583333 0.31250000
vt 0.64583333 0.34375000
vt 0.64583333 0.37500000
vt 0.64583333 0.40625000
vt 0.64583333 0.43750000
vt 0.64583333 0.46875000
vt 0.64583333 0.50000000
vt 0.64583333 0.53125000
vt 0.64583333 0.56250000
vt 0.64583333 0.59375000
vt 0.64583333 0.62500000
vt 0.64583333 0.65625000
vt 0.64583333 0.68750000
vt 0.64583333 0.71875000
vt 0.64583333 0.75000000
vt 0.64583333 0.78125000
vt 0.64583333 0.81250000
vt 0.64583333 0.84375000
vt 0.64583333 0.87500000
vt 0.64583333 0.90625000
vt 0.64583333 0.93750000
vt 0.64583333 0.96875000
vt 0.64583333 1.00000000
vt 0.65625000 0.00000000
vt 0.65625000 0.03125000
vt 0.65625000 0.06250000
vt 0.65625000 0.09375000
vt 0.65625000 0.12500000
vt 0.65625000 0.15625000
vt 0.65625000 0.18750000
vt 0.65625000 0.21875000
vt 0.65625000 0.25000000
vt 0.65625000 0.28125000
vt 0.65625000 0.31250000
vt 0.65625000 0.34375000
vt 0.65625000 0.37500000
vt 0.65625000 0.40625000
vt 0.65625000 0.43750000
vt 0.65625000 0.46875000
vt 0.65625000 0.50000000
vt 0.65625000 0.53125000
vt 0.65625000 0.56250000
vt 0.65625000 0.59375000
vt 0.65625000 0.62500000
vt 0.65625000 0.65625000
vt 0.65625000 0.68750000
vt 0.65625000 0.71875000
vt 0.65625000 0.75000000
vt 0.65625000 0.78125000
vt 0.65625000 0.81250000
vt 0.65625000 0.84375000
vt 0.65625000 0.87500000
vt 0.65625000 0.90625000
vt 0.65625000 0.93750000
vt 0.65625000 0.96875000
vt 0.65625000 1.00000000
vt 0.66666667 0.00000000
vt 0.66666667 0.03125000
vt 0.66666667 0.06250000
vt 0.66666667 0.09375000
vt 0.66666667 0.12500000
vt 0.66666667 0.15625000
vt 0.66666667 0.18750000
vt 0.66666667 0.21875000
vt 0.66666667 0.25000000
vt 0.66666667 0.28125000
vt 0.66666667 0.31250000
vt 0.66666667 0.34375000
vt 0.66666667 0.37500000
vt 0.66666667 0.40625000
vt 0.66666667 0.43750000
vt 0.66666667 0.46875000
vt 0.66666667 0.50000000
vt 0.66666667 0.53125000
vt 0.66666667 0.56250000
vt 0.66666667 0.59375000
vt 0.66666667 0.62500000
vt 0.66666667 0.65625000
vt 0.66666667 0.68750000
vt 0.66666667 0.71875000
vt 0.66666667 0.75000000
vt 0.66666667 0.78125000
vt 0.66666667 0.81250000
vt 0.66666667 0.84375000
vt 0.66666667 0.87500000
vt 0.66666667 0.90625000
vt 0.66666667 0.93750000
vt 0.66666667 0.96875000
vt 0.66666667 1.00000000
vt 0.67708333 0.00000000
vt 0.67708333 0.03125000
vt 0.67708333 0.06250000
vt 0.67708333 0.09375000
vt 0.67708333 0.12500000
vt 0.67708333 0.15625000
vt 0.67708333 0.18750000
vt 0.67708333 0.21875000
vt 0.67708333 0.25000000
vt 0.67708333 0.28125000
vt 0.67708333 0.31250000
vt 0.67708333 0.34375000
vt 0.67708333 0.37500000
vt 0.67708333 0.40625000
vt 0.67708333 0.43750000
vt 0.67708333 0.46875000
vt 0.67708333 0.50000000
vt 0.67708333 0.53125000
vt 0.67708333 0.56250000
vt 0.67708333 0.59375000
vt 0.67708333 0.62500000
vt 0.67708333 0.65625000
vt 0.67708333 0.68750000
vt 0.67708333 0.71875000
vt 0.67708333 0.75000000
vt 0.67708333 0.78125000
vt 0.67708333 0.81250000
vt 0.67708333 0.84375000
vt 0.67708333 0.87500000
vt 0.67708333 0.90625000
vt 0.67708333 0.93750000
vt 0.67708333 0.96875000
vt 0.67708333 1.00000000
vt 0.68750000 0.00000000
vt 0.68750000 0.03125000
vt 0.68750000 0.06250000
vt 0.68750000 0.09375000
vt 0.68750000 0.12500000
vt 0.68750000 0.15625000
vt 0.68750000 0.18750000
vt 0.68750000 0.21875000
vt 0.68750000 0.25000000
vt 0.68750000 0.28125000
vt 0.68750000 0.31250000
vt 0.68750000 0.34375000
vt 0.68750000 0.37500000
vt 0.68750000 0.40625000
vt 0.68750000 0.43750000
vt 0.68750000 0.46875000
vt 0.68750000 0.50000000
vt 0.68750000 0.53125000
vt 0.68750000 0.56250000
vt 0.68750000 0.59375000
vt 0.68750000 0.62500000
vt 0.68750000 0.65625000
vt 0.68750000 0.68750000
vt 0.68750000 0.71875000
vt 0.68750000 0.75000000
vt 0.68750000 0.78125000
vt 0.68750000 0.81250000
vt 0.68750000 0.84375000
vt 0.68750000 0.87500000
vt 0.68750000 0.90625000
vt 0.68750000 0.93750000
vt 0.68750000 0.96875000
vt 0.68750000 1.00000000
vt 0.69791667 0.00000000
vt 0.69791667 0.03125000
vt 0.69791667 0.06250000
vt 0.69791667 0.09375000
vt 0.69791667 0.12500000
vt 0.69791667 0.15625000
vt 0.69791667 0.18750000
vt 0.69791667 0.21875000
vt 0.69791667 0.25000000
vt 0.69791667 0.28125000
vt 0.69791667 0.31250000
vt 0.69791667 0.34375000
vt 0.69791667 0.37500000
vt 0.69791667 0.40625000
vt 0.69791667 0.43750000
vt 0.69791667 0.46875000
vt 0.69791667 0.50000000
vt 0.69791667 0.53125000
vt 0.69791667 0.56250000
vt 0.69791667 0.59375000
vt 0.69791667 0.62500000
vt 0.69791667 0.65625000
vt 0.69791667 0.68750000
vt 0.69791667 0.71875000
vt 0.69791667 0.75000000
vt 0.69791667 0.78125000
vt 0.69791667 0.81250000
vt 0.69791667 0.84375000
vt 0.69791667 0.87500000
vt 0.69791667 0.90625000
vt 0.69791667 0.93750000
vt 0.69791667 0.96875000
vt 0.69791667 1.00000000
vt 0.70833333 0.00000000
vt 0.70833333 0.03125000
vt 0.70833333 0.06250000
vt 0.70833333 0.09375000
vt 0.70833333 0.12500000
vt 0.70833333 0.15625000
vt 0.70833333 0.18750000
vt 0.70833333 0.21875000
vt 0.70833333 0.25000000
vt 0.70833333 0.28125000
vt 0.70833333 0.31250000
vt 0.70833333 0.34375000
vt 0.70833333 0.37500000
vt 0.70833333 0.40625000
vt 0.70833333 0.43750000
vt 0.70833333 0.46875000
vt 0.70833333 0.50000000
vt 0.70833333 0.53125000
vt 0.70833333 0.56250000
vt 0.70833333 0.59375000
vt 0.70833333 0.62500000
vt 0.70833333 0.65625000
vt 0.70833333 0.68750000
vt 0.70833333 0.71875000
vt 0.70833333 0.75000000
vt 0.70833333 0.78125000
vt 0.70833333 0.81250000
vt 0.70833333 0.84375000
vt 0.70833333 0.87500000
vt 0.70833333 0.90625000
vt 0.70833333 0.93750000
vt 0.70833333 0.96875000
vt 0.70833333 1.00000000
vt 0.71875000 0.00000000
vt 0.71875000 0.03125000
vt 0.71875000 0.06250000
vt 0.71875000 0.09375000
vt 0.71875000 0.12500000
vt 0.71875000 0.15625000
vt 0.71875000 0.18750000
vt 0.71875000 0.21875000
vt 0.71875000 0.25000000
vt 0.71875000 0.28125000
vt 0.71875000 0.31250000
vt 0.71875000 0.34375000
vt 0.71875000 0.37500000
vt 0.71875000 0.40625000
vt 0.71875000 0.43750000
vt 0.71875000 0.46875000
vt 0.71875000 0.50000000
vt 0.71875000 0.53125000
vt 0.71875000 0.56250000
vt 0.71875000 0.59375000
vt 0.71875000 0.62500000
vt 0.71875000 0.65625000
vt 0.71875000 0.68750000
vt 0.71875000 0.71875000
vt 0.71875000 0.75000000
vt 0.71875000 0.78125000
vt 0.71875000 0.81250000
vt 0.71875000 0.84375000
vt 0.71875000 0.87500000
vt 0.71875000 0.90625000
vt 0.71875000 0.93750000
vt 0.71875000 0.96875000
vt 0.71875000 1.00000000
vt 0.72916667 0.00000000
vt 0.72916667 0.03125000
vt 0.72916667 0.06250000
vt 0.72916667 0.09375000
vt 0.72916667 0.12500000
vt 0.72916667 0.15625000
vt 0.72916667 0.18750000
vt 0.72916667 0.21875000
vt 0.72916667 0.25000000
vt 0.72916667 0.28125000
vt 0.72916667 0.31250000
vt 0.72916667 0.34375000
vt 0.72916667 0.37500000
vt 0.72916667 0.40625000
vt 0.72916667 0.43750000
vt 0.72916667 0.46875000
vt 0.72916667 0.50000000
vt 0.72916667 0.53125000
vt 0.72916667 0.56250000
vt 0.72916667 0.59375000
vt 0.72916667 0.62500000
vt 0.72916667 0.65625000
vt 0.72916667 0.68750000
vt 0.72916667 0.71875000
vt 0.72916667 0.75000000
vt 0.72916667 0.78125000
vt 0.72916667 0.81250000
vt 0.72916667 0.84375000
vt 0.72916667 0.87500000
vt 0.72916667 0.90625000
vt 0.72916667 0.93750000
vt 0.72916667 0.96875000
vt 0.72916667 1.00000000
vt 0.73958333 0.00000000
vt 0.73958333 0.03125000
vt 0.73958333 0.06250000
vt 0.73958333 0.09375000
vt 0.73958333 0.12500000
vt 0.73958333 0.15625000
vt 0.73958333 0.18750000
vt 0.73958333 0.21875000
vt 0.73958333 0.25000000
vt 0.73958333 0.28125000
vt 0.73958333 0.31250000
vt 0.73958333 0.34375000
vt 0.73958333 0.37500000
vt 0.73958333 0.40625000
vt 0.73958333 0.43750000
vt 0.73958333 0.46875000
vt 0.73958333 0.50000000
vt 0.73958333 0.53125000
vt 0.73958333 0.56250000
vt 0.73958333 0.59375000
vt 0.73958333 0.62500000
vt 0.73958333 0.65625000
vt 0.73958333 0.68750000
vt 0.73958333 0.71875000
vt 0.73958333 0.75000000
vt 0.73958333 0.78125000
vt 0.73958333 0.81250000
vt 0.73958333 0.84375000
vt 0.73958333 0.87500000
vt 0.73958333 0.90625000
vt 0.73958333 0.93750000
vt 0.73958333 0.96875000
vt 0.73958333 1.00000000
vt 0.75000000 0.00000000
vt 0.75000000 0.03125000
vt 0.75000000 0.06250000
vt 0.75000000 0.09375000
vt 0.75000000 0.12500000
vt 0.75000000 0.15625000
vt 0.75000000 0.18750000
vt 0.75000000 0.21875000
vt 0.75000000 0.25000000
vt 0.75000000 0.28125000
vt 0.75000000 0.31250000
vt 0.75000000 0.34375000
vt 0.75000000 0.37500000
vt 0.75000000 0.40625000
vt 0.75000000 0.43750000
vt 0.75000000 0.46875000
vt 0.75000000 0.50000000
vt 0.75000000 0.53125000
vt 0.75000000 0.56250000
vt 0.75000000 0.59375000
vt 0.75000000 0.62500000
vt 0.75000000 0.65625000
vt 0.75000000 0.68750000
vt 0.75000000 0.71875000
vt 0.75000000 0.75000000
vt 0.75000000 0.78125000
vt 0.75000000 0.81250000
vt 0.75000000 0.84375000
vt 0.75000000 0.87500000
vt 0.75000000 0.90625000
vt 0.75000000 0.93750000
vt 0.75000000 0.96875000
vt 0.75000000 1.00000000
vt 0.76041667 0.00000000
vt 0.76041667 0.03125000
vt 0.76041667 0.06250000
vt 0.76041667 0.09375000
vt 0.76041667 0.12500000
vt 0.76041667 0.15625000
vt 0.76041667 0.18750000
vt 0.76041667 0.21875000
vt 0.76041667 0.25000000
vt 0.76041667 0.28125000
vt 0.76041667 0.31250000
vt 0.76041667 0.34375000
vt 0.76041667 0.37500000
vt 0.76041667 0.40625000
vt 0.76041667 0.43750000
vt 0.76041667 0.46875000
vt 0.76041667 0.50000000
vt 0.76041667 0.53125000
vt 0.76041667 0.56250000
vt 0.76041667 0.59375000
vt 0.76041667 0.62500000
vt 0.76041667 0.65625000
vt 0.76041667 0.68750000
vt 0.76041667 0.71875000
vt 0.76041667 0.75000000
vt 0.76041667 0.78125000
vt 0.76041667 0.81250000
vt 0.76041667 0.84375000
vt 0.76041667 0.87500000
vt 0.76041667 0.90625000
vt 0.76041667 0.93750000
vt 0.76041667 0.96875000
vt 0.76041667 1.00000000
vt 0.77083333 0.00000000
vt 0.77083333 0.03125000
vt 0.77083333 0.06250000
vt 0.77083333 0.09375000
vt 0.77083333 0.12500000
vt 0.77083333 0.15625000
vt 0.77083333 0.18750000
vt 0.77083333 0.21875000
vt 0.77083333 0.25000000
vt 0.77083333 0.28125000
vt 0.77083333 0.31250000
vt 0.77083333 0.34375000
vt 0.77083333 0.37500000
vt 0.77083333 0.40625000
vt 0.77083333 0.43750000
vt 0.77083333 0.46875000
vt 0.77083333 0.50000000
vt 0.77083333 0.53125000
vt 0.77083333 0.56250000
vt 0.77083333 0.59375000
vt 0.77083333 0.62500000
vt 0.77083333 0.65625000
vt 0.77083333 0.68750000
vt 0.77083333 0.71875000
vt 0.77083333 0.75000000
vt 0.77083333 0.78125000
vt 0.77083333 0.81250000
vt 0.77083333 0.84375000
vt 0.77083333 0.87500000
vt 0.77083333 0.90625000
vt 0.77083333 0.93750000
vt 0.77083333 0.96875000
vt 0.77083333 1.00000000
vt 0.78125000 0.00000000
vt 0.78125000 0.03125000
vt 0.78125000 0.06250000
vt 0.78125000 0.09375000
vt 0.78125000 0.12500000
vt 0.78125000 0.15625000
vt 0.78125000 0.18750000
vt 0.78125000 0.21875000
vt 0.78125000 0.25000000
vt 0.78125000 0.28125000
vt 0.78125000 0.31250000
vt 0.78125000 0.34375000
vt 0.78125000 0.37500000
vt 0.78125000 0.40625000
vt 0.78125000 0.43750000
vt 0.78125000 0.46875000
vt 0.78125000 0.50000000
vt 0.78125000 0.53125000
vt 0.78125000 0.56250000
vt 0.78125000 0.59375000
vt 0.78125000 0.62500000
vt 0.78125000 0.65625000
vt 0.78125000 0.68750000
vt 0.78125000 0.71875000
vt 0.78125000 0.75000000
vt 0.78125000 0.78125000
vt 0.78125000 0.81250000
vt 0.78125000 0.84375000
vt 0.78125000 0.87500000
vt 0.78125000 0.90625000
vt 0.78125000 0.93750000
vt 0.78125000 0.96875000
vt 0.78125000 1.00000000
vt 0.79166667 0.00000000
vt 0.79166667 0.03125000
vt 0.79166667 0.06250000
vt 0.79166667 0.09375000
vt 0.79166667 0.12500000
vt 0.79166667 0.15625000
vt 0.79166667 0.18750000
vt 0.79166667 0.21875000
vt 0.79166667 0.25000000
vt 0.79166667 0.28125000
vt 0.79166667 0.31250000
vt 0.79166667 0.34375000
vt 0.79166667 0.37500000
vt 0.79166667 0.40625000
vt 0.79166667 0.43750000
vt 0.79166667 0.46875000
vt 0.79166667 0.50000000
vt 0.79166667 0.53125000
vt 0.79166667 0.56250000
vt 0.79166667 0.59375000
vt 0.79166667 0.62500000
vt 0.79166667 0.65625000
vt 0.79166667 0.68750000
vt 0.79166667 0.71875000
vt 0.79166667 0.75000000
vt 0.79166667 0.78125000
vt 0.79166667 0.81250000
vt 0.79166667 0.84375000
vt 0.79166667 0.87500000
vt 0.79166667 0.90625000
vt 0.79166667 0.93750000
vt 0.79166667 0.96875000
vt 0.79166667 1.00000000
vt 0.80208333 0.00000000
vt 0.80208333 0.03125000
vt 0.80208333 0.06250000
vt 0.80208333 0.09375000
vt 0.80208333 0.12500000
vt 0.80208333 0.15625000
vt 0.80208333 0.18750000
vt 0.80208333 0.21875000
vt 0.80208333 0.25000000
vt 0.80208333 0.28125000
vt 0.80208333 0.31250000
vt 0.80208333 0.34375000
vt 0.80208333 0.37500000
vt 0.80208333 0.40625000
vt 0.80208333 0.43750000
vt 0.80208333 0.46875000
vt 0.80208333 0.50000000
vt 0.80208333 0.53125000
vt 0.80208333 0.56250000
vt 0.80208333 0.59375000
vt 0.80208333 0.62500000
vt 0.80208333 0.65625000
vt 0.80208333 0.68750000
vt 0.80208333 0.71875000
vt 0.80208333 0.75000000
vt 0.80208333 0.78125000
vt 0.80208333 0.81250000
vt 0.80208333 0.84375000
vt 0.80208333 0.87500000
vt 0.80208333 0.90625000
vt 0.80208333 0.93750000
vt 0.80208333 0.96875000
vt 0.80208333 1.00000000
vt 0.81250000 0.00000000
vt 0.81250000 0.03125000
vt 0.81250000 0.06250000
vt 0.81250000 0.09375000
vt 0.81250000 0.12500000
vt 0.81250000 0.15625000
vt 0.81250000 0.18750000
vt 0.81250000 0.21875000
vt 0.81250000 0.25000000
vt 0.81250000 0.28125000
vt 0.81250000 0.31250000
vt 0.81250000 0.34375000
vt 0.81250000 0.37500000
vt 0.81250000 0.40625000
vt 0.81250000 0.43750000
vt 0.81250000 0.46875000
vt 0.81250000 0.50000000
vt 0.81250000 0.53125000
vt 0.81250000 0.56250000
vt 0.81250000 0.59375000
vt 0.81250000 0.62500000
vt 0.81250000 0.65625000
vt 0.81250000 0.68750000
vt 0.81250000 0.71875000
vt 0.81250000 0.75000000
vt 0.81250000 0.78125000
vt 0.81250000 0.81250000
vt 0.81250000 0.84375000
vt 0.81250000 0.87500000
vt 0.81250000 0.90625000
vt 0.81250000 0.93750000
vt 0.81250000 0.96875000
vt 0.81250000 1.00000000
vt 0.82291667 0.00000000
vt 0.82291667 0.03125000
vt 0.82291667 0.06250000
vt 0.82291667 0.09375000
vt 0.82291667 0.12500000
vt 0.82291667 0.15625000
vt 0.82291667 0.18750000
vt 0.82291667 0.21875000
vt 0.82291667 0.25000000
vt 0.82291667 0.28125000
vt 0.82291667 0.31250000
vt 0.82291667 0.34375000
vt 0.82291667 0.37500000
vt 0.82291667 0.40625000
vt 0.82291667 0.43750000
vt 0.82291667 0.46875000
vt 0.82291667 0.50000000
vt 0.82291667 0.53125000
vt 0.82291667 0.56250000
vt 0.82291667 0.59375000
vt 0.82291667 0.62500000
vt 0.82291667 0.65625000
vt 0.82291667 0.68750000
vt 0.82291667 0.71875000
vt 0.82291667 0.75000000
vt 0.82291667 0.78125000
vt 0.82291667 0.81250000
vt 0.82291667 0.84375000
vt 0.82291667 0.87500000
vt 0.82291667 0.90625000
vt 0.82291667 0.93750000
vt 0.82291667 0.96875000
vt 0.82291667 1.00000000
vt 0.83333333 0.00000000
vt 0.83333333 0.03125000
vt 0.83333333 0.06250000
vt 0.83333333 0.09375000
vt 0.83333333 0.12500000
vt 0.83333333 0.15625000
vt 0.83333333 0.18750000
vt 0.83333333 0.21875000
vt 0.83333333 0.25000000
vt 0.83333333 0.28125000
vt 0.83333333 0.31250000
vt 0.83333333 0.34375000
vt 0.83333333 0.37500000
vt 0.83333333 0.40625000
vt 0.83333333 0.43750000
vt 0.83333333 0.46875000
vt 0.83333333 0.50000000
vt 0.83333333 0.53125000
vt 0.83333333 0.56250000
vt 0.83333333 0.59375000
vt 0.83333333 0.62500000
vt 0.83333333 0.65625000
vt 0.83333333 0.68750000
vt 0.83333333 0.71875000
vt 0.83333333 0.75000000
vt 0.83333333 0.78125000
vt 0.83333333 0.81250000
vt 0.83333333 0.84375000
vt 0.83333333 0.87500000
vt 0.83333333 0.90625000
vt 0.83333333 0.93750000
vt 0.83333333 0.96875000
vt 0.83333333 1.00000000
vt 0.84375000 0.00000000
vt 0.84375000 0.03125000
vt 0.84375000 0.06250000
vt 0.84375000 0.09375000
vt 0.84375000 0.12500000
vt 0.84375000 0.15625000
vt 0.84375000 0.18750000
vt 0.84375000 0.21875000
vt 0.84375000 0.25000000
vt 0.84375000 0.28125000
vt 0.84375000 0.31250000
vt 0.84375000 0.34375000
vt 0.84375000 0.37500000
vt 0.84375000 0.40625000
vt 0.84375000 0.43750000
vt 0.84375000 0.46875000
vt 0.84375000 0.50000000
vt 0.84375000 0.53125000
vt 0.84375000 0.56250000
vt 0.84375000 0.59375000
vt 0.84375000 0.62500000
vt 0.84375000 0.65625000
vt 0.84375000 0.68750000
vt 0.84375000 0.71875000
vt 0.84375000 0.75000000
vt 0.84375000 0.78125000
vt 0.84375000 0.81250000
vt 0.84375000 0.84375000
vt 0.84375000 0.87500000
vt 0.84375000 0.90625000
vt 0.84375000 0.93750000
vt 0.84375000 0.96875000
vt 0.84375000 1.00000000
vt 0.85416667 0.00000000
vt 0.85416667 0.03125000
vt 0.85416667 0.06250000
vt 0.85416667 0.09375000
vt 0.85416667 0.12500000
vt 0.85416667 0.15625000
vt 0.85416667 0.18750000
vt 0.85416667 0.21875000
vt 0.85416667 0.25000000
vt 0.85416667 0.28125000
vt 0.85416667 0.31250000
vt 0.85416667 0.34375000
vt 0.85416667 0.37500000
vt 0.85416667 0.40625000
vt 0.85416667 0.43750000
vt 0.85416667 0.46875000
vt 0.85416667 0.50000000
vt 0.85416667 0.53125000
vt 0.85416667 0.56250000
vt 0.85416667 0.59375000
vt 0.85416667 0.62500000
vt 0.85416667 0.65625000
vt 0.85416667 0.68750000
vt 0.85416667 0.71875000
vt 0.85416667 0.75000000
vt 0.85416667 0.78125000
vt 0.85416667 0.81250000
vt 0.85416667 0.84375000
vt 0.85416667 0.87500000
vt 0.85416667 0.90625000
vt 0.85416667 0.93750000
vt 0.85416667 0.96875000
vt 0.85416667 1.00000000
vt 0.86458333 0.00000000
vt 0.86458333 0.03125000
vt 0.86458333 0.06250000
vt 0.86458333 0.09375000
vt 0.86458333 0.12500000
vt 0.86458333 0.15625000
vt 0.86458333 0.18750000
vt 0.86458333 0.21875000
vt 0.86458333 0.25000000
vt 0.86458333 0.28125000
vt 0.86458333 0.31250000
vt 0.86458333 0.34375000
vt 0.86458333 0.37500000
vt 0.86458333 0.40625000
vt 0.86458333 0.43750000
vt 0.86458333 0.46875000
vt 0.86458333 0.50000000
vt 0.86458333 0.53125000
vt 0.86458333 0.56250000
vt 0.86458333 0.59375000
vt 0.86458333 0.62500000
vt 0.86458333 0.65625000
vt 0.86458333 0.68750000
vt 0.86458333 0.71875000
vt 0.86458333 0.75000000
vt 0.86458333 0.78125000
vt 0.86458333 0.81250000
vt 0.86458333 0.84375000
vt 0.86458333 0.87500000
vt 0.86458333 0.90625000
vt 0.86458333 0.93750000
vt 0.86458333 0.96875000
vt 0.86458333 1.00000000
vt 0.87500000 0.00000000
vt 0.87500000 0.03125000
vt 0.87500000 0.06250000
vt 0.87500000 0.09375000
vt 0.87500000 0.12500000
vt 0.87500000 0.15625000
vt 0.87500000 0.18750000
vt 0.87500000 0.21875000
vt 0.87500000 0.25000000
vt 0.87500000 0.28125000
vt 0.87500000 0.31250000
vt 0.87500000 0.34375000
vt 0.87500000 0.37500000
vt 0.87500000 0.40625000
vt 0.87500000 0.43750000
vt 0.87500000 0.46875000
vt 0.87500000 0.50000000
vt 0.87500000 0.53125000
vt 0.87500000 0.56250000
vt 0.87500000 0.59375000
vt 0.87500000 0.62500000
vt 0.87500000 0.65625000
vt 0.87500000 0.68750000
vt 0.87500000 0.71875000
vt 0.87500000 0.75000000
vt 0.87500000 0.78125000
vt 0.87500000 0.81250000
vt 0.87500000 0.84375000
vt 0.87500000 0.87500000
vt 0.87500000 0.90625000
vt 0.87500000 0.93750000
vt 0.87500000 0.96875000
vt 0.87500000 1.00000000
vt 0.88541667 0.00000000
vt 0.88541667 0.03125000
vt 0.88541667 0.06250000
vt 0.88541667 0.09375000
vt 0.88541667 0.12500000
vt 0.88541667 0.15625000
vt 0.88541667 0.18750000
vt 0.88541667 0.21875000
vt 0.88541667 0.25000000
vt 0.88541667 0.28125000
vt 0.88541667 0.31250000
vt 0.88541667 0.34375000
vt 0.88541667 0.37500000
vt 0.88541667 0.40625000
vt 0.88541667 0.43750000
vt 0.88541667 0.46875000
vt 0.88541667 0.50000000
vt 0.88541667 0.53125000
vt 0.88541667 0.56250000
vt 0.88541667 0.59375000
vt 0.88541667 0.62500000
vt 0.88541667 0.65625000
vt 0.88541667 0.68750000
vt 0.88541667 0.71875000
vt 0.88541667 0.75000000
vt 0.88541667 0.78125000
vt 0.88541667 0.81250000
vt 0.88541667 0.84375000
vt 0.88541667 0.87500000
vt 0.88541667 0.90625000
vt 0.88541667 0.93750000
vt 0.88541667 0.96875000
vt 0.88541667 1.00000000
vt 0.89583333 0.00000000
vt 0.89583333 0.03125000
vt 0.89583333 0.06250000
vt 0.89583333 0.09375000
vt 0.89583333 0.12500000
vt 0.89583333 0.15625000
vt 0.89583333 0.18750000
vt 0.89583333 0.21875000
vt 0.89583333 0.25000000
vt 0.89583333 0.28125000
vt 0.89583333 0.31250000
vt 0.89583333 0.34375000
vt 0.89583333 0.37500000
vt 0.89583333 0.40625000
vt 0.89583333 0.43750000
vt 0.89583333 0.46875000
vt 0.89583333 0.50000000
vt 0.89583333 0.53125000
vt 0.89583333 0.56250000
vt 0.89583333 0.59375000
vt 0.89583333 0.62500000
vt 0.89583333 0.65625000
vt 0.89583333 0.68750000
vt 0.89583333 0.71875000
vt 0.89583333 0.75000000
vt 0.89583333 0.78125000
vt 0.89583333 0.81250000
vt 0.89583333 0.84375000
vt 0.89583333 0.87500000
vt 0.89583333 0.90625000
vt 0.89583333 0.93750000
vt 0.89583333 0.96875000
vt 0.89583333 1.00000000
vt 0.90625000 0.00000000
vt 0.90625000 0.03125000
vt 0.90625000 0.06250000
vt 0.90625000 0.09375000
vt 0.90625000 0.12500000
vt 0.90625000 0.15625000
vt 0.90625000 0.18750000
vt 0.90625000 0.21875000
vt 0.90625000 0.25000000
vt 0.90625000 0.28125000
vt 0.90625000 0.31250000
vt 0.90625000 0.34375000
vt 0.90625000 0.37500000
vt 0.90625000 0.40625000
vt 0.90625000 0.43750000
vt 0.90625000 0.46875000
vt 0.90625000 0.50000000
vt 0.90625000 0.53125000
vt 0.90625000 0.56250000
vt 0.90625000 0.59375000
vt 0.90625000 0.62500000
vt 0.90625000 0.65625000
vt 0.90625000 0.68750000
vt 0.90625000 0.71875000
vt 0.90625000 0.75000000
vt 0.90625000 0.78125000
vt 0.90625000 0.81250000
vt 0.90625000 0.84375000
vt 0.90625000 0.87500000
vt 0.90625000 0.90625000
vt 0.90625000 0.93750000
vt 0.90625000 0.96875000
vt 0.90625000 1.00000000
vt 0.91666667 0.00000000
vt 0.91666667 0.03125000
vt 0.91666667 0.06250000
vt 0.91666667 0.09375000
vt 0.91666667 0.12500000
vt 0.91666667 0.15625000
vt 0.91666667 0.18750000
vt 0.91666667 0.21875000
vt 0.91666667 0.25000000
vt 0.91666667 0.28125000
vt 0.91666667 0.31250000
vt 0.91666667 0.34375000
vt 0.91666667 0.37500000
vt 0.91666667 0.40625000
vt 0.91666667 0.43750000
vt 0.91666667 0.46875000
vt 0.91666667 0.50000000
vt 0.91666667 0.53125000
vt 0.91666667 0.56250000
vt 0.91666667 0.59375000
vt 0.91666667 0.62500000
vt 0.91666667 0.65625000
vt 0.91666667 0.68750000
vt 0.91666667 0.71875000
vt 0.91666667 0.75000000
vt 0.91666667 0.78125000
vt 0.91666667 0.81250000
vt 0.91666667 0.84375000
vt 0.91666667 0.87500000
vt 0.91666667 0.90625000
vt 0.91666667 0.93750000
vt 0.91666667 0.96875000
vt 0.91666667 1.00000000
vt 0.92708333 0.00000000
vt 0.92708333 0.03125000
vt 0.92708333 0.06250000
vt 0.92708333 0.09375000
vt 0.92708333 0.12500000
vt 0.92708333 0.15625000
vt 0.92708333 0.18750000
vt 0.92708333 0.21875000
vt 0.92708333 0.25000000
vt 0.92708333 0.28125000
vt 0.92708333 0.31250000
vt 0.92708333 0.34375000
vt 0.92708333 0.37500000
vt 0.92708333 0.40625000
vt 0.92708333 0.43750000
vt 0.92708333 0.46875000
vt 0.92708333 0.50000000
vt 0.92708333 0.53125000
vt 0.92708333 0.56250000
vt 0.92708333 0.59375000
vt 0.92708333 0.62500000
vt 0.92708333 0.65625000
vt 0.92708333 0.68750000
vt 0.92708333 0.71875000
vt 0.92708333 0.75000000
vt 0.92708333 0.78125000
vt 0.92708333 0.81250000
vt 0.92708333 0.84375000
vt 0.92708333 0.87500000
vt 0.92708333 0.90625000
vt 0.92708333 0.93750000
vt 0.92708333 0.96875000
vt 0.92708333 1.00000000
vt 0.93750000 0.00000000
vt 0.93750000 0.03125000
vt 0.93750000 0.06250000
vt 0.93750000 0.09375000
vt 0.93750000 0.12500000
vt 0.93750000 0.15625000
vt 0.93750000 0.18750000
vt 0.93750000 0.21875000
vt 0.93750000 0.25000000
vt 0.93750000 0.28125000
vt 0.93750000 0.31250000
vt 0.93750000 0.34375000
vt 0.93750000 0.37500000
vt 0.93750000 0.40625000
vt 0.93750000 0.43750000
vt 0.93750000 0.46875000
vt 0.93750000 0.50000000
vt 0.93750000 0.53125000
vt 0.93750000 0.56250000
vt 0.93750000 0.59375000
vt 0.93750000 0.62500000
vt 0.93750000 0.65625000
vt 0.93750000 0.68750000
vt 0.93750000 0.71875000
vt 0.93750000 0.75000000
vt 0.93750000 0.78125000
vt 0.93750000 0.81250000
vt 0.93750000 0.84375000
vt 0.93750000 0.87500000
vt 0.93750000 0.90625000
vt 0.93750000 0.93750000
vt 0.93750000 0.96875000
vt 0.93750000 1.00000000
vt 0.94791667 0.00000000
vt 0.94791667 0.03125000
vt 0.94791667 0.06250000
vt 0.94791667 0.09375000
vt 0.94791667 0.12500000
vt 0.94791667 0.15625000
vt 0.94791667 0.18750000
vt 0.94791667 0.21875000
vt 0.94791667 0.25000000
vt 0.94791667 0.28125000
vt 0.94791667 0.31250000
vt 0.94791667 0.34375000
vt 0.94791667 0.37500000
vt 0.94791667 0.40625000
vt 0.94791667 0.43750000
vt 0.94791667 0.46875000
vt 0.94791667 0.50000000
vt 0.94791667 0.53125000
vt 0.94791667 0.56250000
vt 0.94791667 0.59375000
vt 0.94791667 0.62500000
vt 0.94791667 0.65625000
vt 0.94791667 0.68750000
vt 0.94791667 0.71875000
vt 0.94791667 0.75000000
vt 0.94791667 0.78125000
vt 0.94791667 0.81250000
vt 0.94791667 0.84375000
vt 0.94791667 0.87500000
vt 0.94791667 0.90625000
vt 0.94791667 0.93750000
vt 0.94791667 0.96875000
vt 0.94791667 1.00000000
vt 0.95833333 0.00000000
vt 0.95833333 0.03125000
vt 0.95833333 0.06250000
vt 0.95833333 0.09375000
vt 0.95833333 0.12500000
vt 0.95833333 0.15625000
vt 0.95833333 0.18750000
vt 0.95833333 0.21875000
vt 0.95833333 0.25000000
vt 0.95833333 0.28125000
vt 0.95833333 0.31250000
vt 0.95833333 0.34375000
vt 0.95833333 0.37500000
vt 0.95833333 0.40625000
vt 0.95833333 0.43750000
vt 0.95833333 0.46875000
vt 0.95833333 0.50000000
vt 0.95833333 0.53125000
vt 0.95833333 0.56250000
vt 0.95833333 0.59375000
vt 0.95833333 0.62500000
vt 0.95833333 0.65625000
vt 0.95833333 0.68750000
vt 0.95833333 0.71875000
vt 0.95833333 0.75000000
vt 0.95833333 0.78125000
vt 0.95833333 0.81250000
vt 0.95833333 0.84375000
vt 0.95833333 0.87500000
vt 0.95833333 0.90625000
vt 0.95833333 0.93750000
vt 0.95833333 0.96875000
vt 0.95833333 1.00000000
vt 0.96875000 0.00000000
vt 0.96875000 0.03125000
vt 0.96875000 0.06250000
vt 0.96875000 0.09375000
vt 0.96875000 0.12500000
vt 0.96875000 0.15625000
vt 0.96875000 0.18750000
vt 0.96875000 0.21875000
vt 0.96875000 0.25000000
vt 0.96875000 0.28125000
vt 0.96875000 0.31250000
vt 0.96875000 0.34375000
vt 0.96875000 0.37500000
vt 0.96875000 0.40625000
vt 0.96875000 0.43750000
vt 0.96875000 0.46875000
vt 0.96875000 0.50000000
vt 0.96875000 0.53125000
vt 0.96875000 0.56250000
vt 0.96875000 0.59375000
vt 0.96875000 0.62500000
vt 0.96875000 0.65625000
vt 0.96875000 0.68750000
vt 0.96875000 0.71875000
vt 0.96875000 0.75000000
vt 0.96875000 0.78125000
vt 0.96875000 0.81250000
vt 0.96875000 0.84375000
vt 0.96875000 0.87500000
vt 0.96875000 0.90625000
vt 0.96875000 0.93750000
vt 0.96875000 0.96875000
vt 0.96875000 1.00000000
vt 0.97916667 0.00000000
vt 0.97916667 0.03125000
vt 0.97916667 0.06250000
vt 0.97916667 0.09375000
vt 0.97916667 0.12500000
vt 0.97916667 0.15625000
vt 0.97916667 0.18750000
vt 0.97916667 0.21875000
vt 0.97916667 0.25000000
vt 0.97916667 0.28125000
vt 0.97916667 0.31250000
vt 0.97916667 0.34375000
vt 0.97916667 0.37500000
vt 0.97916667 0.40625000
vt 0.97916667 0.43750000
vt 0.97916667 0.46875000
vt 0.97916667 0.50000000
vt 0.97916667 0.53125000
vt 0.97916667 0.56250000
vt 0.97916667 0.59375000
vt 0.97916667 0.62500000
vt 0.97916667 0.65625000
vt 0.97916667 0.68750000
vt 0.97916667 0.71875000
vt 0.97916667 0.75000000
vt 0.97916667 0.78125000
vt 0.97916667 0.81250000
vt 0.97916667 0.84375000
vt 0.97916667 0.87500000
vt 0.97916667 0.90625000
vt 0.97916667 0.93750000
vt 0.97916667 0.96875000
vt 0.97916667 1.00000000
vt 0.98958333 0.00000000
vt 0.98958333 0.03125000
vt 0.98958333 0.06250000
vt 0.98958333 0.09375000
vt 0.98958333 0.12500000
vt 0.98958333 0.15625000
vt 0.98958333 0.18750000
vt 0.98958333 0.21875000
vt 0.98958333 0.25000000
vt 0.98958333 0.28125000
vt 0.98958333 0.31250000
vt 0.98958333 0.34375000
vt 0.98958333 0.37500000
vt 0.98958333 0.40625000
vt 0.98958333 0.43750000
vt 0.98958333 0.46875000
vt 0.98958333 0.50000000
vt 0.98958333 0.53125000
vt 0.98958333 0.56250000
vt 0.98958333 0.59375000
vt 0.98958333 0.62500000
vt 0.98958333 0.65625000
vt 0.98958333 0.68750000
vt 0.98958333 0.71875000
vt 0.98958333 0.75000000
vt 0.98958333 0.78125000
vt 0.98958333 0.81250000
vt 0.98958333 0.84375000
vt 0.98958333 0.87500000
vt 0.98958333 0.90625000
vt 0.98958333 0.93750000
vt 0.98958333 0.96875000
vt 0.98958333 1.00000000
vt 1.00000000 0.00000000
vt 1.00000000 0.03125000
vt 1.00000000 0.06250000
vt 1.00000000 0.09375000
vt 1.00000000 0.12500000
vt 1.00000000 0.15625000
vt 1.00000000 0.18750000
vt 1.00000000 0.21875000
vt 1.00000000 0.25000000
vt 1.00000000 0.28125000
vt 1.00000000 0.31250000
vt 1.00000000 0.34375000
vt 1.00000000 0.37500000
vt 1.00000000 0.40625000
vt 1.00000000 0.43750000
vt 1.00000000 0.46875000
vt 1.00000000 0.50000000
vt 1.00000000 0.53125000
vt 1.00000000 0.56250000
vt 1.00000000 0.59375000
vt 1.00000000 0.62500000
vt 1.00000000 0.65625000
vt 1.00000000 0.68750000
vt 1.00000000 0.71875000
vt 1.00000000 0.75000000
vt 1.00000000 0.78125000
vt 1.00000000 0.81250000
vt 1.00000000 0.84375000
vt 1.00000000 0.87500000
vt 1.00000000 0.90625000
vt 1.00000000 0.93750000
vt 1.00000000 0.96875000
vt 1.00000000 1.00000000
vt 0.00000000 0.00000000
vt 0.00000000 0.03125000
vt 0.00000000 0.06250000
vt 0.00000000 0.09375000
vt 0.00000000 0.12500000
vt 0.00000000 0.15625000
vt 0.00000000 0.18750000
vt 0.00000000 0.21875000
vt 0.00000000 0.25000000
vt 0.00000000 0.28125000
vt 0.00000000 0.31250000
vt 0.00000000 0.34375000
vt 0.00000000 0.37500000
vt 0.00000000 0.40625000
vt 0.00000000 0.43750000
vt 0.00000000 0.46875000
vt 0.00000000 0.50000000
vt 0.00000000 0.53125000
vt 0.00000000 0.56250000
vt 0.00000000 0.59375000
vt 0.00000000 0.62500000
vt 0.00000000 0.65625000
vt 0.00000000 0.68750000
vt 0.00000000 0.71875000
vt 0.00000000 0.75000000
vt 0.00000000 0.78125000
vt 0.00000000 0.81250000
vt 0.00000000 0.84375000
vt 0.00000000 0.87500000
vt 0.00000000 0.90625000
vt 0.00000000 0.93750000
vt 0.00000000 0.96875000
vt 0.00000000 1.00000000
vt 0.01562500 0.00000000
vt 0.01562500 0.03125000
vt 0.01562500 0.06250000
vt 0.01562500 0.09375000
vt 0.01562500 0.12500000
vt 0.01562500 0.15625000
vt 0.01562500 0.18750000
vt 0.01562500 0.21875000
vt 0.01562500 0.25000000
vt 0.01562500 0.28125000
vt 0.01562500 0.31250000
vt 0.01562500 0.34375000
vt 0.01562500 0.37500000
vt 0.01562500 0.40625000
vt 0.01562500 0.43750000
vt 0.01562500 0.46875000
vt 0.01562500 0.50000000
vt 0.01562500 0.53125000
vt 0.01562500 0.56250000
vt 0.01562500 0.59375000
vt 0.01562500 0.62500000
vt 0.01562500 0.65625000
vt 0.01562500 0.68750000
vt 0.01562500 0.71875000
vt 0.01562500 0.75000000
vt 0.01562500 0.78125000
vt 0.01562500 0.81250000
vt 0.01562500 0.84375000
vt 0.01562500 0.87500000
vt 0.01562500 0.90625000
vt 0.01562500 0.93750000
vt 0.01562500 0.96875000
vt 0.01562500 1.00000000
vt 0.03125000 0.00000000
vt 0.03125000 0.03125000
vt 0.03125000 0.06250000
vt 0.03125000 0.09375000
vt 0.03125000 0.12500000
vt 0.03125000 0.15625000
vt 0.03125000 0.18750000
vt 0.03125000 0.21875000
vt 0.03125000 0.25000000
vt 0.03125000 0.28125000
vt 0.03125000 0.31250000
vt 0.03125000 0.34375000
vt 0.03125000 0.37500000
vt 0.03125000 0.40625000
vt 0.03125000 0.43750000
vt 0.03125000 0.46875000
vt 0.03125000 0.50000000
vt 0.03125000 0.53125000
vt 0.03125000 0.56250000
vt 0.03125000 0.59375000
vt 0.03125000 0.62500000
vt 0.03125000 0.65625000
vt 0.03125000 0.68750000
vt 0.03125000 0.71875000
vt 0.03125000 0.75000000
vt 0.03125000 0.78125000
vt 0.03125000 0.81250000
vt 0.03125000 0.84375000
vt 0.03125000 0.87500000
vt 0.03125000 0.90625000
vt 0.03125000 0.93750000
vt 0.03125000 0.96875000
vt 0.03125000 1.00000000
vt 0.04687500 0.00000000
vt 0.04687500 0.03125000
vt 0.04687500 0.06250000
vt 0.04687500 0.09375000
vt 0.04687500 0.12500000
vt 0.04687500 0.15625000
vt 0.04687500 0.18750000
vt 0.04687500 0.21875000
vt 0.04687500 0.25000000
vt 0.04687500 0.28125000
vt 0.04687500 0.31250000
vt 0.04687500 0.34375000
vt 0.04687500 0.37500000
vt 0.04687500 0.40625000
vt 0.04687500 0.43750000
vt 0.04687500 0.46875000
vt 0.04687500 0.50000000
vt 0.04687500 0.53125000
vt 0.04687500 0.56250000
vt 0.04687500 0.59375000
vt 0.04687500 0.62500000
vt 0.04687500 0.65625000
vt 0.04687500 0.68750000
vt 0.04687500 0.71875000
vt 0.04687500 0.75000000
vt 0.04687500 0.78125000
vt 0.04687500 0.81250000
vt 0.04687500 0.84375000
vt 0.04687500 0.87500000
vt 0.04687500 0.90625000
vt 0.04687500 0.93750000
vt 0.04687500 0.96875000
vt 0.04687500 1.00000000
vt 0.06250000 0.00000000
vt 0.06250000 0.03125000
vt 0.06250000 0.06250000
vt 0.06250000 0.09375000
vt 0.06250000 0.12500000
vt 0.06250000 0.15625000
vt 0.06250000 0.18750000
vt 0.06250000 0.21875000
vt 0.06250000 0.25000000
vt 0.06250000 0.28125000
vt 0.06250000 0.31250000
vt 0.06250000 0.34375000
vt 0.06250000 0.37500000
vt 0.06250000 0.40625000
vt 0.06250000 0.43750000
vt 0.06250000 0.46875000
vt 0.06250000 0.50000000
vt 0.06250000 0.53125000
vt 0.06250000 0.56250000
vt 0.06250000 0.59375000
vt 0.06250000 0.62500000
vt 0.06250000 0.65625000
vt 0.06250000 0.68750000
vt 0.06250000 0.71875000
vt 0.06250000 0.75000000
vt 0.06250000 0.78125000
vt 0.06250000 0.81250000
vt 0.06250000 0.84375000
vt 0.06250000 0.87500000
vt 0.06250000 0.90625000
vt 0.06250000 0.93750000
vt 0.06250000 0.96875000
vt 0.06250000 1.00000000
vt 0.07812500 0.00000000
vt 0.07812500 0.03125000
vt 0.07812500 0.06250000
vt 0.07812500 0.09375000
vt 0.07812500 0.12500000
vt 0.07812500 0.15625000
vt 0.07812500 0.18750000
vt 0.07812500 0.21875000
vt 0.07812500 0.25000000
vt 0.07812500 0.28125000
vt 0.07812500 0.31250000
vt 0.07812500 0.34375000
vt 0.07812500 0.37500000
vt 0.07812500 0.40625000
vt 0.07812500 0.43750000
vt 0.07812500 0.46875000
vt 0.07812500 0.50000000
vt 0.07812500 0.53125000
vt 0.07812500 0.56250000
vt 0.07812500 0.59375000
vt 0.07812500 0.62500000
vt 0.07812500 0.65625000
vt 0.07812500 0.68750000
vt 0.07812500 0.71875000
vt 0.07812500 0.75000000
vt 0.07812500 0.78125000
vt 0.07812500 0.81250000
vt 0.07812500 0.84375000
vt 0.07812500 0.87500000
vt 0.07812500 0.90625000
vt 0.07812500 0.93750000
vt 0.07812500 0.96875000
vt 0.07812500 1.00000000
vt 0.09375000 0.00000000
vt 0.09375000 0.03125000
vt 0.09375000 0.06250000
vt 0.09375000 0.09375000
vt 0.09375000 0.12500000
vt 0.09375000 0.15625000
vt 0.09375000 0.18750000
vt 0.09375000 0.21875000
vt 0.09375000 0.25000000
vt 0.09375000 0.28125000
vt 0.09375000 0.31250000
vt 0.09375000 0.34375000
vt 0.09375000 0.37500000
vt 0.09375000 0.40625000
vt 0.09375000 0.43750000
vt 0.09375000 0.46875000
vt 0.09375000 0.50000000
vt 0.09375000 0.53125000
vt 0.09375000 0.56250000
vt 0.09375000 0.59375000
vt 0.09375000 0.62500000
vt 0.09375000 0.65625000
vt 0.09375000 0.68750000
vt 0.09375000 0.71875000
vt 0.09375000 0.75000000
vt 0.09375000 0.78125000
vt 0.09375000 0.81250000
vt 0.09375000 0.84375000
vt 0.09375000 0.87500000
vt 0.09375000 0.90625000
vt 0.09375000 0.93750000
vt 0.09375000 0.96875000
vt 0.09375000 1.00000000
vt 0.10937500 0.00000000
vt 0.10937500 0.03125000
vt 0.10937500 0.06250000
vt 0.10937500 0.09375000
vt 0.10937500 0.12500000
vt 0.10937500 0.15625000
vt 0.10937500 0.18750000
vt 0.10937500 0.21875000
vt 0.10937500 0.25000000
vt 0.10937500 0.28125000
vt 0.10937500 0.31250000
vt 0.10937500 0.34375000
vt 0.10937500 0.37500000
vt 0.10937500 0.40625000
vt 0.10937500 0.43750000
vt 0.10937500 0.46875000
vt 0.10937500 0.50000000
vt 0.10937500 0.53125000
vt 0.10937500 0.56250000
vt 0.10937500 0.59375000
vt 0.10937500 0.62500000
vt 0.10937500 0.65625000
vt 0.10937500 0.68750000
vt 0.10937500 0.71875000
vt 0.10937500 0.75000000
vt 0.10937500 0.78125000
vt 0.10937500 0.81250000
vt 0.10937500 0.84375000
vt 0.10937500 0.87500000
vt 0.10937500 0.90625000
vt 0.10937500 0.93750000
vt 0.10937500 0.96875000
vt 0.10937500 1.00000000
vt 0.12500000 0.00000000
vt 0.12500000 0.03125000
vt 0.12500000 0.06250000
vt 0.12500000 0.09375000
vt 0.12500000 0.12500000
vt 0.12500000 0.15625000
vt 0.12500000 0.18750000
vt 0.12500000 0.21875000
vt 0.12500000 0.25000000
vt 0.12500000 0.28125000
vt 0.12500000 0.31250000
vt 0.12500000 0.34375000
vt 0.12500000 0.37500000
vt 0.12500000 0.40625000
vt 0.12500000 0.43750000
vt 0.12500000 0.46875000
vt 0.12500000 0.50000000
vt 0.12500000 0.53125000
vt 0.12500000 0.56250000
vt 0.12500000 0.59375000
vt 0.12500000 0.62500000
vt 0.12500000 0.65625000
vt 0.12500000 0.68750000
vt 0.12500000 0.71875000
vt 0.12500000 0.75000000
vt 0.12500000 0.78125000
vt 0.12500000 0.81250000
vt 0.12500000 0.84375000
vt 0.12500000 0.87500000
vt 0.12500000 0.90625000
vt 0.12500000 0.93750000
vt 0.12500000 0.96875000
vt 0.12500000 1.00000000
vt 0.14062500 0.00000000
vt 0.14062500 0.03125000
vt 0.14062500 0.06250000
vt 0.14062500 0.09375000
vt 0.14062500 0.12500000
vt 0.14062500 0.15625000
vt 0.14062500 0.18750000
vt 0.14062500 0.21875000
vt 0.14062500 0.25000000
vt 0.14062500 0.28125000
vt 0.14062500 0.31250000
vt 0.14062500 0.34375000
vt 0.14062500 0.37500000
vt 0.14062500 0.40625000
vt 0.14062500 0.43750000
vt 0.14062500 0.46875000
vt 0.14062500 0.50000000
vt 0.14062500 0.53125000
vt 0.14062500 0.56250000
vt 0.14062500 0.59375000
vt 0.14062500 0.62500000
vt 0.14062500 0.65625000
vt 0.14062500 0.68750000
vt 0.14062500 0.71875000
vt 0.14062500 0.75000000
vt 0.14062500 0.78125000
vt 0.14062500 0.81250000
vt 0.14062500 0.84375000
vt 0.14062500 0.87500000
vt 0.14062500 0.90625000
vt 0.14062500 0.93750000
vt 0.14062500 0.96875000
vt 0.14062500 1.00000000
vt 0.15625000 0.00000000
vt 0.15625000 0.03125000
vt 0.15625000 0.06250000
vt 0.15625000 0.09375000
vt 0.15625000 0.12500000
vt 0.15625000 0.15625000
vt 0.15625000 0.18750000
vt 0.15625000 0.21875000
vt 0.15625000 0.25000000
vt 0.15625000 0.28125000
vt 0.15625000 0.31250000
vt 0.15625000 0.34375000
vt 0.15625000 0.37500000
vt 0.15625000 0.40625000
vt 0.15625000 0.43750000
vt 0.15625000 0.46875000
vt 0.15625000 0.50000000
vt 0.15625000 0.53125000
vt 0.15625000 0.56250000
vt 0.15625000 0.59375000
vt 0.15625000 0.62500000
vt 0.15625000 0.65625000
vt 0.15625000 0.68750000
vt 0.15625000 0.71875000
vt 0.15625000 0.75000000
vt 0.15625000 0.78125000
vt 0.15625000 0.81250000
vt 0.15625000 0.84375000
vt 0.15625000 0.87500000
vt 0.15625000 0.90625000
vt 0.15625000 0.93750000
vt 0.15625000 0.96875000
vt 0.15625000 1.00000000
vt 0.17187500 0.00000000
vt 0.17187500 0.03125000
vt 0.17187500 0.06250000
vt 0.17187500 0.09375000
vt 0.17187500 0.12500000
vt 0.17187500 0.15625000
vt 0.17187500 0.18750000
vt 0.17187500 0.21875000
vt 0.17187500 0.25000000
vt 0.17187500 0.28125000
vt 0.17187500 0.31250000
vt 0.17187500 0.34375000
vt 0.17187500 0.37500000
vt 0.17187500 0.40625000
vt 0.17187500 0.43750000
vt 0.17187500 0.46875000
vt 0.17187500 0.50000000
vt 0.17187500 0.53125000
vt 0.17187500 0.56250000
vt 0.17187500 0.59375000
vt 0.17187500 0.62500000
vt 0.17187500 0.65625000
vt 0.17187500 0.68750000
vt 0.17187500 0.71875000
vt 0.17187500 0.75000000
vt 0.17187500 0.78125000
vt 0.17187500 0.81250000
vt 0.17187500 0.84375000
vt 0.17187500 0.87500000
vt 0.17187500 0.90625000
vt 0.17187500 0.93750000
vt 0.17187500 0.96875000
vt 0.17187500 1.00000000
vt 0.18750000 0.00000000
vt 0.18750000 0.03125000
vt 0.18750000 0.06250000
vt 0.18750000 0.09375000
vt 0.18750000 0.12500000
vt 0.18750000 0.15625000
vt 0.18750000 0.18750000
vt 0.18750000 0.21875000
vt 0.18750000 0.25000000
vt 0.18750000 0.28125000
vt 0.18750000 0.31250000
vt 0.18750000 0.34375000
vt 0.18750000 0.37500000
vt 0.18750000 0.40625000
vt 0.18750000 0.43750000
vt 0.18750000 0.46875000
vt 0.18750000 0.50000000
vt 0.18750000 0.53125000
vt 0.18750000 0.56250000
vt 0.18750000 0.59375000
vt 0.18750000 0.62500000
vt 0.18750000 0.65625000
vt 0.18750000 0.68750000
vt 0.18750000 0.71875000
vt 0.18750000 0.75000000
vt 0.18750000 0.78125000
vt 0.18750000 0.81250000
vt 0.18750000 0.84375000
vt 0.18750000 0.87500000
vt 0.18750000 0.90625000
vt 0.18750000 0.93750000
vt 0.18750000 0.96875000
vt 0.18750000 1.00000000
vt 0.20312500 0.00000000
vt 0.20312500 0.03125000
vt 0.20312500 0.06250000
vt 0.20312500 0.09375000
vt 0.20312500 0.12500000
vt 0.20312500 0.15625000
vt 0.20312500 0.18750000
vt 0.20312500 0.21875000
vt 0.20312500 0.25000000
vt 0.20312500 0.28125000
vt 0.20312500 0.31250000
vt 0.20312500 0.34375000
vt 0.20312500 0.37500000
vt 0.20312500 0.40625000
vt 0.20312500 0.43750000
vt 0.20312500 0.46875000
vt 0.20312500 0.50000000
vt 0.20312500 0.53125000
vt 0.20312500 0.56250000
vt 0.20312500 0.59375000
vt 0.20312500 0.62500000
vt 0.20312500 0.65625000
vt 0.20312500 0.68750000
vt 0.20312500 0.71875000
vt 0.20312500 0.75000000
vt 0.20312500 0.78125000
vt 0.20312500 0.81250000
vt 0.20312500 0.84375000
vt 0.20312500 0.87500000
vt 0.20312500 0.90625000
vt 0.20312500 0.93750000
vt 0.20312500 0.96875000
vt 0.20312500 1.00000000
vt 0.21875000 0.00000000
vt 0.21875000 0.03125000
vt 0.21875000 0.06250000
vt 0.21875000 0.09375000
vt 0.21875000 0.12500000
vt 0.21875000 0.15625000
vt 0.21875000 0.18750000
vt 0.21875000 0.21875000
vt 0.21875000 0.25000000
vt 0.21875000 0.28125000
vt 0.21875000 0.31250000
vt 0.21875000 0.34375000
vt 0.21875000 0.37500000
vt 0.21875000 0.40625000
vt 0.21875000 0.43750000
vt 0.21875000 0.46875000
vt 0.21875000 0.50000000
vt 0.21875000 0.53125000
vt 0.21875000 0.56250000
vt 0.21875000 0.59375000
vt 0.21875000 0.62500000
vt 0.21875000 0.65625000
vt 0.21875000 0.68750000
vt 0.21875000 0.71875000
vt 0.21875000 0.75000000
vt 0.21875000 0.78125000
vt 0.21875000 0.81250000
vt 0.21875000 0.84375000
vt 0.21875000 0.87500000
vt 0.21875000 0.90625000
vt 0.21875000 0.93750000
vt 0.21875000 0.96875000
vt 0.21875000 1.00000000
vt 0.23437500 0.00000000
vt 0.23437500 0.03125000
vt 0.23437500 0.06250000
vt 0.23437500 0.09375000
vt 0.23437500 0.12500000
vt 0.23437500 0.15625000
vt 0.23437500 0.18750000
vt 0.23437500 0.21875000
vt 0.23437500 0.25000000
vt 0.23437500 0.28125000
vt 0.23437500 0.31250000
vt 0.23437500 0.34375000
vt 0.23437500 0.37500000
vt 0.23437500 0.40625000
vt 0.23437500 0.43750000
vt 0.23437500 0.46875000
vt 0.23437500 0.50000000
vt 0.23437500 0.53125000
vt 0.23437500 0.56250000
vt 0.23437500 0.59375000
vt 0.23437500 0.62500000
vt 0.23437500 0.65625000
vt 0.23437500 0.68750000
vt 0.23437500 0.71875000
vt 0.23437500 0.75000000
vt 0.23437500 0.78125000
vt 0.23437500 0.81250000
vt 0.23437500 0.84375000
vt 0.23437500 0.87500000
vt 0.23437500 0.90625000
vt 0.23437500 0.93750000
vt 0.23437500 0.96875000
vt 0.23437500 1.00000000
vt 0.25000000 0.00000000
vt 0.25000000 0.03125000
vt 0.25000000 0.06250000
vt 0.25000000 0.09375000
vt 0.25000000 0.12500000
vt 0.25000000 0.15625000
vt 0.25000000 0.18750000
vt 0.25000000 0.21875000
vt 0.25000000 0.25000000
vt 0.25000000 0.28125000
vt 0.25000000 0.31250000
vt 0.25000000 0.34375000
vt 0.25000000 0.37500000
vt 0.25000000 0.40625000
vt 0.25000000 0.43750000
vt 0.25000000 0.46875000
vt 0.25000000 0.50000000
vt 0.25000000 0.53125000
vt 0.25000000 0.56250000
vt 0.25000000 0.59375000
vt 0.25000000 0.62500000
vt 0.25000000 0.65625000
vt 0.25000000 0.68750000
vt 0.25000000 0.71875000
vt 0.25000000 0.75000000
vt 0.25000000 0.78125000
vt 0.25000000 0.81250000
vt 0.25000000 0.84375000
vt 0.25000000 0.87500000
vt 0.25000000 0.90625000
vt 0.25000000 0.93750000
vt 0.25000000 0.96875000
vt 0.25000000 1.00000000
vt 0.26562500 0.00000000
vt 0.26562500 0.03125000
vt 0.26562500 0.06250000
vt 0.26562500 0.09375000
vt 0.26562500 0.12500000
vt 0.26562500 0.15625000
vt 0.26562500 0.18750000
vt 0.26562500 0.21875000
vt 0.26562500 0.25000000
vt 0.26562500 0.28125000
vt 0.26562500 0.31250000
vt 0.26562500 0.34375000
vt 0.26562500 0.37500000
vt 0.26562500 0.40625000
vt 0.26562500 0.43750000
vt 0.26562500 0.46875000
vt 0.26562500 0.50000000
vt 0.26562500 0.53125000
vt 0.26562500 0.56250000
vt 0.26562500 0.59375000
vt 0.26562500 0.62500000
vt 0.26562500 0.65625000
vt 0.26562500 0.68750000
vt 0.26562500 0.71875000
vt 0.26562500 0.75000000
vt 0.26562500 0.78125000
vt 0.26562500 0.81250000
vt 0.26562500 0.84375000
vt 0.26562500 0.87500000
vt 0.26562500 0.90625000
vt 0.26562500 0.93750000
vt 0.26562500 0.96875000
vt 0.26562500 1.00000000
vt 0.28125000 0.00000000
vt 0.28125000 0.03125000
vt 0.28125000 0.06250000
vt 0.28125000 0.09375000
vt 0.28125000 0.12500000
vt 0.28125000 0.15625000
vt 0.28125000 0.18750000
vt 0.28125000 0.21875000
vt 0.28125000 0.25000000
vt 0.28125000 0.28125000
vt 0.28125000 0.31250000
vt 0.28125000 0.34375000
vt 0.28125000 0.37500000
vt 0.28125000 0.40625000
vt 0.28125000 0.43750000
vt 0.28125000 0.46875000
vt 0.28125000 0.50000000
vt 0.28125000 0.53125000
vt 0.28125000 0.56250000
vt 0.28125000 0.59375000
vt 0.28125000 0.62500000
vt 0.28125000 0.65625000
vt 0.28125000 0.68750000
vt 0.28125000 0.71875000
vt 0.28125000 0.75000000
vt 0.28125000 0.78125000
vt 0.28125000 0.81250000
vt 0.28125000 0.84375000
vt 0.28125000 0.87500000
vt 0.28125000 0.90625000
vt 0.28125000 0.93750000
vt 0.28125000 0.96875000
vt 0.28125000 1.00000000
vt 0.29687500 0.00000000
vt 0.29687500 0.03125000
vt 0.29687500 0.06250000
vt 0.29687500 0.09375000
vt 0.29687500 0.12500000
vt 0.29687500 0.15625000
vt 0.29687500 0.18750000
vt 0.29687500 0.21875000
vt 0.29687500 0.25000000
vt 0.29687500 0.28125000
vt 0.29687500 0.31250000
vt 0.29687500 0.34375000
vt 0.29687500 0.37500000
vt 0.29687500 0.40625000
vt 0.29687500 0.43750000
vt 0.29687500 0.46875000
vt 0.29687500 0.50000000
vt 0.29687500 0.53125000
vt 0.29687500 0.56250000
vt 0.29687500 0.59375000
vt 0.29687500 0.62500000
vt 0.29687500 0.65625000
vt 0.29687500 0.68750000
vt 0.29687500 0.71875000
vt 0.29687500 0.75000000
vt 0.29687500 0.78125000
vt 0.29687500 0.81250000
vt 0.29687500 0.84375000
vt 0.29687500 0.87500000
vt 0.29687500 0.90625000
vt 0.29687500 0.93750000
vt 0.29687500 0.96875000
vt 0.29687500 1.00000000
vt 0.31250000 0.00000000
vt 0.31250000 0.03125000
vt 0.31250000 0.06250000
vt 0.31250000 0.09375000
vt 0.31250000 0.12500000
vt 0.31250000 0.15625000
vt 0.31250000 0.18750000
vt 0.31250000 0.21875000
vt 0.31250000 0.25000000
vt 0.31250000 0.28125000
vt 0.31250000 0.31250000
vt 0.31250000 0.34375000
vt 0.31250000 0.37500000
vt 0.31250000 0.40625000
vt 0.31250000 0.43750000
vt 0.31250000 0.46875000
vt 0.31250000 0.50000000
vt 0.31250000 0.53125000
vt 0.31250000 0.56250000
vt 0.31250000 0.59375000
vt 0.31250000 0.62500000
vt 0.31250000 0.65625000
vt 0.31250000 0.68750000
vt 0.31250000 0.71875000
vt 0.31250000 0.75000000
vt 0.31250000 0.78125000
vt 0.31250000 0.81250000
vt 0.31250000 0.84375000
vt 0.31250000 0.87500000
vt 0.31250000 0.90625000
vt 0.31250000 0.93750000
vt 0.31250000 0.96875000
vt 0.31250000 1.00000000
vt 0.32812500 0.00000000
vt 0.32812500 0.03125000
vt 0.32812500 0.06250000
vt 0.32812500 0.09375000
vt 0.32812500 0.12500000
vt 0.32812500 0.15625000
vt 0.32812500 0.18750000
vt 0.32812500 0.21875000
vt 0.32812500 0.25000000
vt 0.32812500 0.28125000
vt 0.32812500 0.31250000
vt 0.32812500 0.34375000
vt 0.32812500 0.37500000
vt 0.32812500 0.40625000
vt 0.32812500 0.43750000
vt 0.32812500 0.46875000
vt 0.32812500 0.50000000
vt 0.32812500 0.53125000
vt 0.32812500 0.56250000
vt 0.32812500 0.59375000
vt 0.32812500 0.62500000
vt 0.32812500 0.65625000
vt 0.32812500 0.68750000
vt 0.32812500 0.71875000
vt 0.32812500 0.75000000
vt 0.32812500 0.78125000
vt 0.32812500 0.81250000
vt 0.32812500 0.84375000
vt 0.32812500 0.87500000
vt 0.32812500 0.90625000
vt 0.32812500 0.93750000
vt 0.32812500 0.96875000
vt 0.32812500 1.00000000
vt 0.34375000 0.00000000
vt 0.34375000 0.03125000
vt 0.34375000 0.06250000
vt 0.34375000 0.09375000
vt 0.34375000 0.12500000
vt 0.34375000 0.15625000
vt 0.34375000 0.18750000
vt 0.34375000 0.21875000
vt 0.34375000 0.25000000
vt 0.34375000 0.28125000
vt 0.34375000 0.31250000
vt 0.34375000 0.34375000
vt 0.34375000 0.37500000
vt 0.34375000 0.40625000
vt 0.34375000 0.43750000
vt 0.34375000 0.46875000
vt 0.34375000 0.50000000
vt 0.34375000 0.53125000
vt 0.34375000 0.56250000
vt 0.34375000 0.59375000
vt 0.34375000 0.62500000
vt 0.34375000 0.65625000
vt 0.34375000 0.68750000
vt 0.34375000 0.71875000
vt 0.34375000 0.75000000
vt 0.34375000 0.78125000
vt 0.34375000 0.81250000
vt 0.34375000 0.84375000
vt 0.34375000 0.87500000
vt 0.34375000 0.90625000
vt 0.34375000 0.93750000
vt 0.34375000 0.96875000
vt 0.34375000 1.00000000
vt 0.35937500 0.00000000
vt 0.35937500 0.03125000
vt 0.35937500 0.06250000
vt 0.35937500 0.09375000
vt 0.35937500 0.12500000
vt 0.35937500 0.15625000
vt 0.35937500 0.18750000
vt 0.35937500 0.21875000
vt 0.35937500 0.25000000
vt 0.35937500 0.28125000
vt 0.35937500 0.31250000
vt 0.35937500 0.34375000
vt 0.35937500 0.37500000
vt 0.35937500 0.40625000
vt 0.35937500 0.43750000
vt 0.35937500 0.46875000
vt 0.35937500 0.50000000
vt 0.35937500 0.53125000
vt 0.35937500 0.56250000
vt 0.35937500 0.59375000
vt 0.35937500 0.62500000
vt 0.35937500 0.65625000
vt 0.35937500 0.68750000
vt 0.35937500 0.71875000
vt 0.35937500 0.75000000
vt 0.35937500 0.78125000
vt 0.35937500 0.81250000
vt 0.35937500 0.84375000
vt 0.35937500 0.87500000
vt 0.35937500 0.90625000
vt 0.35937500 0.93750000
vt 0.35937500 0.96875000
vt 0.35937500 1.00000000
vt 0.37500000 0.00000000
vt 0.37500000 0.03125000
vt 0.37500000 0.06250000
vt 0.37500000 0.09375000
vt 0.37500000 0.12500000
vt 0.37500000 0.15625000
vt 0.37500000 0.18750000
vt 0.37500000 0.21875000
vt 0.37500000 0.25000000
vt 0.37500000 0.28125000
vt 0.37500000 0.31250000
vt 0.37500000 0.34375000
vt 0.37500000 0.37500000
vt 0.37500000 0.40625000
vt 0.37500000 0.43750000
vt 0.37500000 0.46875000
vt 0.37500000 0.50000000
vt 0.37500000 0.53125000
vt 0.37500000 0.56250000
vt 0.37500000 0.59375000
vt 0.37500000 0.62500000
vt 0.37500000 0.65625000
vt 0.37500000 0.68750000
vt 0.37500000 0.71875000
vt 0.37500000 0.75000000
vt 0.37500000 0.78125000
vt 0.37500000 0.81250000
vt 0.37500000 0.84375000
vt 0.37500000 0.87500000
vt 0.37500000 0.90625000
vt 0.37500000 0.93750000
vt 0.37500000 0.96875000
vt 0.37500000 1.00000000
vt 0.39062500 0.00000000
vt 0.39062500 0.03125000
vt 0.39062500 0.06250000
vt 0.39062500 0.09375000
vt 0.39062500 0.12500000
vt 0.39062500 0.15625000
vt 0.39062500 0.18750000
vt 0.39062500 0.21875000
vt 0.39062500 0.25000000
vt 0.39062500 0.28125000
vt 0.39062500 0.31250000
vt 0.39062500 0.34375000
vt 0.39062500 0.37500000
vt 0.39062500 0.40625000
vt 0.39062500 0.43750000
vt 0.39062500 0.46875000
vt 0.39062500 0.50000000
vt 0.39062500 0.53125000
vt 0.39062500 0.56250000
vt 0.39062500 0.59375000
vt 0.39062500 0.62500000
vt 0.39062500 0.65625000
vt 0.39062500 0.68750000
vt 0.39062500 0.71875000
vt 0.39062500 0.75000000
vt 0.39062500 0.78125000
vt 0.39062500 0.81250000
vt 0.39062500 0.84375000
vt 0.39062500 0.87500000
vt 0.39062500 0.90625000
vt 0.39062500 0.93750000
vt 0.39062500 0.96875000
vt 0.39062500 1.00000000
vt 0.40625000 0.00000000
vt 0.40625000 0.03125000
vt 0.40625000 0.06250000
vt 0.40625000 0.09375000
vt 0.40625000 0.12500000
vt 0.40625000 0.15625000
vt 0.40625000 0.18750000
vt 0.40625000 0.21875000
vt 0.40625000 0.25000000
vt 0.40625000 0.28125000
vt 0.40625000 0.31250000
vt 0.40625000 0.34375000
vt 0.40625000 0.37500000
vt 0.40625000 0.40625000
vt 0.40625000 0.43750000
vt 0.40625000 0.46875000
vt 0.40625000 0.50000000
vt 0.40625000 0.53125000
vt 0.40625000 0.56250000
vt 0.40625000 0.59375000
vt 0.40625000 0.62500000
vt 0.40625000 0.65625000
vt 0.40625000 0.68750000
vt 0.40625000 0.71875000
vt 0.40625000 0.75000000
vt 0.40625000 0.78125000
vt 0.40625000 0.81250000
vt 0.40625000 0.84375000
vt 0.40625000 0.87500000
vt 0.40625000 0.90625000
vt 0.40625000 0.93750000
vt 0.40625000 0.96875000
vt 0.40625000 1.00000000
vt 0.42187500 0.00000000
vt 0.42187500 0.03125000
vt 0.42187500 0.06250000
vt 0.42187500 0.09375000
vt 0.42187500 0.12500000
vt 0.42187500 0.15625000
vt 0.42187500 0.18750000
vt 0.42187500 0.21875000
vt 0.42187500 0.25000000
vt 0.42187500 0.28125000
vt 0.42187500 0.31250000
vt 0.42187500 0.34375000
vt 0.42187500 0.37500000
vt 0.42187500 0.40625000
vt 0.42187500 0.43750000
vt 0.42187500 0.46875000
vt 0.42187500 0.50000000
vt 0.42187500 0.53125000
vt 0.42187500 0.56250000
vt 0.42187500 0.59375000
vt 0.42187500 0.62500000
vt 0.42187500 0.65625000
vt 0.42187500 0.68750000
vt 0.42187500 0.71875000
vt 0.42187500 0.75000000
vt 0.42187500 0.78125000
vt 0.42187500 0.81250000
vt 0.42187500 0.84375000
vt 0.42187500 0.87500000
vt 0.42187500 0.90625000
vt 0.42187500 0.93750000
vt 0.42187500 0.96875000
vt 0.42187500 1.00000000
vt 0.43750000 0.00000000
vt 0.43750000 0.03125000
vt 0.43750000 0.06250000
vt 0.43750000 0.09375000
vt 0.43750000 0.12500000
vt 0.43750000 0.15625000
vt 0.43750000 0.18750000
vt 0.43750000 0.21875000
vt 0.43750000 0.25000000
vt 0.43750000 0.28125000
vt 0.43750000 0.31250000
vt 0.43750000 0.34375000
vt 0.43750000 0.37500000
vt 0.43750000 0.40625000
vt 0.43750000 0.43750000
vt 0.43750000 0.46875000
vt 0.43750000 0.50000000
vt 0.43750000 0.53125000
vt 0.43750000 0.56250000
vt 0.43750000 0.59375000
vt 0.43750000 0.62500000
vt 0.43750000 0.65625000
vt 0.43750000 0.68750000
vt 0.43750000 0.71875000
vt 0.43750000 0.75000000
vt 0.43750000 0.78125000
vt 0.43750000 0.81250000
vt 0.43750000 0.84375000
vt 0.43750000 0.87500000
vt 0.43750000 0.90625000
vt 0.43750000 0.93750000
vt 0.43750000 0.96875000
vt 0.43750000 1.00000000
vt 0.45312500 0.00000000
vt 0.45312500 0.03125000
vt 0.45312500 0.06250000
vt 0.45312500 0.09375000
vt 0.45312500 0.12500000
vt 0.45312500 0.15625000
vt 0.45312500 0.18750000
vt 0.45312500 0.21875000
vt 0.45312500 0.25000000
vt 0.45312500 0.28125000
vt 0.45312500 0.31250000
vt 0.45312500 0.34375000
vt 0.45312500 0.37500000
vt 0.45312500 0.40625000
vt 0.45312500 0.43750000
vt 0.45312500 0.46875000
vt 0.45312500 0.50000000
vt 0.45312500 0.53125000
vt 0.45312500 0.56250000
vt 0.45312500 0.59375000
vt 0.45312500 0.62500000
vt 0.45312500 0.65625000
vt 0.45312500 0.68750000
vt 0.45312500 0.71875000
vt 0.45312500 0.75000000
vt 0.45312500 0.78125000
vt 0.45312500 0.81250000
vt 0.45312500 0.84375000
vt 0.45312500 0.87500000
vt 0.45312500 0.90625000
vt 0.45312500 0.93750000
vt 0.45312500 0.96875000
vt 0.45312500 1.00000000
vt 0.46875000 0.00000000
vt 0.46875000 0.03125000
vt 0.46875000 0.06250000
vt 0.46875000 0.09375000
vt 0.46875000 0.12500000
vt 0.46875000 0.15625000
vt 0.46875000 0.18750000
vt 0.46875000 0.21875000
vt 0.46875000 0.25000000
vt 0.46875000 0.28125000
vt 0.46875000 0.31250000
vt 0.46875000 0.34375000
vt 0.46875000 0.37500000
vt 0.46875000 0.40625000
vt 0.46875000 0.43750000
vt 0.46875000 0.46875000
vt 0.46875000 0.50000000
vt 0.46875000 0.53125000
vt 0.46875000 0.56250000
vt 0.46875000 0.59375000
vt 0.46875000 0.62500000
vt 0.46875000 0.65625000
vt 0.46875000 0.68750000
vt 0.46875000 0.71875000
vt 0.46875000 0.75000000
vt 0.46875000 0.78125000
vt 0.46875000 0.81250000
vt 0.46875000 0.84375000
vt 0.46875000 0.87500000
vt 0.46875000 0.90625000
vt 0.46875000 0.93750000
vt 0.46875000 0.96875000
vt 0.46875000 1.00000000
vt 0.48437500 0.00000000
vt 0.48437500 0.03125000
vt 0.48437500 0.06250000
vt 0.48437500 0.09375000
vt 0.48437500 0.12500000
vt 0.48437500 0.15625000
vt 0.48437500 0.18750000
vt 0.48437500 0.21875000
vt 0.48437500 0.25000000
vt 0.48437500 0.28125000
vt 0.48437500 0.31250000
vt 0.48437500 0.34375000
vt 0.48437500 0.37500000
vt 0.48437500 0.40625000
vt 0.48437500 0.43750000
vt 0.48437500 0.46875000
vt 0.48437500 0.50000000
vt 0.48437500 0.53125000
vt 0.48437500 0.56250000
vt 0.48437500 0.59375000
vt 0.48437500 0.62500000
vt 0.48437500 0.65625000
vt 0.48437500 0.68750000
vt 0.48437500 0.71875000
vt 0.48437500 0.75000000
vt 0.48437500 0.78125000
vt 0.48437500 0.81250000
vt 0.48437500 0.84375000
vt 0.48437500 0.87500000
vt 0.48437500 0.90625000
vt 0.48437500 0.93750000
vt 0.48437500 0.96875000
vt 0.48437500 1.00000000
vt 0.50000000 0.00000000
vt 0.50000000 0.03125000
vt 0.50000000 0.06250000
vt 0.50000000 0.09375000
vt 0.50000000 0.12500000
vt 0.50000000 0.15625000
vt 0.50000000 0.18750000
vt 0.50000000 0.21875000
vt 0.50000000 0.25000000
vt 0.50000000 0.28125000
vt 0.50000000 0.31250000
vt 0.50000000 0.34375000
vt 0.50000000 0.37500000
vt 0.50000000 0.40625000
vt 0.50000000 0.43750000
vt 0.50000000 0.46875000
vt 0.50000000 0.50000000
vt 0.50000000 0.53125000
vt 0.50000000 0.56250000
vt 0.50000000 0.59375000
vt 0.50000000 0.62500000
vt 0.50000000 0.65625000
vt 0.50000000 0.68750000
vt 0.50000000 0.71875000
vt 0.50000000 0.75000000
vt 0.50000000 0.78125000
vt 0.50000000 0.81250000
vt 0.50000000 0.84375000
vt 0.50000000 0.87500000
vt 0.50000000 0.90625000
vt 0.50000000 0.93750000
vt 0.50000000 0.96875000
vt 0.50000000 1.00000000
vt 0.51562500 0.00000000
vt 0.51562500 0.03125000
vt 0.51562500 0.06250000
vt 0.51562500 0.09375000
vt 0.51562500 0.12500000
vt 0.51562500 0.15625000
vt 0.51562500 0.18750000
vt 0.51562500 0.21875000
vt 0.51562500 0.25000000
vt 0.51562500 0.28125000
vt 0.51562500 0.31250000
vt 0.51562500 0.34375000
vt 0.51562500 0.37500000
vt 0.51562500 0.40625000
vt 0.51562500 0.43750000
vt 0.51562500 0.46875000
vt 0.51562500 0.50000000
vt 0.51562500 0.53125000
vt 0.51562500 0.56250000
vt 0.51562500 0.59375000
vt 0.51562500 0.62500000
vt 0.51562500 0.65625000
vt 0.51562500 0.68750000
vt 0.51562500 0.71875000
vt 0.51562500 0.75000000
vt 0.51562500 0.78125000
vt 0.51562500 0.81250000
vt 0.51562500 0.84375000
vt 0.51562500 0.87500000
vt 0.51562500 0.90625000
vt 0.51562500 0.93750000
vt 0.51562500 0.96875000
vt 0.51562500 1.00000000
vt 0.53125000 0.00000000
vt 0.53125000 0.03125000
vt 0.53125000 0.06250000
vt 0.53125000 0.09375000
vt 0.53125000 0.12500000
vt 0.53125000 0.15625000
vt 0.53125000 0.18750000
vt 0.53125000 0.21875000
vt 0.53125000 0.25000000
vt 0.53125000 0.28125000
vt 0.53125000 0.31250000
vt 0.53125000 0.34375000
vt 0.53125000 0.37500000
vt 0.53125000 0.40625000
vt 0.53125000 0.43750000
vt 0.53125000 0.46875000
vt 0.53125000 0.50000000
vt 0.53125000 0.53125000
vt 0.53125000 0.56250000
vt 0.53125000 0.59375000
vt 0.53125000 0.62500000
vt 0.53125000 0.65625000
vt 0.53125000 0.68750000
vt 0.53125000 0.71875000
vt 0.53125000 0.75000000
vt 0.53125000 0.78125000
vt 0.53125000 0.81250000
vt 0.53125000 0.84375000
vt 0.53125000 0.87500000
vt 0.53125000 0.90625000
vt 0.53125000 0.93750000
vt 0.53125000 0.96875000
vt 0.53125000 1.00000000
vt 0.54687500 0.00000000
vt 0.54687500 0.03125000
vt 0.54687500 0.06250000
vt 0.54687500 0.09375000
vt 0.54687500 0.12500000
vt 0.54687500 0.15625000
vt 0.54687500 0.18750000
vt 0.54687500 0.21875000
vt 0.54687500 0.25000000
vt 0.54687500 0.28125000
vt 0.54687500 0.31250000
vt 0.54687500 0.34375000
vt 0.54687500 0.37500000
vt 0.54687500 0.40625000
vt 0.54687500 0.43750000
vt 0.54687500 0.46875000
vt 0.54687500 0.50000000
vt 0.54687500 0.53125000
vt 0.54687500 0.56250000
vt 0.54687500 0.59375000
vt 0.54687500 0.62500000
vt 0.54687500 0.65625000
vt 0.54687500 0.68750000
vt 0.54687500 0.71875000
vt 0.54687500 0.75000000
vt 0.54687500 0.78125000
vt 0.54687500 0.81250000
vt 0.54687500 0.84375000
vt 0.54687500 0.87500000
vt 0.54687500 0.90625000
vt 0.54687500 0.93750000
vt 0.54687500 0.96875000
vt 0.54687500 1.00000000
vt 0.56250000 0.00000000
vt 0.56250000 0.03125000
vt 0.56250000 0.06250000
vt 0.56250000 0.09375000
vt 0.56250000 0.12500000
vt 0.56250000 0.15625000
vt 0.56250000 0.18750000
vt 0.56250000 0.21875000
vt 0.56250000 0.25000000
vt 0.56250000 0.28125000
vt 0.56250000 0.31250000
vt 0.56250000 0.34375000
vt 0.56250000 0.37500000
vt 0.56250000 0.40625000
vt 0.56250000 0.43750000
vt 0.56250000 0.46875000
vt 0.56250000 0.50000000
vt 0.56250000 0.53125000
vt 0.56250000 0.56250000
vt 0.56250000 0.59375000
vt 0.56250000 0.62500000
vt 0.56250000 0.65625000
vt 0.56250000 0.68750000
vt 0.56250000 0.71875000
vt 0.56250000 0.75000000
vt 0.56250000 0.78125000
vt 0.56250000 0.81250000
vt 0.56250000 0.84375000
vt 0.56250000 0.87500000
vt 0.56250000 0.90625000
vt 0.56250000 0.93750000
vt 0.56250000 0.96875000
vt 0.56250000 1.00000000
vt 0.57812500 0.00000000
vt 0.57812500 0.03125000
vt 0.57812500 0.06250000
vt 0.57812500 0.09375000
vt 0.57812500 0.12500000
vt 0.57812500 0.15625000
vt 0.57812500 0.18750000
vt 0.57812500 0.21875000
vt 0.57812500 0.25000000
vt 0.57812500 0.28125000
vt 0.57812500 0.31250000
vt 0.57812500 0.34375000
vt 0.57812500 0.37500000
vt 0.57812500 0.40625000
vt 0.57812500 0.43750000
vt 0.57812500 0.46875000
vt 0.57812500 0.50000000
vt 0.57812500 0.53125000
vt 0.57812500 0.56250000
vt 0.57812500 0.59375000
vt 0.57812500 0.62500000
vt 0.57812500 0.65625000
vt 0.57812500 0.68750000
vt 0.57812500 0.71875000
vt 0.57812500 0.75000000
vt 0.57812500 0.78125000
vt 0.57812500 0.81250000
vt 0.57812500 0.84375000
vt 0.57812500 0.87500000
vt 0.57812500 0.90625000
vt 0.57812500 0.93750000
vt 0.57812500 0.96875000
vt 0.57812500 1.00000000
vt 0.59375000 0.00000000
vt 0.59375000 0.03125000
vt 0.59375000 0.06250000
vt 0.59375000 0.09375000
vt 0.59375000 0.12500000
vt 0.59375000 0.15625000
vt 0.59375000 0.18750000
vt 0.59375000 0.21875000
vt 0.59375000 0.25000000
vt 0.59375000 0.28125000
vt 0.59375000 0.31250000
vt 0.59375000 0.34375000
vt 0.59375000 0.37500000
vt 0.59375000 0.40625000
vt 0.59375000 0.43750000
vt 0.59375000 0.46875000
vt 0.59375000 0.50000000
vt 0.59375000 0.53125000
vt 0.59375000 0.56250000
vt 0.59375000 0.59375000
vt 0.59375000 0.62500000
vt 0.59375000 0.65625000
vt 0.59375000 0.68750000
vt 0.59375000 0.71875000
vt 0.59375000 0.75000000
vt 0.59375000 0.78125000
vt 0.59375000 0.81250000
vt 0.59375000 0.84375000
vt 0.59375000 0.87500000
vt 0.59375000 0.90625000
vt 0.59375000 0.93750000
vt 0.59375000 0.96875000
vt 0.59375000 1.00000000
vt 0.60937500 0.00000000
vt 0.60937500 0.03125000
vt 0.60937500 0.06250000
vt 0.60937500 0.09375000
vt 0.60937500 0.12500000
vt 0.60937500 0.15625000
vt 0.60937500 0.18750000
vt 0.60937500 0.21875000
vt 0.60937500 0.25000000
vt 0.60937500 0.28125000
vt 0.60937500 0.31250000
vt 0.60937500 0.34375000
vt 0.60937500 0.37500000
vt 0.60937500 0.40625000
vt 0.60937500 0.43750000
vt 0.60937500 0.46875000
vt 0.60937500 0.50000000
vt 0.60937500 0.53125000
vt 0.60937500 0.56250000
vt 0.60937500 0.59375000
vt 0.60937500 0.62500000
vt 0.60937500 0.65625000
vt 0.60937500 0.68750000
vt 0.60937500 0.71875000
vt 0.60937500 0.75000000
vt 0.60937500 0.78125000
vt 0.60937500 0.81250000
vt 0.60937500 0.84375000
vt 0.60937500 0.87500000
vt 0.60937500 0.90625000
vt 0.60937500 0.93750000
vt 0.60937500 0.96875000
vt 0.60937500 1.00000000
vt 0.62500000 0.00000000
vt 0.62500000 0.03125000
vt 0.62500000 0.06250000
vt 0.62500000 0.09375000
vt 0.62500000 0.12500000
vt 0.62500000 0.15625000
vt 0.62500000 0.18750000
vt 0.62500000 0.21875000
vt 0.62500000 0.25000000
vt 0.62500000 0.28125000
vt 0.62500000 0.31250000
vt 0.62500000 0.34375000
vt 0.62500000 0.37500000
vt 0.62500000 0.40625000
vt 0.62500000 0.43750000
vt 0.62500000 0.46875000
vt 0.62500000 0.50000000
vt 0.62500000 0.53125000
vt 0.62500000 0.56250000
vt 0.62500000 0.59375000
vt 0.62500000 0.62500000
vt 0.62500000 0.65625000
vt 0.62500000 0.68750000
vt 0.62500000 0.71875000
vt 0.62500000 0.75000000
vt 0.62500000 0.78125000
vt 0.62500000 0.81250000
vt 0.62500000 0.84375000
vt 0.62500000 0.87500000
vt 0.62500000 0.90625000
vt 0.62500000 0.93750000
vt 0.62500000 0.96875000
vt 0.62500000 1.00000000
vt 0.64062500 0.00000000
vt 0.64062500 0.03125000
vt 0.64062500 0.06250000
vt 0.64062500 0.09375000
vt 0.64062500 0.12500000
vt 0.64062500 0.15625000
vt 0.64062500 0.18750000
vt 0.64062500 0.21875000
vt 0.64062500 0.25000000
vt 0.64062500 0.28125000
vt 0.64062500 0.31250000
vt 0.64062500 0.34375000
vt 0.64062500 0.37500000
vt 0.64062500 0.40625000
vt 0.64062500 0.43750000
vt 0.64062500 0.46875000
vt 0.64062500 0.50000000
vt 0.64062500 0.53125000
vt 0.64062500 0.56250000
vt 0.64062500 0.59375000
vt 0.64062500 0.62500000
vt 0.64062500 0.65625000
vt 0.64062500 0.68750000
vt 0.64062500 0.71875000
vt 0.64062500 0.75000000
vt 0.64062500 0.78125000
vt 0.64062500 0.81250000
vt 0.64062500 0.84375000
vt 0.64062500 0.87500000
vt 0.64062500 0.90625000
vt 0.64062500 0.93750000
vt 0.64062500 0.96875000
vt 0.64062500 1.00000000
vt 0.65625000 0.00000000
vt 0.65625000 0.03125000
vt 0.65625000 0.06250000
vt 0.65625000 0.09375000
vt 0.65625000 0.12500000
vt 0.65625000 0.15625000
vt 0.65625000 0.18750000
vt 0.65625000 0.21875000
vt 0.65625000 0.25000000
vt 0.65625000 0.28125000
vt 0.65625000 0.31250000
vt 0.65625000 0.34375000
vt 0.65625000 0.37500000
vt 0.65625000 0.40625000
vt 0.65625000 0.43750000
vt 0.65625000 0.46875000
vt 0.65625000 0.50000000
vt 0.65625000 0.53125000
vt 0.65625000 0.56250000
vt 0.65625000 0.59375000
vt 0.65625000 0.62500000
vt 0.65625000 0.65625000
vt 0.65625000 0.68750000
vt 0.65625000 0.71875000
vt 0.65625000 0.75000000
vt 0.65625000 0.78125000
vt 0.65625000 0.81250000
vt 0.65625000 0.84375000
vt 0.65625000 0.87500000
vt 0.65625000 0.90625000
vt 0.65625000 0.93750000
vt 0.65625000 0.96875000
vt 0.65625000 1.00000000
vt 0.67187500 0.00000000
vt 0.67187500 0.03125000
vt 0.67187500 0.06250000
vt 0.67187500 0.09375000
vt 0.67187500 0.12500000
vt 0.67187500 0.15625000
vt 0.67187500 0.18750000
vt 0.67187500 0.21875000
vt 0.67187500 0.25000000
vt 0.67187500 0.28125000
vt 0.67187500 0.31250000
vt 0.67187500 0.34375000
vt 0.67187500 0.37500000
vt 0.67187500 0.40625000
vt 0.67187500 0.43750000
vt 0.67187500 0.46875000
vt 0.67187500 0.50000000
vt 0.67187500 0.53125000
vt 0.67187500 0.56250000
vt 0.67187500 0.59375000
vt 0.67187500 0.62500000
vt 0.67187500 0.65625000
vt 0.67187500 0.68750000
vt 0.67187500 0.71875000
vt 0.67187500 0.75000000
vt 0.67187500 0.78125000
vt 0.67187500 0.81250000
vt 0.67187500 0.84375000
vt 0.67187500 0.87500000
vt 0.67187500 0.90625000
vt 0.67187500 0.93750000
vt 0.67187500 0.96875000
vt 0.67187500 1.00000000
vt 0.68750000 0.00000000
vt 0.68750000 0.03125000
vt 0.68750000 0.06250000
vt 0.68750000 0.09375000
vt 0.68750000 0.12500000
vt 0.68750000 0.15625000
vt 0.68750000 0.18750000
vt 0.68750000 0.21875000
vt 0.68750000 0.25000000
vt 0.68750000 0.28125000
vt 0.68750000 0.31250000
vt 0.68750000 0.34375000
vt 0.68750000 0.37500000
vt 0.68750000 0.40625000
vt 0.68750000 0.43750000
vt 0.68750000 0.46875000
vt 0.68750000 0.50000000
vt 0.68750000 0.53125000
vt 0.68750000 0.56250000
vt 0.68750000 0.59375000
vt 0.68750000 0.62500000
vt 0.68750000 0.65625000
vt 0.68750000 0.68750000
vt 0.68750000 0.71875000
vt 0.68750000 0.75000000
vt 0.68750000 0.78125000
vt 0.68750000 0.81250000
vt 0.68750000 0.84375000
vt 0.68750000 0.87500000
vt 0.68750000 0.90625000
vt 0.68750000 0.93750000
vt 0.68750000 0.96875000
vt 0.68750000 1.00000000
vt 0.70312500 0.00000000
vt 0.70312500 0.03125000
vt 0.70312500 0.06250000
vt 0.70312500 0.09375000
vt 0.70312500 0.12500000
vt 0.70312500 0.15625000
vt 0.70312500 0.18750000
vt 0.70312500 0.21875000
vt 0.70312500 0.25000000
vt 0.70312500 0.28125000
vt 0.70312500 0.31250000
vt 0.70312500 0.34375000
vt 0.70312500 0.37500000
vt 0.70312500 0.40625000
vt 0.70312500 0.43750000
vt 0.70312500 0.46875000
vt 0.70312500 0.50000000
vt 0.70312500 0.53125000
vt 0.70312500 0.56250000
vt 0.70312500 0.59375000
vt 0.70312500 0.62500000
vt 0.70312500 0.65625000
vt 0.70312500 0.68750000
vt 0.70312500 0.71875000
vt 0.70312500 0.75000000
vt 0.70312500 0.78125000
vt 0.70312500 0.81250000
vt 0.70312500 0.84375000
vt 0.70312500 0.87500000
vt 0.70312500 0.90625000
vt 0.70312500 0.93750000
vt 0.70312500 0.96875000
vt 0.70312500 1.00000000
vt 0.71875000 0.00000000
vt 0.71875000 0.03125000
vt 0.71875000 0.06250000
vt 0.71875000 0.09375000
vt 0.71875000 0.12500000
vt 0.71875000 0.15625000
vt 0.71875000 0.18750000
vt 0.71875000 0.21875000
vt 0.71875000 0.25000000
vt 0.71875000 0.28125000
vt 0.71875000 0.31250000
vt 0.71875000 0.34375000
vt 0.71875000 0.37500000
vt 0.71875000 0.40625000
vt 0.71875000 0.43750000
vt 0.71875000 0.46875000
vt 0.71875000 0.50000000
vt 0.71875000 0.53125000
vt 0.71875000 0.56250000
vt 0.71875000 0.59375000
vt 0.71875000 0.62500000
vt 0.71875000 0.65625000
vt 0.71875000 0.68750000
vt 0.71875000 0.71875000
vt 0.71875000 0.75000000
vt 0.71875000 0.78125000
vt 0.71875000 0.81250000
vt 0.71875000 0.84375000
vt 0.71875000 0.87500000
vt 0.71875000 0.90625000
vt 0.71875000 0.93750000
vt 0.71875000 0.96875000
vt 0.71875000 1.00000000
vt 0.73437500 0.00000000
vt 0.73437500 0.03125000
vt 0.73437500 0.06250000
vt 0.73437500 0.09375000
vt 0.73437500 0.12500000
vt 0.73437500 0.15625000
vt 0.73437500 0.18750000
vt 0.73437500 0.21875000
vt 0.73437500 0.25000000
vt 0.73437500 0.28125000
vt 0.73437500 0.31250000
vt 0.73437500 0.34375000
vt 0.73437500 0.37500000
vt 0.73437500 0.40625000
vt 0.73437500 0.43750000
vt 0.73437500 0.46875000
vt 0.73437500 0.50000000
vt 0.73437500 0.53125000
vt 0.73437500 0.56250000
vt 0.73437500 0.59375000
vt 0.73437500 0.62500000
vt 0.73437500 0.65625000
vt 0.73437500 0.68750000
vt 0.73437500 0.71875000
vt 0.73437500 0.75000000
vt 0.73437500 0.78125000
vt 0.73437500 0.81250000
vt 0.73437500 0.84375000
vt 0.73437500 0.87500000
vt 0.73437500 0.90625000
vt 0.73437500 0.93750000
vt 0.73437500 0.96875000
vt 0.73437500 1.00000000
vt 0.75000000 0.00000000
vt 0.75000000 0.03125000
vt 0.75000000 0.06250000
vt 0.75000000 0.09375000
vt 0.75000000 0.12500000
vt 0.75000000 0.15625000
vt 0.75000000 0.18750000
vt 0.75000000 0.21875000
vt 0.75000000 0.25000000
vt 0.75000000 0.28125000
vt 0.75000000 0.31250000
vt 0.75000000 0.34375000
vt 0.75000000 0.37500000
vt 0.75000000 0.40625000
vt 0.75000000 0.43750000
vt 0.75000000 0.46875000
vt 0.75000000 0.50000000
vt 0.75000000 0.53125000
vt 0.75000000 0.56250000
vt 0.75000000 0.59375000
vt 0.75000000 0.62500000
vt 0.75000000 0.65625000
vt 0.75000000 0.68750000
vt 0.75000000 0.71875000
vt 0.75000000 0.75000000
vt 0.75000000 0.78125000
vt 0.75000000 0.81250000
vt 0.75000000 0.84375000
vt 0.75000000 0.87500000
vt 0.75000000 0.90625000
vt 0.75000000 0.93750000
vt 0.75000000 0.96875000
vt 0.75000000 1.00000000
vt 0.76562500 0.00000000
vt 0.76562500 0.03125000
vt 0.76562500 0.06250000
vt 0.76562500 0.09375000
vt 0.76562500 0.12500000
vt 0.76562500 0.15625000
vt 0.76562500 0.18750000
vt 0.76562500 0.21875000
vt 0.76562500 0.25000000
vt 0.76562500 0.28125000
vt 0.76562500 0.31250000
vt 0.76562500 0.34375000
vt 0.76562500 0.37500000
vt 0.76562500 0.40625000
vt 0.76562500 0.43750000
vt 0.76562500 0.46875000
vt 0.76562500 0.50000000
vt 0.76562500 0.53125000
vt 0.76562500 0.56250000
vt 0.76562500 0.59375000
vt 0.76562500 0.62500000
vt 0.76562500 0.65625000
vt 0.76562500 0.68750000
vt 0.76562500 0.71875000
vt 0.76562500 0.75000000
vt 0.76562500 0.78125000
vt 0.76562500 0.81250000
vt 0.76562500 0.84375000
vt 0.76562500 0.87500000
vt 0.76562500 0.90625000
vt 0.76562500 0.93750000
vt 0.76562500 0.96875000
vt 0.76562500 1.00000000
vt 0.78125000 0.00000000
vt 0.78125000 0.03125000
vt 0.78125000 0.06250000
vt 0.78125000 0.09375000
vt 0.78125000 0.12500000
vt 0.78125000 0.15625000
vt 0.78125000 0.18750000
vt 0.78125000 0.21875000
vt 0.78125000 0.25000000
vt 0.78125000 0.28125000
vt 0.78125000 0.31250000
vt 0.78125000 0.34375000
vt 0.78125000 0.37500000
vt 0.78125000 0.40625000
vt 0.78125000 0.43750000
vt 0.78125000 0.46875000
vt 0.78125000 0.50000000
vt 0.78125000 0.53125000
vt 0.78125000 0.56250000
vt 0.78125000 0.59375000
vt 0.78125000 0.62500000
vt 0.78125000 0.65625000
vt 0.78125000 0.68750000
vt 0.78125000 0.71875000
vt 0.78125000 0.75000000
vt 0.78125000 0.78125000
vt 0.78125000 0.81250000
vt 0.78125000 0.84375000
vt 0.78125000 0.87500000
vt 0.78125000 0.90625000
vt 0.78125000 0.93750000
vt 0.78125000 0.96875000
vt 0.78125000 1.00000000
vt 0.79687500 0.00000000
vt 0.79687500 0.03125000
vt 0.79687500 0.06250000
vt 0.79687500 0.09375000
vt 0.79687500 0.12500000
vt 0.79687500 0.15625000
vt 0.79687500 0.18750000
vt 0.79687500 0.21875000
vt 0.79687500 0.25000000
vt 0.79687500 0.28125000
vt 0.79687500 0.31250000
vt 0.79687500 0.34375000
vt 0.79687500 0.37500000
vt 0.79687500 0.40625000
vt 0.79687500 0.43750000
vt 0.79687500 0.46875000
vt 0.79687500 0.50000000
vt 0.79687500 0.53125000
vt 0.79687500 0.56250000
vt 0.79687500 0.59375000
vt 0.79687500 0.62500000
vt 0.79687500 0.65625000
vt 0.79687500 0.68750000
vt 0.79687500 0.71875000
vt 0.79687500 0.75000000
vt 0.79687500 0.78125000
vt 0.79687500 0.81250000
vt 0.79687500 0.84375000
vt 0.79687500 0.87500000
vt 0.79687500 0.90625000
vt 0.79687500 0.93750000
vt 0.79687500 0.96875000
vt 0.79687500 1.00000000
vt 0.81250000 0.00000000
vt 0.81250000 0.03125000
vt 0.81250000 0.06250000
vt 0.81250000 0.09375000
vt 0.81250000 0.12500000
vt 0.81250000 0.15625000
vt 0.81250000 0.18750000
vt 0.81250000 0.21875000
vt 0.81250000 0.25000000
vt 0.81250000 0.28125000
vt 0.81250000 0.31250000
vt 0.81250000 0.34375000
vt 0.81250000 0.37500000
vt 0.81250000 0.40625000
vt 0.81250000 0.43750000
vt 0.81250000 0.46875000
vt 0.81250000 0.50000000
vt 0.81250000 0.53125000
vt 0.81250000 0.56250000
vt 0.81250000 0.59375000
vt 0.81250000 0.62500000
vt 0.81250000 0.65625000
vt 0.81250000 0.68750000
vt 0.81250000 0.71875000
vt 0.81250000 0.75000000
vt 0.81250000 0.78125000
vt 0.81250000 0.81250000
vt 0.81250000 0.84375000
vt 0.81250000 0.87500000
vt 0.81250000 0.90625000
vt 0.81250000 0.93750000
vt 0.81250000 0.96875000
vt 0.81250000 1.00000000
vt 0.82812500 0.00000000
vt 0.82812500 0.03125000
vt 0.82812500 0.06250000
vt 0.82812500 0.09375000
vt 0.82812500 0.12500000
vt 0.82812500 0.15625000
vt 0.82812500 0.18750000
vt 0.82812500 0.21875000
vt 0.82812500 0.25000000
vt 0.82812500 0.28125000
vt 0.82812500 0.31250000
vt 0.82812500 0.34375000
vt 0.82812500 0.37500000
vt 0.82812500 0.40625000
vt 0.82812500 0.43750000
vt 0.82812500 0.46875000
vt 0.82812500 0.50000000
vt 0.82812500 0.53125000
vt 0.82812500 0.56250000
vt 0.82812500 0.59375000
vt 0.82812500 0.62500000
vt 0.82812500 0.65625000
vt 0.82812500 0.68750000
vt 0.82812500 0.71875000
vt 0.82812500 0.75000000
vt 0.82812500 0.78125000
vt 0.82812500 0.81250000
vt 0.82812500 0.84375000
vt 0.82812500 0.87500000
vt 0.82812500 0.90625000
vt 0.82812500 0.93750000
vt 0.82812500 0.96875000
vt 0.82812500 1.00000000
vt 0.84375000 0.00000000
vt 0.84375000 0.03125000
vt 0.84375000 0.06250000
vt 0.84375000 0.09375000
vt 0.84375000 0.12500000
vt 0.84375000 0.15625000
vt 0.84375000 0.18750000
vt 0.84375000 0.21875000
vt 0.84375000 0.25000000
vt 0.84375000 0.28125000
vt 0.84375000 0.31250000
vt 0.84375000 0.34375000
vt 0.84375000 0.37500000
vt 0.84375000 0.40625000
vt 0.84375000 0.43750000
vt 0.84375000 0.46875000
vt 0.84375000 0.50000000
vt 0.84375000 0.53125000
vt 0.84375000 0.56250000
vt 0.84375000 0.59375000
vt 0.84375000 0.62500000
vt 0.84375000 0.65625000
vt 0.84375000 0.68750000
vt 0.84375000 0.71875000
vt 0.84375000 0.75000000
vt 0.84375000 0.78125000
vt 0.84375000 0.81250000
vt 0.84375000 0.84375000
vt 0.84375000 0.87500000
vt 0.84375000 0.90625000
vt 0.84375000 0.93750000
vt 0.84375000 0.96875000
vt 0.84375000 1.00000000
vt 0.85937500 0.00000000
vt 0.85937500 0.03125000
vt 0.85937500 0.06250000
vt 0.85937500 0.09375000
vt 0.85937500 0.12500000
vt 0.85937500 0.15625000
vt 0.85937500 0.18750000
vt 0.85937500 0.21875000
vt 0.85937500 0.25000000
vt 0.85937500 0.28125000
vt 0.85937500 0.31250000
vt 0.85937500 0.34375000
vt 0.85937500 0.37500000
vt 0.85937500 0.40625000
vt 0.85937500 0.43750000
vt 0.85937500 0.46875000
vt 0.85937500 0.50000000
vt 0.85937500 0.53125000
vt 0.85937500 0.56250000
vt 0.85937500 0.59375000
vt 0.85937500 0.62500000
vt 0.85937500 0.65625000
vt 0.85937500 0.68750000
vt 0.85937500 0.71875000
vt 0.85937500 0.75000000
vt 0.85937500 0.78125000
vt 0.85937500 0.81250000
vt 0.85937500 0.84375000
vt 0.85937500 0.87500000
vt 0.85937500 0.90625000
vt 0.85937500 0.93750000
vt 0.85937500 0.96875000
vt 0.85937500 1.00000000
vt 0.87500000 0.00000000
vt 0.87500000 0.03125000
vt 0.87500000 0.06250000
vt 0.87500000 0.09375000
vt 0.87500000 0.12500000
vt 0.87500000 0.15625000
vt 0.87500000 0.18750000
vt 0.87500000 0.21875000
vt 0.87500000 0.25000000
vt 0.87500000 0.28125000
vt 0.87500000 0.31250000
vt 0.87500000 0.34375000
vt 0.87500000 0.37500000
vt 0.87500000 0.40625000
vt 0.87500000 0.43750000
vt 0.87500000 0.46875000
vt 0.87500000 0.50000000
vt 0.87500000 0.53125000
vt 0.87500000 0.56250000
vt 0.87500000 0.59375000
vt 0.87500000 0.62500000
vt 0.87500000 0.65625000
vt 0.87500000 0.68750000
vt 0.87500000 0.71875000
vt 0.87500000 0.75000000
vt 0.87500000 0.78125000
vt 0.87500000 0.81250000
vt 0.87500000 0.84375000
vt 0.87500000 0.87500000
vt 0.87500000 0.90625000
vt 0.87500000 0.93750000
vt 0.87500000 0.96875000
vt 0.87500000 1.00000000
vt 0.89062500 0.00000000
vt 0.89062500 0.03125000
vt 0.89062500 0.06250000
vt 0.89062500 0.09375000
vt 0.89062500 0.12500000
vt 0.89062500 0.15625000
vt 0.89062500 0.18750000
vt 0.89062500 0.21875000
vt 0.89062500 0.25000000
vt 0.89062500 0.28125000
vt 0.89062500 0.31250000
vt 0.89062500 0.34375000
vt 0.89062500 0.37500000
vt 0.89062500 0.40625000
vt 0.89062500 0.43750000
vt 0.89062500 0.46875000
vt 0.89062500 0.50000000
vt 0.89062500 0.53125000
vt 0.89062500 0.56250000
vt 0.89062500 0.59375000
vt 0.89062500 0.62500000
vt 0.89062500 0.65625000
vt 0.89062500 0.68750000
vt 0.89062500 0.71875000
vt 0.89062500 0.75000000
vt 0.89062500 0.78125000
vt 0.89062500 0.81250000
vt 0.89062500 0.84375000
vt 0.89062500 0.87500000
vt 0.89062500 0.90625000
vt 0.89062500 0.93750000
vt 0.89062500 0.96875000
vt 0.89062500 1.00000000
vt 0.90625000 0.00000000
vt 0.90625000 0.03125000
vt 0.90625000 0.06250000
vt 0.90625000 0.09375000
vt 0.90625000 0.12500000
vt 0.90625000 0.15625000
vt 0.90625000 0.18750000
vt 0.90625000 0.21875000
vt 0.90625000 0.25000000
vt 0.90625000 0.28125000
vt 0.90625000 0.31250000
vt 0.90625000 0.34375000
vt 0.90625000 0.37500000
vt 0.90625000 0.40625000
vt 0.90625000 0.43750000
vt 0.90625000 0.46875000
vt 0.90625000 0.50000000
vt 0.90625000 0.53125000
vt 0.90625000 0.56250000
vt 0.90625000 0.59375000
vt 0.90625000 0.62500000
vt 0.90625000 0.65625000
vt 0.90625000 0.68750000
vt 0.90625000 0.71875000
vt 0.90625000 0.75000000
vt 0.90625000 0.78125000
vt 0.90625000 0.81250000
vt 0.90625000 0.84375000
vt 0.90625000 0.87500000
vt 0.90625000 0.90625000
vt 0.90625000 0.93750000
vt 0.90625000 0.96875000
vt 0.90625000 1.00000000
vt 0.92187500 0.00000000
vt 0.92187500 0.03125000
vt 0.92187500 0.06250000
vt 0.92187500 0.09375000
vt 0.92187500 0.12500000
vt 0.92187500 0.15625000
vt 0.92187500 0.18750000
vt 0.92187500 0.21875000
vt 0.92187500 0.25000000
vt 0.92187500 0.28125000
vt 0.92187500 0.31250000
vt 0.92187500 0.34375000
vt 0.92187500 0.37500000
vt 0.92187500 0.40625000
vt 0.92187500 0.43750000
vt 0.92187500 0.46875000
vt 0.92187500 0.50000000
vt 0.92187500 0.53125000
vt 0.92187500 0.56250000
vt 0.92187500 0.59375000
vt 0.92187500 0.62500000
vt 0.92187500 0.65625000
vt 0.92187500 0.68750000
vt 0.92187500 0.71875000
vt 0.92187500 0.75000000
vt 0.92187500 0.78125000
vt 0.92187500 0.81250000
vt 0.92187500 0.84375000
vt 0.92187500 0.87500000
vt 0.92187500 0.90625000
vt 0.92187500 0.93750000
vt 0.92187500 0.96875000
vt 0.92187500 1.00000000
vt 0.93750000 0.00000000
vt 0.93750000 0.03125000
vt 0.93750000 0.06250000
vt 0.93750000 0.09375000
vt 0.93750000 0.12500000
vt 0.93750000 0.15625000
vt 0.93750000 0.18750000
vt 0.93750000 0.21875000
vt 0.93750000 0.25000000
vt 0.93750000 0.28125000
vt 0.93750000 0.31250000
vt 0.93750000 0.34375000
vt 0.93750000 0.37500000
vt 0.93750000 0.40625000
vt 0.93750000 0.43750000
vt 0.93750000 0.46875000
vt 0.93750000 0.50000000
vt 0.93750000 0.53125000
vt 0.93750000 0.56250000
vt 0.93750000 0.59375000
vt 0.93750000 0.62500000
vt 0.93750000 0.65625000
vt 0.93750000 0.68750000
vt 0.93750000 0.71875000
vt 0.93750000 0.75000000
vt 0.93750000 0.78125000
vt 0.93750000 0.81250000
vt 0.93750000 0.84375000
vt 0.93750000 0.87500000
vt 0.93750000 0.90625000
vt 0.93750000 0.93750000
vt 0.93750000 0.96875000
vt 0.93750000 1.00000000
vt 0.95312500 0.00000000
vt 0.95312500 0.03125000
vt 0.95312500 0.06250000
vt 0.95312500 0.09375000
vt 0.95312500 0.12500000
vt 0.95312500 0.15625000
vt 0.95312500 0.18750000
vt 0.95312500 0.21875000
vt 0.95312500 0.25000000
vt 0.95312500 0.28125000
vt 0.95312500 0.31250000
vt 0.95312500 0.34375000
vt 0.95312500 0.37500000
vt 0.95312500 0.40625000
vt 0.95312500 0.43750000
vt 0.95312500 0.46875000
vt 0.95312500 0.50000000
vt 0.95312500 0.53125000
vt 0.95312500 0.56250000
vt 0.95312500 0.59375000
vt 0.95312500 0.62500000
vt 0.95312500 0.65625000
vt 0.95312500 0.68750000
vt 0.95312500 0.71875000
vt 0.95312500 0.75000000
vt 0.95312500 0.78125000
vt 0.95312500 0.81250000
vt 0.95312500 0.84375000
vt 0.95312500 0.87500000
vt 0.95312500 0.90625000
vt 0.95312500 0.93750000
vt 0.95312500 0.96875000
vt 0.95312500 1.00000000
vt 0.96875000 0.00000000
vt 0.96875000 0.03125000
vt 0.96875000 0.06250000
vt 0.96875000 0.09375000
vt 0.96875000 0.12500000
vt 0.96875000 0.15625000
vt 0.96875000 0.18750000
vt 0.96875000 0.21875000
vt 0.96875000 0.25000000
vt 0.96875000 0.28125000
vt 0.96875000 0.31250000
vt 0.96875000 0.34375000
vt 0.96875000 0.37500000
vt 0.96875000 0.40625000
vt 0.96875000 0.43750000
vt 0.96875000 0.46875000
vt 0.96875000 0.50000000
vt 0.96875000 0.53125000
vt 0.96875000 0.56250000
vt 0.96875000 0.59375000
vt 0.96875000 0.62500000
vt 0.96875000 0.65625000
vt 0.96875000 0.68750000
vt 0.96875000 0.71875000
vt 0.96875000 0.75000000
vt 0.96875000 0.78125000
vt 0.96875000 0.81250000
vt 0.96875000 0.84375000
vt 0.96875000 0.87500000
vt 0.96875000 0.90625000
vt 0.96875000 0.93750000
vt 0.96875000 0.96875000
vt 0.96875000 1.00000000
vt 0.98437500 0.00000000
vt 0.98437500 0.03125000
vt 0.98437500 0.06250000
vt 0.98437500 0.09375000
vt 0.98437500 0.12500000
vt 0.98437500 0.15625000
vt 0.98437500 0.18750000
vt 0.98437500 0.21875000
vt 0.98437500 0.25000000
vt 0.98437500 0.28125000
vt 0.98437500 0.31250000
vt 0.98437500 0.34375000
vt 0.98437500 0.37500000
vt 0.98437500 0.40625000
vt 0.98437500 0.43750000
vt 0.98437500 0.46875000
vt 0.98437500 0.50000000
vt 0.98437500 0.53125000
vt 0.98437500 0.56250000
vt 0.98437500 0.59375000
vt 0.98437500 0.62500000
vt 0.98437500 0.65625000
vt 0.98437500 0.68750000
vt 0.98437500 0.71875000
vt 0.98437500 0.75000000
vt 0.98437500 0.78125000
vt 0.98437500 0.81250000
vt 0.98437500 0.84375000
vt 0.98437500 0.87500000
vt 0.98437500 0.90625000
vt 0.98437500 0.93750000
vt 0.98437500 0.96875000
vt 0.98437500 1.00000000
vt 1.00000000 0.00000000
vt 1.00000000 0.03125000
vt 1.00000000 0.06250000
vt 1.00000000 0.09375000
vt 1.00000000 0.12500000
vt 1.00000000 0.15625000
vt 1.00000000 0.18750000
vt 1.00000000 0.21875000
vt 1.00000000 0.25000000
vt 1.00000000 0.28125000
vt 1.00000000 0.31250000
vt 1.00000000 0.34375000
vt 1.00000000 0.37500000
vt 1.00000000 0.40625000
vt 1.00000000 0.43750000
vt 1.00000000 0.46875000
vt 1.00000000 0.50000000
vt 1.00000000 0.53125000
vt 1.00000000 0.56250000
vt 1.00000000 0.59375000
vt 1.00000000 0.62500000
vt 1.00000000 0.65625000
vt 1.00000000 0.68750000
vt 1.00000000 0.71875000
vt 1.00000000 0.75000000
vt 1.00000000 0.78125000
vt 1.00000000 0.81250000
vt 1.00000000 0.84375000
vt 1.00000000 0.87500000
vt 1.00000000 0.90625000
vt 1.00000000 0.93750000
vt 1.00000000 0.96875000
vt 1.00000000 1.00000000
vn 0.94923542 0.00000000 0.31456656
vn 0.87496087 -0.07955012 0.47761413
vn 0.76706207 -0.15604317 0.62230725
vn 0.62968550 -0.22653957 0.74308546
vn 0.46811047 -0.28833018 0.83530731
vn 0.28854621 -0.33904043 0.89542876
vn 0.09789329 -0.37672154 0.92113940
vn -0.09652161 -0.39992545 0.91145116
vn -0.28722725 -0.40776045 0.86673636
vn -0.46689490 -0.39992545 0.78871337
vn -0.62862004 -0.37672154 0.68038057
vn -0.76618767 -0.33904043 0.54590113
vn -0.87431114 -0.28833018 0.39044301
vn -0.94883531 -0.22653957 0.21998039
vn -0.98689628 -0.15604317 0.04106404
vn -0.98703138 -0.07955012 -0.13943038
vn -0.94923542 -0.00000000 -0.31456656
vn -0.87496087 0.07955012 -0.47761413
vn -0.76706207 0.15604317 -0.62230725
vn -0.62968550 0.22653957 -0.74308546
vn -0.46811047 0.28833018 -0.83530731
vn -0.28854621 0.33904043 -0.89542876
vn -0.09789329 0.37672154 -0.92113940
vn 0.09652161 0.39992545 -0.91145116
vn 0.28722725 0.40776045 -0.86673636
vn 0.46689490 0.39992545 -0.78871337
vn 0.62862004 0.37672154 -0.68038057
vn 0.76618767 0.33904043 -0.54590113
vn 0.87431114 0.28833018 -0.39044301
vn 0.94883531 0.22653957 -0.21998039
vn 0.98689628 0.15604317 -0.04106404
vn 0.98703138 0.07955012 0.13943038
vn 0.94923542 0.00000000 0.31456656
vn 0.93881392 0.05971887 0.33920803
vn 0.86473961 -0.02097873 0.50178212
vn 0.75743385 -0.10087012 0.64507300
vn 0.62102033 -0.17688514 0.76357409
vn 0.46074135 -0.24610256 0.85273146
vn 0.28275634 -0.30586240 0.90911883
vn 0.09390516 -0.35386811 0.93056928
vn -0.09855475 -0.38827488 0.91625847
vn -0.28722725 -0.40776045 0.86673636
vn -0.46486177 -0.41157602 0.78390606
vn -0.62463191 -0.39957496 0.67095069
vn -0.76039779 -0.37221845 0.53221106
vn -0.86694202 -0.33055780 0.37301886
vn -0.94017015 -0.27619400 0.19949175
vn -0.97726807 -0.21121622 0.01829829
vn -0.97681013 -0.13812151 -0.16359836
vn -0.93881392 -0.05971887 -0.33920803
vn -0.86473961 0.02097873 -0.50178212
vn -0.75743385 0.10087012 -0.64507300
vn -0.62102033 0.17688514 -0.76357409
vn -0.46074135 0.24610256 -0.85273146
vn -0.28275634 0.30586240 -0.90911883
vn -0.09390516 0.35386811 -0.93056928
vn 0.09855475 0.38827488 -0.91625847
vn 0.28722725 0.40776045 -0.86673636
vn 0.46486177 0.41157602 -0.78390606
vn 0.62463191 0.39957496 -0.67095069
vn 0.76039779 0.37221845 -0.53221106
vn 0.86694202 0.33055780 -0.37301886
vn 0.94017015 0.27619400 -0.19949175
vn 0.97726807 0.21121622 -0.01829829
vn 0.97681013 0.13812151 0.16359836
vn 0.93881392 0.05971887 0.33920803
vn 0.92437227 0.11918202 0.36239695
vn 0.85057546 0.03734186 0.52452547
vn 0.74409151 -0.04593334 0.66649678
vn 0.60901254 -0.12744334 0.78285498
vn 0.45052957 -0.20405577 0.86912850
vn 0.27473299 -0.27282644 0.92200191
vn 0.08837858 -0.33111255 0.93944330
vn -0.10137217 -0.37667419 0.92078240
vn -0.28722725 -0.40776045 0.86673636
vn -0.46204434 -0.42317671 0.77938213
vn -0.61910533 -0.42233052 0.66207667
vn -0.75237445 -0.40525441 0.51932799
vn -0.85673023 -0.37260460 0.35662181
vn -0.92816236 -0.32563580 0.18021087
vn -0.96392573 -0.26615300 -0.00312548
vn -0.96264597 -0.19644209 -0.18634172
vn -0.92437227 -0.11918202 -0.36239695
vn -0.85057546 -0.03734186 -0.52452547
vn -0.74409151 0.04593334 -0.66649678
vn -0.60901254 0.12744334 -0.78285498
vn -0.45052957 0.20405577 -0.86912850
vn -0.27473299 0.27282644 -0.92200191
vn -0.08837858 0.33111255 -0.93944330
vn 0.10137217 0.37667419 -0.92078240
vn 0.28722725 0.40776045 -0.86673636
vn 0.46204434 0.42317671 -0.77938213
vn 0.61910533 0.42233052 -0.66207667
vn 0.75237445 0.40525441 -0.51932799
vn 0.85673023 0.37260460 -0.35662181
vn 0.92816236 0.32563580 -0.18021087
vn 0.96392573 0.26615300 0.00312548
vn 0.96264597 0.19644209 0.18634172
vn 0.92437227 0.11918202 0.36239695
vn 0.90597232 0.17813482 0.38403404
vn 0.83252906 0.09516189 0.54574681
vn 0.72709217 0.00853194 0.68648684
vn 0.59371354 -0.07842588 0.80084556
vn 0.43751884 -0.16236985 0.88442823
vn 0.26451052 -0.24007402 0.93402283
vn 0.08133722 -0.30855229 0.94772345
vn -0.10496183 -0.36517307 0.92500359
vn -0.28722725 -0.40776045 0.86673636
vn -0.45845469 -0.43467783 0.77516094
vn -0.61206397 -0.44489078 0.65379652
vn -0.74215198 -0.43800683 0.50730706
vn -0.84371950 -0.41429052 0.34132208
vn -0.91286336 -0.37465326 0.16222029
vn -0.94692639 -0.32061828 -0.02311555
vn -0.94459957 -0.25426212 -0.20756306
vn -0.90597232 -0.17813482 -0.38403404
vn -0.83252906 -0.09516189 -0.54574681
vn -0.72709217 -0.00853194 -0.68648684
vn -0.59371354 0.07842588 -0.80084556
vn -0.43751884 0.16236985 -0.88442823
vn -0.26451052 0.24007402 -0.93402283
vn -0.08133722 0.30855229 -0.94772345
vn 0.10496183 0.36517307 -0.92500359
vn 0.28722725 0.40776045 -0.86673636
vn 0.45845469 0.43467783 -0.77516094
vn 0.61206397 0.44489078 -0.65379652
vn 0.74215198 0.43800683 -0.50730706
vn 0.84371950 0.41429052 -0.34132208
vn 0.91286336 0.37465326 -0.16222029
vn 0.94692639 0.32061828 0.02311555
vn 0.94459957 0.25426212 0.20756306
vn 0.90597232 0.17813482 0.38403404
vn 0.88369286 0.23632481 0.40402664
vn 0.81067769 0.15223377 0.56535525
vn 0.70650863 0.06229248 0.70495759
vn 0.57518885 -0.03004267 0.81746879
vn 0.42176488 -0.12122331 0.89856513
vn 0.25213272 -0.20774540 0.94513012
vn 0.07281124 -0.28628395 0.95537428
vn -0.10930833 -0.35382077 0.92890395
vn -0.28722725 -0.40776045 0.86673636
vn -0.45410818 -0.44603013 0.77126058
vn -0.60353799 -0.46715913 0.64614568
vn -0.72977417 -0.47033545 0.49619977
vn -0.82796554 -0.45543706 0.32718518
vn -0.89433866 -0.42303647 0.14559705
vn -0.92634285 -0.37437882 -0.04158629
vn -0.92274820 -0.31133401 -0.22717150
vn -0.88369286 -0.23632481 -0.40402664
vn -0.81067769 -0.15223377 -0.56535525
vn -0.70650863 -0.06229248 -0.70495759
vn -0.57518885 0.03004267 -0.81746879
vn -0.42176488 0.12122331 -0.89856513
vn -0.25213272 0.20774540 -0.94513012
vn -0.07281124 0.28628395 -0.95537428
vn 0.10930833 0.35382077 -0.92890395
vn 0.28722725 0.40776045 -0.86673636
vn 0.45410818 0.44603013 -0.77126058
vn 0.60353799 0.46715913 -0.64614568
vn 0.72977417 0.47033545 -0.49619977
vn 0.82796554 0.45543706 -0.32718518
vn 0.89433866 0.42303647 -0.14559705
vn 0.92634285 0.37437882 0.04158629
vn 0.92274820 0.31133401 0.22717150
vn 0.88369286 0.23632481 0.40402664
vn 0.85762928 0.29350282 0.42228913
vn 0.78511492 0.20831313 0.58326684
vn 0.68242903 0.11511808 0.72182993
vn 0.55351778 0.01749911 0.83265350
vn 0.40333515 -0.08079235 0.91147866
vn 0.23765257 -0.17597900 0.95527622
vn 0.06283714 -0.26440287 0.96236304
vn -0.11439308 -0.34266589 0.93246679
vn -0.28722725 -0.40776045 0.86673636
vn -0.44902343 -0.45718501 0.76769774
vn -0.59356389 -0.48904020 0.63915693
vn -0.71529403 -0.50210186 0.48605368
vn -0.80953582 -0.49586802 0.31427165
vn -0.87266760 -0.47057825 0.13041235
vn -0.90226325 -0.42720442 -0.05845864
vn -0.89718543 -0.36741336 -0.24508308
vn -0.85762928 -0.29350282 -0.42228913
vn -0.78511492 -0.20831313 -0.58326684
vn -0.68242903 -0.11511808 -0.72182993
vn -0.55351778 -0.01749911 -0.83265350
vn -0.40333515 0.08079235 -0.91147866
vn -0.23765257 0.17597900 -0.95527622
vn -0.06283714 0.26440287 -0.96236304
vn 0.11439308 0.34266589 -0.93246679
vn 0.28722725 0.40776045 -0.86673636
vn 0.44902343 0.45718501 -0.76769774
vn 0.59356389 0.48904020 -0.63915693
vn 0.71529403 0.50210186 -0.48605368
vn 0.80953582 0.49586802 -0.31427165
vn 0.87266760 0.47057825 -0.13041235
vn 0.90226325 0.42720442 0.05845864
vn 0.89718543 0.36741336 0.24508308
vn 0.85762928 0.29350282 0.42228913
vn 0.82789321 0.34942401 0.43874331
vn 0.75595022 0.26315981 0.59940486
vn 0.65495648 0.16678252 0.73703161
vn 0.52879314 0.06399588 0.84633465
vn 0.38230857 -0.04125009 0.92311353
vn 0.22113210 -0.14491085 0.96441767
vn 0.05145764 -0.24300276 0.96865978
vn -0.12019430 -0.33175621 0.93567684
vn -0.28722725 -0.40776045 0.86673636
vn -0.44322221 -0.46809469 0.76448769
vn -0.58218439 -0.51044032 0.63286019
vn -0.69877355 -0.53317000 0.47691222
vn -0.78850924 -0.53541027 0.30263679
vn -0.84794296 -0.51707502 0.11673119
vn -0.87479070 -0.47886886 -0.07366032
vn -0.86802073 -0.42226004 -0.26122110
vn -0.82789321 -0.34942401 -0.43874331
vn -0.75595022 -0.26315981 -0.59940486
vn -0.65495648 -0.16678252 -0.73703161
vn -0.52879314 -0.06399588 -0.84633465
vn -0.38230857 0.04125009 -0.92311353
vn -0.22113210 0.14491085 -0.96441767
vn -0.05145764 0.24300276 -0.96865978
vn 0.12019430 0.33175621 -0.93567684
vn 0.28722725 0.40776045 -0.86673636
vn 0.44322221 0.46809469 -0.76448769
vn 0.58218439 0.51044032 -0.63286019
vn 0.69877355 0.53317000 -0.47691222
vn 0.78850924 0.53541027 -0.30263679
vn 0.84794296 0.51707502 -0.11673119
vn 0.87479070 0.47886886 0.07366032
vn 0.86802073 0.42226004 0.26122110
vn 0.82789321 0.34942401 0.43874331
vn 0.79461197 0.40384891 0.45331873
vn 0.72330847 0.31653895 0.61370021
vn 0.62420863 0.21706457 0.75049754
vn 0.50112080 0.10924853 0.85845367
vn 0.35877518 -0.00276588 0.93341991
vn 0.20264203 -0.11467399 0.97251534
vn 0.03872146 -0.22217525 0.97423755
vn -0.12668715 -0.32113844 0.93852036
vn -0.28722725 -0.40776045 0.86673636
vn -0.43672936 -0.47871246 0.76164417
vn -0.56944821 -0.53126782 0.62728242
vn -0.68028349 -0.56340686 0.46881456
vn -0.76497585 -0.57389449 0.29233041
vn -0.82027062 -0.56232767 0.10461218
vn -0.84404285 -0.52915091 -0.08712625
vn -0.83537898 -0.47563919 -0.27551646
vn -0.79461197 -0.40384891 -0.45331873
vn -0.72330847 -0.31653895 -0.61370021
vn -0.62420863 -0.21706457 -0.75049754
vn -0.50112080 -0.10924853 -0.85845367
vn -0.35877518 0.00276588 -0.93341991
vn -0.20264203 0.11467399 -0.97251534
vn -0.03872146 0.22217525 -0.97423755
vn 0.12668715 0.32113844 -0.93852036
vn 0.28722725 0.40776045 -0.86673636
vn 0.43672936 0.47871246 -0.76164417
vn 0.56944821 0.53126782 -0.62728242
vn 0.68028349 0.56340686 -0.46881456
vn 0.76497585 0.57389449 -0.29233041
vn 0.82027062 0.56232767 -0.10461218
vn 0.84404285 0.52915091 0.08712625
vn 0.83537898 0.47563919 0.27551646
vn 0.79461197 0.40384891 0.45331873
vn 0.75792808 0.45654447 0.46595296
vn 0.68732945 0.36822198 0.62609169
vn 0.59031714 0.26574892 0.76217005
vn 0.47061926 0.15306328 0.86895865
vn 0.33283575 0.03449551 0.94235366
vn 0.18226155 -0.08539791 0.97953454
vn 0.02468315 -0.20200953 0.97907246
vn -0.13384382 -0.31085804 0.94098518
vn -0.28722725 -0.40776045 0.86673636
vn -0.42957269 -0.48899286 0.75917935
vn -0.55540990 -0.55143354 0.62244751
vn -0.65990301 -0.59268294 0.46179535
vn -0.73903642 -0.61115587 0.28339666
vn -0.78976908 -0.60614242 0.09410719
vn -0.81015135 -0.57783526 -0.09879876
vn -0.79939997 -0.52732221 -0.28790793
vn -0.75792808 -0.45654447 -0.46595296
vn -0.68732945 -0.36822198 -0.62609169
vn -0.59031714 -0.26574892 -0.76217005
vn -0.47061926 -0.15306328 -0.86895865
vn -0.33283575 -0.03449551 -0.94235366
vn -0.18226155 0.08539791 -0.97953454
vn -0.02468315 0.20200953 -0.97907246
vn 0.13384382 0.31085804 -0.94098518
vn 0.28722725 0.40776045 -0.86673636
vn 0.42957269 0.48899286 -0.75917935
vn 0.55540990 0.55143354 -0.62244751
vn 0.65990301 0.59268294 -0.46179535
vn 0.73903642 0.61115587 -0.28339666
vn 0.78976908 0.60614242 -0.09410719
vn 0.81015135 0.57783526 0.09879876
vn 0.79939997 0.52732221 0.28790793
vn 0.75792808 0.45654447 0.46595296
vn 0.71799863 0.50728504 0.47659192
vn 0.64816723 0.41798758 0.63652622
vn 0.55342713 0.31262709 0.77199917
vn 0.43741914 0.19525252 0.87780462
vn 0.30460137 0.07037451 0.94987654
vn 0.16007794 -0.05720796 0.98544523
vn 0.00940281 -0.18259196 0.98314382
vn -0.14163367 -0.30095905 0.94306074
vn -0.28722725 -0.40776045 0.86673636
vn -0.42178284 -0.49889185 0.75710379
vn -0.54012956 -0.57085112 0.61837615
vn -0.63771940 -0.62087289 0.45588466
vn -0.71080204 -0.64703487 0.27587378
vn -0.75656895 -0.64833166 0.08526122
vn -0.77326135 -0.62471343 -0.10862787
vn -0.76023775 -0.57708781 -0.29834246
vn -0.71799863 -0.50728504 -0.47659192
vn -0.64816723 -0.41798758 -0.63652622
vn -0.55342713 -0.31262709 -0.77199917
vn -0.43741914 -0.19525252 -0.87780462
vn -0.30460137 -0.07037451 -0.94987654
vn -0.16007794 0.05720796 -0.98544523
vn -0.00940281 0.18259196 -0.98314382
vn 0.14163367 0.30095905 -0.94306074
vn 0.28722725 0.40776045 -0.86673636
vn 0.42178284 0.49889185 -0.75710379
vn 0.54012956 0.57085112 -0.61837615
vn 0.63771940 0.62087289 -0.45588466
vn 0.71080204 0.64703487 -0.27587378
vn 0.75656895 0.64833166 -0.08526122
vn 0.77326135 0.62471343 0.10862787
vn 0.76023775 0.57708781 0.29834246
vn 0.71799863 0.50728504 0.47659192
vn 0.67499460 0.55585333 0.48519003
vn 0.60598951 0.46562264 0.64495912
vn 0.51369659 0.35749834 0.77994279
vn 0.40166259 0.23563558 0.88495369
vn 0.27419292 0.10471748 0.95595632
vn 0.13618618 -0.03022486 0.99022209
vn -0.00705413 -0.16400568 0.98643417
vn -0.15002334 -0.29148385 0.94473815
vn -0.28722725 -0.40776045 0.86673636
vn -0.41339317 -0.50836706 0.75542639
vn -0.52367262 -0.58943740 0.61508580
vn -0.61382763 -0.64785599 0.45110781
vn -0.68039359 -0.68137784 0.26979400
vn -0.72081241 -0.68871472 0.07811215
vn -0.73353080 -0.66958468 -0.11657150
vn -0.71806002 -0.62472288 -0.30677537
vn -0.67499460 -0.55585333 -0.48519003
vn -0.60598951 -0.46562264 -0.64495912
vn -0.51369659 -0.35749834 -0.77994279
vn -0.40166259 -0.23563558 -0.88495369
vn -0.27419292 -0.10471748 -0.95595632
vn -0.13618618 0.03022486 -0.99022209
vn 0.00705413 0.16400568 -0.98643417
vn 0.15002334 0.29148385 -0.94473815
vn 0.28722725 0.40776045 -0.86673636
vn 0.41339317 0.50836706 -0.75542639
vn 0.52367262 0.58943740 -0.61508580
vn 0.61382763 0.64785599 -0.45110781
vn 0.68039359 0.68137784 -0.26979400
vn 0.72081241 0.68871472 -0.07811215
vn 0.73353080 0.66958468 0.11657150
vn 0.71806002 0.62472288 0.30677537
vn 0.67499460 0.55585333 0.48519003
vn 0.62910013 0.60204137 0.49171049
vn 0.56097690 0.51092320 0.65135429
vn 0.47129563 0.40017053 0.78596690
vn 0.36350274 0.27403954 0.89037525
vn 0.24174064 0.13737735 0.96056698
vn 0.11068858 -0.00456416 0.99384466
vn -0.02461718 -0.14633028 0.98892944
vn -0.15897691 -0.28247301 0.94601022
vn -0.28722725 -0.40776045 0.86673636
vn -0.40443960 -0.51737790 0.75415431
vn -0.50610957 -0.60711280 0.61259053
vn -0.58833004 -0.67351669 0.44748523
vn -0.64794131 -0.71403772 0.26518334
vn -0.68265255 -0.72711868 0.07269059
vn -0.69112985 -0.71225687 -0.12259561
vn -0.67304741 -0.67002343 -0.31317054
vn -0.62910013 -0.60204137 -0.49171049
vn -0.56097690 -0.51092320 -0.65135429
vn -0.47129563 -0.40017053 -0.78596690
vn -0.36350274 -0.27403954 -0.89037525
vn -0.24174064 -0.13737735 -0.96056698
vn -0.11068858 0.00456416 -0.99384466
vn 0.02461718 0.14633028 -0.98892944
vn 0.15897691 0.28247301 -0.94601022
vn 0.28722725 0.40776045 -0.86673636
vn 0.40443960 0.51737790 -0.75415431
vn 0.50610957 0.60711280 -0.61259053
vn 0.58833004 0.67351669 -0.44748523
vn 0.64794131 0.71403772 -0.26518334
vn 0.68265255 0.72711868 -0.07269059
vn 0.69112985 0.71225687 0.12259561
vn 0.67304741 0.67002343 0.31317054
vn 0.62910013 0.60204137 0.49171049
vn 0.58051177 0.64565138 0.49612537
vn 0.51332214 0.55369525 0.65568433
vn 0.42640583 0.44046093 0.79004572
vn 0.32310299 0.31029993 0.89404609
vn 0.20738347 0.16821429 0.96368877
vn 0.08369433 0.01966426 0.99629743
vn -0.04321114 -0.12964145 0.99061894
vn -0.16845603 -0.27396511 0.94687152
vn -0.28722725 -0.40776045 0.86673636
vn -0.39496048 -0.52588579 0.75329301
vn -0.48751561 -0.62380162 0.61090103
vn -0.56133579 -0.69774511 0.44503246
vn -0.61358414 -0.74487465 0.26206155
vn -0.64225280 -0.76337907 0.06901975
vn -0.64624005 -0.75254727 -0.12667443
vn -0.62539265 -0.71279549 -0.31750058
vn -0.58051177 -0.64565138 -0.49612537
vn -0.51332214 -0.55369525 -0.65568433
vn -0.42640583 -0.44046093 -0.79004572
vn -0.32310299 -0.31029993 -0.89404609
vn -0.20738347 -0.16821429 -0.96368877
vn -0.08369433 -0.01966426 -0.99629743
vn 0.04321114 0.12964145 -0.99061894
vn 0.16845603 0.27396511 -0.94687152
vn 0.28722725 0.40776045 -0.86673636
vn 0.39496048 0.52588579 -0.75329301
vn 0.48751561 0.62380162 -0.61090103
vn 0.56133579 0.69774511 -0.44503246
vn 0.61358414 0.74487465 -0.26206155
vn 0.64225280 0.76337907 -0.06901975
vn 0.64624005 0.75254727 0.12667443
vn 0.62539265 0.71279549 0.31750058
vn 0.58051177 0.64565138 0.49612537
vn 0.52943756 0.68649661 0.49841576
vn 0.46322931 0.59375566 0.65793072
vn 0.37921942 0.47819700 0.79216177
vn 0.28063633 0.34426150 0.89595048
vn 0.17126855 0.19709623 0.96530832
vn 0.05531902 0.04235666 0.99756991
vn -0.06275639 -0.11401066 0.99149544
vn -0.17842011 -0.26599660 0.94731836
vn -0.28722725 -0.40776045 0.86673636
vn -0.38499640 -0.53385430 0.75284617
vn -0.46797036 -0.63943242 0.61002453
vn -0.53296048 -0.72043751 0.44375999
vn -0.57746922 -0.77375659 0.26044199
vn -0.59978615 -0.79734064 0.06711536
vn -0.59905363 -0.79028334 -0.12879047
vn -0.57529982 -0.75285589 -0.31974697
vn -0.52943756 -0.68649661 -0.49841576
vn -0.46322931 -0.59375566 -0.65793072
vn -0.37921942 -0.47819700 -0.79216177
vn -0.28063633 -0.34426150 -0.89595048
vn -0.17126855 -0.19709623 -0.96530832
vn -0.05531902 -0.04235666 -0.99756991
vn 0.06275639 0.11401066 -0.99149544
vn 0.17842011 0.26599660 -0.94731836
vn 0.28722725 0.40776045 -0.86673636
vn 0.38499640 0.53385430 -0.75284617
vn 0.46797036 0.63943242 -0.61002453
vn 0.53296048 0.72043751 -0.44375999
vn 0.57746922 0.77375659 -0.26044199
vn 0.59978615 0.79734064 -0.06711536
vn 0.59905363 0.79028334 0.12879047
vn 0.57529982 0.75285589 0.31974697
vn 0.52943756 0.68649661 0.49841576
vn 0.47609622 0.72440216 0.49857186
vn 0.41091291 0.63093286 0.65808382
vn 0.32993844 0.51321716 0.79230598
vn 0.23628463 0.37577881 0.89608027
vn 0.13355053 0.22389950 0.96541870
vn 0.02568416 0.06341585 0.99765663
vn -0.08316924 -0.09950483 0.99155518
vn -0.18882649 -0.25860160 0.94734881
vn -0.28722725 -0.40776045 0.86673636
vn -0.37459002 -0.54124930 0.75281572
vn -0.44755751 -0.65393824 0.60996479
vn -0.50332562 -0.74149670 0.44367326
vn -0.53975120 -0.80055986 0.26033162
vn -0.55543445 -0.82885795 0.06698557
vn -0.54977266 -0.82530350 -0.12893469
vn -0.52298342 -0.79003309 -0.31990007
vn -0.47609622 -0.72440216 -0.49857186
vn -0.41091291 -0.63093286 -0.65808382
vn -0.32993844 -0.51321716 -0.79230598
vn -0.23628463 -0.37577881 -0.89608027
vn -0.13355053 -0.22389950 -0.96541870
vn -0.02568416 -0.06341585 -0.99765663
vn 0.08316924 0.09950483 -0.99155518
vn 0.18882649 0.25860160 -0.94734881
vn 0.28722725 0.40776045 -0.86673636
vn 0.37459002 0.54124930 -0.75281572
vn 0.44755751 0.65393824 -0.60996479
vn 0.50332562 0.74149670 -0.44367326
vn 0.53975120 0.80055986 -0.26033162
vn 0.55543445 0.82885795 -0.06698557
vn 0.54977266 0.82530350 0.12893469
vn 0.52298342 0.79003309 0.31990007
vn 0.47609622 0.72440216 0.49857186
vn 0.42071616 0.75920571 0.49659300
vn 0.35659696 0.66506766 0.65614298
vn 0.27877394 0.54537144 0.79047775
vn 0.19023780 0.40471691 0.89443491
vn 0.09439092 0.24850932 0.96401944
vn -0.00508335 0.08275167 0.99655723
vn -0.10436227 -0.08618609 0.99079790
vn -0.19963060 -0.25181176 0.94696275
vn -0.28722725 -0.40776045 0.86673636
vn -0.36378591 -0.54803914 0.75320178
vn -0.42636448 -0.66725698 0.61072207
vn -0.47255810 -0.76083252 0.44477266
vn -0.50059159 -0.82516969 0.26173088
vn -0.50938761 -0.85779604 0.06863094
vn -0.49860816 -0.85745778 -0.12710646
vn -0.46866747 -0.82416790 -0.31795923
vn -0.42071616 -0.75920571 -0.49659300
vn -0.35659696 -0.66506766 -0.65614298
vn -0.27877394 -0.54537144 -0.79047775
vn -0.19023780 -0.40471691 -0.89443491
vn -0.09439092 -0.24850932 -0.96401944
vn 0.00508335 -0.08275167 -0.99655723
vn 0.10436227 0.08618609 -0.99079790
vn 0.19963060 0.25181176 -0.94696275
vn 0.28722725 0.40776045 -0.86673636
vn 0.36378591 0.54803914 -0.75320178
vn 0.42636448 0.66725698 -0.61072207
vn 0.47255810 0.76083252 -0.44477266
vn 0.50059159 0.82516969 -0.26173088
vn 0.50938761 0.85779604 -0.06863094
vn 0.49860816 0.85745778 0.12710646
vn 0.46866747 0.82416790 0.31795923
vn 0.42071616 0.75920571 0.49659300
vn 0.36353453 0.79075822 0.49248765
vn 0.30051406 0.69601390 0.65211651
vn 0.22594501 0.57452216 0.78668490
vn 0.14269301 0.43095186 0.89102144
vn 0.05395740 0.27082032 0.96111651
vn -0.03685176 0.10028130 0.99427642
vn -0.12624473 -0.07411147 0.98922685
vn -0.21078619 -0.24565617 0.94616184
vn -0.28722725 -0.40776045 0.86673636
vn -0.35263033 -0.55419473 0.75400269
vn -0.40448202 -0.67933161 0.61229312
vn -0.44078969 -0.77836215 0.44705347
vn -0.46015807 -0.84748068 0.26463380
vn -0.46184283 -0.88403100 0.07204441
vn -0.44577922 -0.88660850 -0.12331361
vn -0.41258458 -0.85511414 -0.31393276
vn -0.36353453 -0.79075822 -0.49248765
vn -0.30051406 -0.69601390 -0.65211651
vn -0.22594501 -0.57452216 -0.78668490
vn -0.14269301 -0.43095186 -0.89102144
vn -0.05395740 -0.27082032 -0.96111651
vn 0.03685176 -0.10028130 -0.99427642
vn 0.12624473 0.07411147 -0.98922685
vn 0.21078619 0.24565617 -0.94616184
vn 0.28722725 0.40776045 -0.86673636
vn 0.35263033 0.55419473 -0.75400269
vn 0.40448202 0.67933161 -0.61229312
vn 0.44078969 0.77836215 -0.44705347
vn 0.46015807 0.84748068 -0.26463380
vn 0.46184283 0.88403100 -0.07204441
vn 0.44577922 0.88660850 0.12331361
vn 0.41258458 0.85511414 0.31393276
vn 0.36353453 0.79075822 0.49248765
vn 0.30479619 0.81892458 0.48627339
vn 0.24290436 0.72363906 0.64602166
vn 0.17167786 0.60054449 0.78094368
vn 0.09385386 0.45437133 0.88585447
vn 0.01242312 0.29073694 0.95672237
vn -0.06948504 0.11592969 0.99082397
vn -0.14872292 -0.06333267 0.98684876
vn -0.22224547 -0.24016119 0.94494950
vn -0.28722725 -0.40776045 0.86673636
vn -0.34117104 -0.55968971 0.75521503
vn -0.38200383 -0.69011041 0.61467121
vn -0.40815642 -0.79401055 0.45050593
vn -0.41862379 -0.86739731 0.26902795
vn -0.41300368 -0.90745047 0.07721137
vn -0.39151207 -0.91263083 -0.11757239
vn -0.35497488 -0.88273929 -0.30783791
vn -0.30479619 -0.81892458 -0.48627339
vn -0.24290436 -0.72363906 -0.64602166
vn -0.17167786 -0.60054449 -0.78094368
vn -0.09385386 -0.45437133 -0.88585447
vn -0.01242312 -0.29073694 -0.95672237
vn 0.06948504 -0.11592969 -0.99082397
vn 0.14872292 0.06333267 -0.98684876
vn 0.22224547 0.24016119 -0.94494950
vn 0.28722725 0.40776045 -0.86673636
vn 0.34117104 0.55968971 -0.75521503
vn 0.38200383 0.69011041 -0.61467121
vn 0.40815642 0.79401055 -0.45050593
vn 0.41862379 0.86739731 -0.26902795
vn 0.41300368 0.90745047 -0.07721137
vn 0.39151207 0.91263083 0.11757239
vn 0.35497488 0.88273929 0.30783791
vn 0.30479619 0.81892458 0.48627339
vn 0.24475267 0.84358418 0.47797684
vn 0.18401456 0.74782483 0.63788452
vn 0.11620487 0.62332699 0.77327866
vn 0.04392950 0.47487504 0.87895614
vn -0.03003406 0.30817392 0.95085582
vn -0.10284343 0.12962984 0.98621465
vn -0.17170058 -0.05389585 0.98367380
vn -0.23395938 -0.23535034 0.94333092
vn -0.28722725 -0.40776045 0.86673636
vn -0.32945713 -0.56450056 0.75683361
vn -0.35902617 -0.69954723 0.61784617
vn -0.37479803 -0.80771069 0.45511524
vn -0.37616661 -0.88483428 0.27489450
vn -0.36307932 -0.92795418 0.08410971
vn -0.33603909 -0.93541333 -0.10990737
vn -0.29608507 -0.90692507 -0.29970077
vn -0.24475267 -0.84358418 -0.47797684
vn -0.18401456 -0.74782483 -0.63788452
vn -0.11620487 -0.62332699 -0.77327866
vn -0.04392950 -0.47487504 -0.87895614
vn 0.03003406 -0.30817392 -0.95085582
vn 0.10284343 -0.12962984 -0.98621465
vn 0.17170058 0.05389585 -0.98367380
vn 0.23395938 0.23535034 -0.94333092
vn 0.28722725 0.40776045 -0.86673636
vn 0.32945713 0.56450056 -0.75683361
vn 0.35902617 0.69954723 -0.61784617
vn 0.37479803 0.80771069 -0.45511524
vn 0.37616661 0.88483428 -0.27489450
vn 0.36307932 0.92795418 -0.08410971
vn 0.33603909 0.93541333 0.10990737
vn 0.29608507 0.90692507 0.29970077
vn 0.24475267 0.84358418 0.47797684
vn 0.18366108 0.86463143 0.46763351
vn 0.12409683 0.76846766 0.62773994
vn 0.05976360 0.64277211 0.76372268
vn -0.00686630 0.49237519 0.87035598
vn -0.07323234 0.32305656 0.94354199
vn -0.13678410 0.14132306 0.98046821
vn -0.19507932 -0.04584141 0.97971558
vn -0.24587776 -0.23124423 0.94131304
vn -0.28722725 -0.40776045 0.86673636
vn -0.31753876 -0.56860667 0.75885149
vn -0.33564743 -0.70760166 0.62180439
vn -0.34085736 -0.81940391 0.46086169
vn -0.33296833 -0.89971693 0.28220833
vn -0.31228351 -0.94545433 0.09270987
vn -0.27959782 -0.95485845 -0.10035138
vn -0.23616734 -0.92756790 -0.28955619
vn -0.18366108 -0.86463143 -0.46763351
vn -0.12409683 -0.76846766 -0.62773994
vn -0.05976360 -0.64277211 -0.76372268
vn 0.00686630 -0.49237519 -0.87035598
vn 0.07323234 -0.32305656 -0.94354199
vn 0.13678410 -0.14132306 -0.98046821
vn 0.19507932 0.04584141 -0.97971558
vn 0.24587776 0.23124423 -0.94131304
vn 0.28722725 0.40776045 -0.86673636
vn 0.31753876 0.56860667 -0.75885149
vn 0.33564743 0.70760166 -0.62180439
vn 0.34085736 0.81940391 -0.46086169
vn 0.33296833 0.89971693 -0.28220833
vn 0.31228351 0.94545433 -0.09270987
vn 0.27959782 0.95485845 0.10035138
vn 0.23616734 0.92756790 0.28955619
vn 0.18366108 0.86463143 0.46763351
vn 0.12178302 0.88197619 0.45528771
vn 0.06340774 0.78547915 0.61563136
vn 0.00259573 0.65879658 0.75231664
vn -0.05831603 0.50679683 0.86009082
vn -0.11698673 0.33532116 0.93481219
vn -0.17116171 0.15095929 0.97360925
vn -0.21875903 -0.03920386 0.97499105
vn -0.25794957 -0.22786043 0.93890449
vn -0.28722725 -0.40776045 0.86673636
vn -0.30546695 -0.57199047 0.76126004
vn -0.31196772 -0.71423921 0.62652892
vn -0.30647975 -0.82904014 0.46772065
vn -0.28921393 -0.91198153 0.29093813
vn -0.26083379 -0.95987597 0.10297503
vn -0.22242995 -0.97088292 -0.08894535
vn -0.17547825 -0.94457938 -0.27744761
vn -0.12178302 -0.88197619 -0.45528771
vn -0.06340774 -0.78547915 -0.61563136
vn -0.00259573 -0.65879658 -0.75231664
vn 0.05831603 -0.50679683 -0.86009082
vn 0.11698673 -0.33532116 -0.93481219
vn 0.17116171 -0.15095929 -0.97360925
vn 0.21875903 0.03920386 -0.97499105
vn 0.25794957 0.22786043 -0.93890449
vn 0.28722725 0.40776045 -0.86673636
vn 0.30546695 0.57199047 -0.76126004
vn 0.31196772 0.71423921 -0.62652892
vn 0.30647975 0.82904014 -0.46772065
vn 0.28921393 0.91198153 -0.29093813
vn 0.26083379 0.95987597 -0.10297503
vn 0.22242995 0.97088292 0.08894535
vn 0.17547825 0.94457938 0.27744761
vn 0.12178302 0.88197619 0.45528771
vn 0.05938347 0.89554419 0.44099229
vn 0.00220718 0.79878644 0.60161063
vn -0.05505394 0.67133178 0.73910940
vn -0.11019936 0.51807821 0.84820461
vn -0.16110988 0.34491519 0.92470380
vn -0.20582904 0.15849727 0.96566714
vn -0.24263831 -0.03401161 0.96952043
vn -0.27012312 -0.22521345 0.93611559
vn -0.28722725 -0.40776045 0.86673636
vn -0.29329340 -0.57463746 0.76404894
vn -0.28808845 -0.71943146 0.63199954
vn -0.27181242 -0.83657812 0.47566276
vn -0.24509079 -0.92157555 0.30104652
vn -0.20895046 -0.97115735 0.11486123
vn -0.16478028 -0.98341812 -0.07573811
vn -0.11427769 -0.95788668 -0.26342687
vn -0.05938347 -0.89554419 -0.44099229
vn -0.00220718 -0.79878644 -0.60161063
vn 0.05505394 -0.67133178 -0.73910940
vn 0.11019936 -0.51807821 -0.84820461
vn 0.16110988 -0.34491519 -0.92470380
vn 0.20582904 -0.15849727 -0.96566714
vn 0.24263831 0.03401161 -0.96952043
vn 0.27012312 0.22521345 -0.93611559
vn 0.28722725 0.40776045 -0.86673636
vn 0.29329340 0.57463746 -0.76404894
vn 0.28808845 0.71943146 -0.63199954
vn 0.27181242 0.83657812 -0.47566276
vn 0.24509079 0.92157555 -0.30104652
vn 0.20895046 0.97115735 -0.11486123
vn 0.16478028 0.98341812 0.07573811
vn 0.11427769 0.95788668 0.26342687
vn 0.05938347 0.89554419 0.44099229
vn -0.00327037 0.90527734 0.42480848
vn -0.05924279 0.80833257 0.58573778
vn -0.11293854 0.68032403 0.72415751
vn -0.16229412 0.52617103 0.83474827
vn -0.20541284 0.35179756 0.91326012
vn -0.24063765 0.16390472 0.95667589
vn -0.26661489 -0.03028690 0.96332715
vn -0.28234627 -0.22331460 0.93295829
vn -0.28722725 -0.40776045 0.86673636
vn -0.28107024 -0.57653630 0.76720624
vn -0.26411186 -0.72315618 0.63819282
vn -0.23700381 -0.84198557 0.48465400
vn -0.20078783 -0.92845793 0.31249020
vn -0.15685570 -0.97925017 0.12831758
vn -0.10689568 -0.99241037 -0.06078622
vn -0.05282773 -0.96743281 -0.24755403
vn 0.00327037 -0.90527734 -0.42480848
vn 0.05924279 -0.80833257 -0.58573778
vn 0.11293854 -0.68032403 -0.72415751
vn 0.16229412 -0.52617103 -0.83474827
vn 0.20541284 -0.35179756 -0.91326012
vn 0.24063765 -0.16390472 -0.95667589
vn 0.26661489 0.03028690 -0.96332715
vn 0.28234627 0.22331460 -0.93295829
vn 0.28722725 0.40776045 -0.86673636
vn 0.28107024 0.57653630 -0.76720624
vn 0.26411186 0.72315618 -0.63819282
vn 0.23700381 0.84198557 -0.48465400
vn 0.20078783 0.92845793 -0.31249020
vn 0.15685570 0.97925017 -0.12831758
vn 0.10689568 0.99241037 0.06078622
vn 0.05282773 0.96743281 0.24755403
vn -0.00327037 0.90527734 0.42480848
vn -0.06591021 0.91113395 0.40680557
vn -0.12067902 0.81407665 0.56808080
vn -0.17081020 0.68573484 0.70752499
vn -0.21437724 0.53104062 0.81977940
vn -0.24970589 0.35593881 0.90053014
vn -0.27543848 0.16715847 0.94667401
vn -0.29058612 -0.02804567 0.95643774
vn -0.29456670 -0.22217204 0.92944610
vn -0.28722725 -0.40776045 0.86673636
vn -0.26884981 -0.57767887 0.77071844
vn -0.24014063 -0.72539740 0.64508223
vn -0.20220298 -0.84523932 0.49465588
vn -0.15649478 -0.93259917 0.32522018
vn -0.10477258 -0.98411976 0.14328645
vn -0.04902402 -0.99782117 -0.04415370
vn 0.00860850 -0.97317688 -0.22989704
vn 0.06591021 -0.91113395 -0.40680557
vn 0.12067902 -0.81407665 -0.56808080
vn 0.17081020 -0.68573484 -0.70752499
vn 0.21437724 -0.53104062 -0.81977940
vn 0.24970589 -0.35593881 -0.90053014
vn 0.27543848 -0.16715847 -0.94667401
vn 0.29058612 0.02804567 -0.95643774
vn 0.29456670 0.22217204 -0.92944610
vn 0.28722725 0.40776045 -0.86673636
vn 0.26884981 0.57767887 -0.77071844
vn 0.24014063 0.72539740 -0.64508223
vn 0.20220298 0.84523932 -0.49465588
vn 0.15649478 0.93259917 -0.32522018
vn 0.10477258 0.98411976 -0.14328645
vn 0.04902402 0.99782117 0.04415370
vn -0.00860850 0.97317688 0.22989704
vn -0.06591021 0.91113395 0.40680557
vn -0.12826780 0.91308894 0.38706066
vn -0.18183843 0.81599407 0.54871528
vn -0.22842111 0.68754101 0.68928307
vn -0.26622569 0.53266614 0.80336210
vn -0.29379937 0.35732120 0.88656838
vn -0.31008250 0.16824461 0.93570433
vn -0.31444934 -0.02729753 0.94888169
vn -0.30673206 -0.22179063 0.92559406
vn -0.28722725 -0.40776045 0.86673636
vn -0.25668445 -0.57806027 0.77457048
vn -0.21627741 -0.72614555 0.65263828
vn -0.16755895 -0.84632546 0.50562556
vn -0.11240130 -0.93398156 0.33918194
vn -0.05292413 -0.98574528 0.15970374
vn 0.00858689 -0.99962735 -0.02591178
vn 0.06976792 -0.97509431 -0.21053153
vn 0.12826780 -0.91308894 -0.38706066
vn 0.18183843 -0.81599407 -0.54871528
vn 0.22842111 -0.68754101 -0.68928307
vn 0.26622569 -0.53266614 -0.80336210
vn 0.29379937 -0.35732120 -0.88656838
vn 0.31008250 -0.16824461 -0.93570433
vn 0.31444934 0.02729753 -0.94888169
vn 0.30673206 0.22179063 -0.92559406
vn 0.28722725 0.40776045 -0.86673636
vn 0.25668445 0.57806027 -0.77457048
vn 0.21627741 0.72614555 -0.65263828
vn 0.16755895 0.84632546 -0.50562556
vn 0.11240130 0.93398156 -0.33918194
vn 0.05292413 0.98574528 -0.15970374
vn -0.00858689 0.99962735 0.02591178
vn -0.06976792 0.97509431 0.21053153
vn -0.12826780 0.91308894 0.38706066
vn -0.19007614 0.91113395 0.36565830
vn -0.24245914 0.81407665 0.52772415
vn -0.28552456 0.68573484 0.66950987
vn -0.31761744 0.53104062 0.78556669
vn -0.33750446 0.35593881 0.87143462
vn -0.34442137 0.16715847 0.92381381
vn -0.33810236 -0.02804567 0.94069136
vn -0.31879027 -0.22217204 0.92141866
vn -0.28722725 -0.40776045 0.86673636
vn -0.24462624 -0.57767887 0.77874587
vn -0.19262439 -0.72539740 0.66082861
vn -0.13322008 -0.84523932 0.51751608
vn -0.06869621 -0.93259917 0.35431570
vn -0.00153238 -0.98411976 0.17749916
vn 0.06569035 -0.99782117 -0.00613857
vn 0.13038862 -0.97317688 -0.18954040
vn 0.19007614 -0.91113395 -0.36565830
vn 0.24245914 -0.81407665 -0.52772415
vn 0.28552456 -0.68573484 -0.66950987
vn 0.31761744 -0.53104062 -0.78556669
vn 0.33750446 -0.35593881 -0.87143462
vn 0.34442137 -0.16715847 -0.92381381
vn 0.33810236 0.02804567 -0.94069136
vn 0.31879027 0.22217204 -0.92141866
vn 0.28722725 0.40776045 -0.86673636
vn 0.24462624 0.57767887 -0.77874587
vn 0.19262439 0.72539740 -0.66082861
vn 0.13322008 0.84523932 -0.51751608
vn 0.06869621 0.93259917 -0.35431570
vn 0.00153238 0.98411976 -0.17749916
vn -0.06569035 0.99782117 0.00613857
vn -0.13038862 0.97317688 0.18954040
vn -0.19007614 0.91113395 0.36565830
vn -0.25107054 0.90527734 0.34269013
vn -0.30228155 0.80833257 0.50519731
vn -0.34187604 0.68032403 0.64829004
vn -0.36833243 0.52617103 0.76646935
vn -0.38063402 0.35179756 0.85519367
vn -0.37830805 0.16390472 0.91105338
vn -0.36144391 -0.03028690 0.93190182
vn -0.33068969 -0.22331460 0.91693779
vn -0.28722725 -0.40776045 0.86673636
vn -0.23272682 -0.57653630 0.78322674
vn -0.16928284 -0.72315618 0.66961815
vn -0.09933341 -0.84198557 0.53027651
vn -0.02556665 -0.92845793 0.37055664
vn 0.04918261 -0.97925017 0.19659649
vn 0.12204182 -0.99241037 0.01508125
vn 0.19021103 -0.96743281 -0.16701356
vn 0.25107054 -0.90527734 -0.34269013
vn 0.30228155 -0.80833257 -0.50519731
vn 0.34187604 -0.68032403 -0.64829004
vn 0.36833243 -0.52617103 -0.76646935
vn 0.38063402 -0.35179756 -0.85519367
vn 0.37830805 -0.16390472 -0.91105338
vn 0.36144391 0.03028690 -0.93190182
vn 0.33068969 0.22331460 -0.91693779
vn 0.28722725 0.40776045 -0.86673636
vn 0.23272682 0.57653630 -0.78322674
vn 0.16928284 0.72315618 -0.66961815
vn 0.09933341 0.84198557 -0.53027651
vn 0.02556665 0.92845793 -0.37055664
vn -0.04918261 0.97925017 -0.19659649
vn -0.12204182 0.99241037 -0.01508125
vn -0.19021103 0.96743281 0.16701356
vn -0.25107054 0.90527734 0.34269013
vn -0.31098982 0.89554419 0.31825451
vn -0.36104949 0.79878644 0.48123122
vn -0.39723424 0.67133178 0.62571447
vn -0.41815349 0.51807821 0.74615188
vn -0.42300334 0.34491519 0.83791508
vn -0.41159741 0.15849727 0.89747768
vn -0.38437403 -0.03401161 0.92255071
vn -0.34237936 -0.22521345 0.91217064
vn -0.28722725 -0.40776045 0.86673636
vn -0.22103715 -0.57463746 0.78799389
vn -0.14635272 -0.71943146 0.67896926
vn -0.06604404 -0.83657812 0.54385221
vn 0.01680267 -0.92157555 0.38783524
vn 0.09900367 -0.97115735 0.21691397
vn 0.17740002 -0.98341812 0.03765682
vn 0.24897898 -0.95788668 -0.14304746
vn 0.31098982 -0.89554419 -0.31825451
vn 0.36104949 -0.79878644 -0.48123122
vn 0.39723424 -0.67133178 -0.62571447
vn 0.41815349 -0.51807821 -0.74615188
vn 0.42300334 -0.34491519 -0.83791508
vn 0.41159741 -0.15849727 -0.89747768
vn 0.38437403 0.03401161 -0.92255071
vn 0.34237936 0.22521345 -0.91217064
vn 0.28722725 0.40776045 -0.86673636
vn 0.22103715 0.57463746 -0.78799389
vn 0.14635272 0.71943146 -0.67896926
vn 0.06604404 0.83657812 -0.54385221
vn -0.01680267 0.92157555 -0.38783524
vn -0.09900367 0.97115735 -0.21691397
vn -0.17740002 0.98341812 -0.03765682
vn -0.24897898 0.95788668 0.14304746
vn -0.31098982 0.89554419 0.31825451
vn -0.36957739 0.88197619 0.29245607
vn -0.41851132 0.78547915 0.45592849
vn -0.45136209 0.65879658 0.60187983
vn -0.46686728 0.50679683 0.72470126
vn -0.46443101 0.33532116 0.81967283
vn -0.44414692 0.15095929 0.88314484
vn -0.40679452 -0.03920386 0.91267808
vn -0.35380923 -0.22786043 0.90713762
vn -0.28722725 -0.40776045 0.86673636
vn -0.20960728 -0.57199047 0.79302692
vn -0.12393223 -0.71423921 0.68884189
vn -0.03349453 -0.82904014 0.55818506
vn 0.05823034 -0.91198153 0.40607749
vn 0.14771746 -0.95987597 0.23836458
vn 0.23152788 -0.97088292 0.06149146
vn 0.30644081 -0.94457938 -0.11774474
vn 0.36957739 -0.88197619 -0.29245607
vn 0.41851132 -0.78547915 -0.45592849
vn 0.45136209 -0.65879658 -0.60187983
vn 0.46686728 -0.50679683 -0.72470126
vn 0.46443101 -0.33532116 -0.81967283
vn 0.44414692 -0.15095929 -0.88314484
vn 0.40679452 0.03920386 -0.91267808
vn 0.35380923 0.22786043 -0.90713762
vn 0.28722725 0.40776045 -0.86673636
vn 0.20960728 0.57199047 -0.79302692
vn 0.12393223 0.71423921 -0.68884189
vn 0.03349453 0.82904014 -0.55818506
vn -0.05823034 0.91198153 -0.40607749
vn -0.14771746 0.95987597 -0.23836458
vn -0.23152788 0.97088292 -0.06149146
vn -0.30644081 0.94457938 0.11774474
vn -0.36957739 0.88197619 0.29245607
vn -0.42658237 0.86463143 0.26540530
vn -0.47442097 0.76846766 0.42939749
vn -0.50402783 0.64277211 0.57688817
vn -0.51426519 0.49237519 0.70220936
vn -0.50473962 0.32305656 0.80054504
vn -0.47581720 0.14132306 0.86811623
vn -0.42860938 -0.04584141 0.90232620
vn -0.36493035 -0.23124423 0.90186027
vn -0.28722725 -0.40776045 0.86673636
vn -0.19848616 -0.56860667 0.79830426
vn -0.10211737 -0.70760166 0.69919377
vn -0.00182426 -0.81940391 0.57321366
vn 0.09853895 -0.89971693 0.42520527
vn 0.19511537 -0.94545433 0.26085648
vn 0.28419361 -0.95485845 0.08648312
vn 0.36235046 -0.92756790 -0.09121373
vn 0.42658237 -0.86463143 -0.26540530
vn 0.47442097 -0.76846766 -0.42939749
vn 0.50402783 -0.64277211 -0.57688817
vn 0.51426519 -0.49237519 -0.70220936
vn 0.50473962 -0.32305656 -0.80054504
vn 0.47581720 -0.14132306 -0.86811623
vn 0.42860938 0.04584141 -0.90232620
vn 0.36493035 0.23124423 -0.90186027
vn 0.28722725 0.40776045 -0.86673636
vn 0.19848616 0.56860667 -0.79830426
vn 0.10211737 0.70760166 -0.69919377
vn 0.00182426 0.81940391 -0.57321366
vn -0.09853895 0.89971693 -0.42520527
vn -0.19511537 0.94545433 -0.26085648
vn -0.28419361 0.95485845 -0.08648312
vn -0.36235046 0.92756790 0.09121373
vn -0.42658237 0.86463143 0.26540530
vn -0.48176067 0.84358418 0.23721801
vn -0.52853903 0.74782483 0.40175181
vn -0.55500593 0.62332699 0.55084651
vn -0.56014426 0.47487504 0.67877249
vn -0.54375657 0.30817392 0.78061363
vn -0.50647261 0.12962984 0.85245621
vn -0.44972520 -0.05389585 0.89153939
vn -0.37569510 -0.23535034 0.89636120
vn -0.28722725 -0.40776045 0.86673636
vn -0.18772141 -0.56450056 0.80380333
vn -0.08100155 -0.69954723 0.70998058
vn 0.02883116 -0.80771069 0.58887368
vn 0.13755590 -0.88483428 0.44513669
vn 0.24099445 -0.92795418 0.28429335
vn 0.33517171 -0.93541333 0.11252478
vn 0.41646851 -0.90692507 -0.06356806
vn 0.48176067 -0.84358418 -0.23721801
vn 0.52853903 -0.74782483 -0.40175181
vn 0.55500593 -0.62332699 -0.55084651
vn 0.56014426 -0.47487504 -0.67877249
vn 0.54375657 -0.30817392 -0.78061363
vn 0.50647261 -0.12962984 -0.85245621
vn 0.44972520 0.05389585 -0.89153939
vn 0.37569510 0.23535034 -0.89636120
vn 0.28722725 0.40776045 -0.86673636
vn 0.18772141 0.56450056 -0.80380333
vn 0.08100155 0.69954723 -0.70998058
vn -0.02883116 0.80771069 -0.58887368
vn -0.13755590 0.88483428 -0.44513669
vn -0.24099445 0.92795418 -0.28429335
vn -0.33517171 0.93541333 -0.11252478
vn -0.41646851 0.90692507 0.06356806
vn -0.48176067 0.84358418 0.23721801
vn -0.53487599 0.81892458 0.20801493
vn -0.58063375 0.72363906 0.37310985
vn -0.60407808 0.60054449 0.52386638
vn -0.60430804 0.45437133 0.65449101
vn -0.58131477 0.29073694 0.75996392
vn -0.53598190 0.11592969 0.83623185
vn -0.47005155 -0.06333267 0.88036385
vn -0.38605738 -0.24016119 0.89066396
vn -0.28722725 -0.40776045 0.86673636
vn -0.17735913 -0.55968971 0.80950057
vn -0.06067520 -0.69011041 0.72115612
vn 0.05834045 -0.79401055 0.60509805
vn 0.17511410 -0.86739731 0.46578639
vn 0.28515822 -0.90745047 0.30857483
vn 0.38424387 -0.91263083 0.13950491
vn 0.46856324 -0.88273929 -0.03492610
vn 0.53487599 -0.81892458 -0.20801493
vn 0.58063375 -0.72363906 -0.37310985
vn 0.60407808 -0.60054449 -0.52386638
vn 0.60430804 -0.45437133 -0.65449101
vn 0.58131477 -0.29073694 -0.75996392
vn 0.53598190 -0.11592969 -0.83623185
vn 0.47005155 0.06333267 -0.88036385
vn 0.38605738 0.24016119 -0.89066396
vn 0.28722725 0.40776045 -0.86673636
vn 0.17735913 0.55968971 -0.80950057
vn 0.06067520 0.69011041 -0.72115612
vn -0.05834045 0.79401055 -0.60509805
vn -0.17511410 0.86739731 -0.46578639
vn -0.28515822 0.90745047 -0.30857483
vn -0.38424387 0.91263083 -0.13950491
vn -0.46856324 0.88273929 0.03492610
vn -0.53487599 0.81892458 0.20801493
vn -0.58570089 0.79075822 0.17792109
vn -0.63048206 0.69601390 0.34359426
vn -0.65103417 0.57452216 0.49606330
vn -0.64656740 0.43095186 0.62946890
vn -0.61725340 0.27082032 0.73868437
vn -0.56421871 0.10028130 0.81951261
vn -0.48950140 -0.07411147 0.86884744
vn -0.39597283 -0.24565617 0.88479295
vn -0.28722725 -0.40776045 0.86673636
vn -0.16744368 -0.55419473 0.81537158
vn -0.04122535 -0.67933161 0.73267253
vn 0.08657725 -0.77836215 0.62181729
vn 0.21105273 -0.84748068 0.48706595
vn 0.32741758 -0.88403100 0.33359694
vn 0.43119995 -0.88660850 0.16730799
vn 0.51841155 -0.85511414 -0.00541051
vn 0.58570089 -0.79075822 -0.17792109
vn 0.63048206 -0.69601390 -0.34359426
vn 0.65103417 -0.57452216 -0.49606330
vn 0.64656740 -0.43095186 -0.62946890
vn 0.61725340 -0.27082032 -0.73868437
vn 0.56421871 -0.10028130 -0.81951261
vn 0.48950140 0.07411147 -0.86884744
vn 0.39597283 0.24565617 -0.88479295
vn 0.28722725 0.40776045 -0.86673636
vn 0.16744368 0.55419473 -0.81537158
vn 0.04122535 0.67933161 -0.73267253
vn -0.08657725 0.77836215 -0.62181729
vn -0.21105273 0.84748068 -0.48706595
vn -0.32741758 0.88403100 -0.33359694
vn -0.43119995 0.88660850 -0.16730799
vn -0.51841155 0.85511414 0.00541051
vn -0.58570089 0.79075822 0.17792109
vn -0.63401772 0.75920571 0.14706536
vn -0.67787051 0.66506766 0.31333142
vn -0.69567311 0.54537144 0.46755632
vn -0.68674138 0.40471691 0.60381330
vn -0.65141857 0.24850932 0.71686607
vn -0.59106210 0.08275167 0.80237008
vn -0.50799145 -0.08618609 0.85703946
vn -0.40539898 -0.25181176 0.87877329
vn -0.28722725 -0.40776045 0.86673636
vn -0.15801753 -0.54803914 0.82139124
vn -0.02273530 -0.66725698 0.74448051
vn 0.11342065 -0.76083252 0.63895981
vn 0.24521790 -0.82516969 0.50888424
vn 0.36759156 -0.85779604 0.35925254
vn 0.47583889 -0.85745778 0.19581497
vn 0.56579999 -0.82416790 0.02485233
vn 0.63401772 -0.75920571 -0.14706536
vn 0.67787051 -0.66506766 -0.31333142
vn 0.69567311 -0.54537144 -0.46755632
vn 0.68674138 -0.40471691 -0.60381330
vn 0.65141857 -0.24850932 -0.71686607
vn 0.59106210 -0.08275167 -0.80237008
vn 0.50799145 0.08618609 -0.85703946
vn 0.40539898 0.25181176 -0.87877329
vn 0.28722725 0.40776045 -0.86673636
vn 0.15801753 0.54803914 -0.82139124
vn 0.02273530 0.66725698 -0.74448051
vn -0.11342065 0.76083252 -0.63895981
vn -0.24521790 0.82516969 -0.50888424
vn -0.36759156 0.85779604 -0.35925254
vn -0.47583889 0.85745778 -0.19581497
vn -0.56579999 0.82416790 -0.02485233
vn -0.63401772 0.75920571 0.14706536
vn -0.67961960 0.72440216 0.11557988
vn -0.72259616 0.63093286 0.28245092
vn -0.73780375 0.51321716 0.43846753
vn -0.72465795 0.37577881 0.57763408
vn -0.68366396 0.22389950 0.69460248
vn -0.61639715 0.06341585 0.78487769
vn -0.52544254 -0.09950483 0.84499049
vn -0.41429546 -0.25860160 0.87263078
vn -0.28722725 -0.40776045 0.86673636
vn -0.14912105 -0.54124930 0.82753375
vn -0.00528421 -0.65393824 0.75652948
vn 0.13875569 -0.74149670 0.65645221
vn 0.27746329 -0.80055986 0.53114784
vn 0.40550814 -0.82885795 0.38543176
vn 0.51796953 -0.82530350 0.22490376
vn 0.61052564 -0.79003309 0.05573283
vn 0.67961960 -0.72440216 -0.11557988
vn 0.72259616 -0.63093286 -0.28245092
vn 0.73780375 -0.51321716 -0.43846753
vn 0.72465795 -0.37577881 -0.57763408
vn 0.68366396 -0.22389950 -0.69460248
vn 0.61639715 -0.06341585 -0.78487769
vn 0.52544254 0.09950483 -0.84499049
vn 0.41429546 0.25860160 -0.87263078
vn 0.28722725 0.40776045 -0.86673636
vn 0.14912105 0.54124930 -0.82753375
vn 0.00528421 0.65393824 -0.75652948
vn -0.13875569 0.74149670 -0.65645221
vn -0.27746329 0.80055986 -0.53114784
vn -0.40550814 0.82885795 -0.38543176
vn -0.51796953 0.82530350 -0.22490376
vn -0.61052564 0.79003309 -0.05573283
vn -0.67961960 0.72440216 0.11557988
vn -0.72231124 0.68649661 0.08359947
vn -0.76446749 0.59375566 0.25108501
vn -0.77724568 0.47819700 0.40892149
vn -0.76015476 0.34426150 0.55104334
vn -0.71385151 0.19709623 0.67198891
vn -0.64011535 0.04235666 0.76711032
vn -0.54177992 -0.11401066 0.83275212
vn -0.42262419 -0.26599660 0.86639171
vn -0.28722725 -0.40776045 0.86673636
vn -0.14079232 -0.53385430 0.83377282
vn 0.01105317 -0.63943242 0.76876785
vn 0.16247390 -0.72043751 0.67421957
vn 0.30765084 -0.77375659 0.55376141
vn 0.44100494 -0.79734064 0.41202250
vn 0.55741146 -0.79028334 0.25444981
vn 0.65239698 -0.75285589 0.08709875
vn 0.72231124 -0.68649661 -0.08359947
vn 0.76446749 -0.59375566 -0.25108501
vn 0.77724568 -0.47819700 -0.40892149
vn 0.76015476 -0.34426150 -0.55104334
vn 0.71385151 -0.19709623 -0.67198891
vn 0.64011535 -0.04235666 -0.76711032
vn 0.54177992 0.11401066 -0.83275212
vn 0.42262419 0.26599660 -0.86639171
vn 0.28722725 0.40776045 -0.86673636
vn 0.14079232 0.53385430 -0.83377282
vn -0.01105317 0.63943242 -0.76876785
vn -0.16247390 0.72043751 -0.67421957
vn -0.30765084 0.77375659 -0.55376141
vn -0.44100494 0.79734064 -0.41202250
vn -0.55741146 0.79028334 -0.25444981
vn -0.65239698 0.75285589 -0.08709875
vn -0.72231124 0.68649661 0.08359947
vn -0.76190983 0.64565138 0.05126107
vn -0.80330521 0.55369525 0.21936798
vn -0.81383001 0.44046093 0.37904470
vn -0.79307978 0.31029993 0.52415495
vn -0.74185195 0.16821429 0.64912221
vn -0.66211515 0.01966426 0.74914407
vn -0.55693365 -0.12964145 0.82037675
vn -0.43034949 -0.27396511 0.86008280
vn -0.28722725 -0.40776045 0.86673636
vn -0.13306702 -0.52588579 0.84008173
vn 0.02620690 -0.62380162 0.78114322
vn 0.18447370 -0.69774511 0.69218582
vn 0.33565128 -0.74487465 0.57662811
vn 0.47392997 -0.76337907 0.43891090
vn 0.59399579 -0.75254727 0.28432659
vn 0.69123469 -0.71279549 0.11881577
vn 0.76190983 -0.64565138 -0.05126107
vn 0.80330521 -0.55369525 -0.21936798
vn 0.81383001 -0.44046093 -0.37904470
vn 0.79307978 -0.31029993 -0.52415495
vn 0.74185195 -0.16821429 -0.64912221
vn 0.66211515 -0.01966426 -0.74914407
vn 0.55693365 0.12964145 -0.82037675
vn 0.43034949 0.27396511 -0.86008280
vn 0.28722725 0.40776045 -0.86673636
vn 0.13306702 0.52588579 -0.84008173
vn -0.02620690 0.62380162 -0.78114322
vn -0.18447370 0.69774511 -0.69218582
vn -0.33565128 0.74487465 -0.57662811
vn -0.47392997 0.76337907 -0.43891090
vn -0.59399579 0.75254727 -0.28432659
vn -0.69123469 0.71279549 -0.11881577
vn -0.76190983 0.64565138 0.05126107
vn -0.79824581 0.60204137 0.01870317
vn -0.83894300 0.51092320 0.18743567
vn -0.84740008 0.40017053 0.34896512
vn -0.82329205 0.27403954 0.49708404
vn -0.76754536 0.13737735 0.62610030
vn -0.68230234 -0.00456416 0.73105587
vn -0.57083882 -0.14633028 0.80791738
vn -0.43743829 -0.28247301 0.85373107
vn -0.28722725 -0.40776045 0.86673636
vn -0.12597822 -0.51737790 0.84643346
vn 0.04011207 -0.60711280 0.79360259
vn 0.20466088 -0.67351669 0.71027402
vn 0.36134469 -0.71403772 0.59965002
vn 0.50414223 -0.72711868 0.46598181
vn 0.62756586 -0.71225687 0.31440617
vn 0.72687249 -0.67002343 0.15074809
vn 0.79824581 -0.60204137 -0.01870317
vn 0.83894300 -0.51092320 -0.18743567
vn 0.84740008 -0.40017053 -0.34896512
vn 0.82329205 -0.27403954 -0.49708404
vn 0.76754536 -0.13737735 -0.62610030
vn 0.68230234 0.00456416 -0.73105587
vn 0.57083882 0.14633028 -0.80791738
vn 0.43743829 0.28247301 -0.85373107
vn 0.28722725 0.40776045 -0.86673636
vn 0.12597822 0.51737790 -0.84643346
vn -0.04011207 0.60711280 -0.79360259
vn -0.20466088 0.67351669 -0.71027402
vn -0.36134469 0.71403772 -0.59965002
vn -0.50414223 0.72711868 -0.46598181
vn -0.62756586 0.71225687 -0.31440617
vn -0.72687249 0.67002343 -0.15074809
vn -0.79824581 0.60204137 0.01870317
vn -0.83116358 0.55585333 -0.01393483
vn -0.87122826 0.46562264 0.15542480
vn -0.87781213 0.35749834 0.31881154
vn -0.85066217 0.23563558 0.46994654
vn -0.79082174 0.10471748 0.60302175
vn -0.70059047 -0.03022486 0.71292317
vn -0.58343591 -0.16400568 0.79542736
vn -0.44386023 -0.29148385 0.84736372
vn -0.28722725 -0.40776045 0.86673636
vn -0.11955629 -0.50836706 0.85280082
vn 0.05270916 -0.58943740 0.80609261
vn 0.22294902 -0.64785599 0.72840672
vn 0.38462107 -0.68137784 0.62272857
vn 0.53151235 -0.68871472 0.49311931
vn 0.65797791 -0.66958468 0.34455975
vn 0.75915775 -0.62472288 0.18275895
vn 0.83116358 -0.55585333 0.01393483
vn 0.87122826 -0.46562264 -0.15542480
vn 0.87781213 -0.35749834 -0.31881154
vn 0.85066217 -0.23563558 -0.46994654
vn 0.79082174 -0.10471748 -0.60302175
vn 0.70059047 0.03022486 -0.71292317
vn 0.58343591 0.16400568 -0.79542736
vn 0.44386023 0.29148385 -0.84736372
vn 0.28722725 0.40776045 -0.86673636
vn 0.11955629 0.50836706 -0.85280082
vn -0.05270916 0.58943740 -0.80609261
vn -0.22294902 0.64785599 -0.72840672
vn -0.38462107 0.68137784 -0.62272857
vn -0.53151235 0.68871472 -0.49311931
vn -0.65797791 0.66958468 -0.34455975
vn -0.75915775 0.62472288 -0.18275895
vn -0.83116358 0.55585333 -0.01393483
vn -0.86052218 0.50728504 -0.04651315
vn -0.90002274 0.41798758 0.12347246
vn -0.90493594 0.31262709 0.28871310
vn -0.87507295 0.19525252 0.44285865
vn -0.81158140 0.07037451 0.57998539
vn -0.71690124 -0.05720796 0.69482362
vn -0.59467096 -0.18259196 0.78296017
vn -0.44958781 -0.30095905 0.84100800
vn -0.28722725 -0.40776045 0.86673636
vn -0.11382871 -0.49889185 0.85915653
vn 0.06394421 -0.57085112 0.81855980
vn 0.23925978 -0.62087289 0.74650627
vn 0.40538073 -0.64703487 0.64576492
vn 0.55592313 -0.64833166 0.52020720
vn 0.68510172 -0.62471343 0.37465820
vn 0.78795223 -0.57708781 0.21471129
vn 0.86052218 -0.50728504 0.04651315
vn 0.90002274 -0.41798758 -0.12347246
vn 0.90493594 -0.31262709 -0.28871310
vn 0.87507295 -0.19525252 -0.44285865
vn 0.81158140 -0.07037451 -0.57998539
vn 0.71690124 0.05720796 -0.69482362
vn 0.59467096 0.18259196 -0.78296017
vn 0.44958781 0.30095905 -0.84100800
vn 0.28722725 0.40776045 -0.86673636
vn 0.11382871 0.49889185 -0.85915653
vn -0.06394421 0.57085112 -0.81855980
vn -0.23925978 0.62087289 -0.74650627
vn -0.40538073 0.64703487 -0.64576492
vn -0.55592313 0.64833166 -0.52020720
vn -0.68510172 0.62471343 -0.37465820
vn -0.78795223 0.57708781 -0.21471129
vn -0.86052218 0.50728504 -0.04651315
vn -0.88619589 0.45654447 -0.07889230
vn -0.92520314 0.36822198 0.09171547
vn -0.92865535 0.26574892 0.25879866
vn -0.89641986 0.15306328 0.41593637
vn -0.82973546 0.03449551 0.55708988
vn -0.73116478 -0.08539791 0.67683473
vn -0.60449586 -0.20200953 0.77056921
vn -0.45459650 -0.31085804 0.83469114
vn -0.28722725 -0.40776045 0.86673636
vn -0.10882002 -0.48899286 0.86547339
vn 0.07376911 -0.55143354 0.83095076
vn 0.25352333 -0.59268294 0.76449516
vn 0.42353479 -0.61115587 0.66866044
vn 0.57727004 -0.60614242 0.54712947
vn 0.70882113 -0.57783526 0.40457263
vn 0.81313263 -0.52732221 0.24646828
vn 0.88619589 -0.45654447 0.07889230
vn 0.92520314 -0.36822198 -0.09171547
vn 0.92865535 -0.26574892 -0.25879866
vn 0.89641986 -0.15306328 -0.41593637
vn 0.82973546 -0.03449551 -0.55708988
vn 0.73116478 0.08539791 -0.67683473
vn 0.60449586 0.20200953 -0.77056921
vn 0.45459650 0.31085804 -0.83469114
vn 0.28722725 0.40776045 -0.86673636
vn 0.10882002 0.48899286 -0.86547339
vn -0.07376911 0.55143354 -0.83095076
vn -0.25352333 0.59268294 -0.76449516
vn -0.42353479 0.61115587 -0.66866044
vn -0.57727004 0.60614242 -0.54712947
vn -0.70882113 0.57783526 -0.40457263
vn -0.81313263 0.52732221 -0.24646828
vn -0.88619589 0.45654447 -0.07889230
vn -0.90807477 0.40384891 -0.11093362
vn -0.94666162 0.31653895 0.06028981
vn -0.94886880 0.21706457 0.22919635
vn -0.91461149 0.10924853 0.38929499
vn -0.84520616 -0.00276588 0.53443324
vn -0.74332004 -0.11467399 0.65903353
vn -0.61286855 -0.22217525 0.75830753
vn -0.45886486 -0.32113844 0.82844019
vn -0.28722725 -0.40776045 0.86673636
vn -0.10455166 -0.47871246 0.87172434
vn 0.08214179 -0.53126782 0.84321244
vn 0.26567858 -0.56340686 0.78229636
vn 0.43900549 -0.57389449 0.69131707
vn 0.59546167 -0.56232767 0.57377086
vn 0.72903459 -0.52915091 0.43417495
vn 0.83459111 -0.47563919 0.27789394
vn 0.90807477 -0.40384891 0.11093362
vn 0.94666162 -0.31653895 -0.06028981
vn 0.94886880 -0.21706457 -0.22919635
vn 0.91461149 -0.10924853 -0.38929499
vn 0.84520616 0.00276588 -0.53443324
vn 0.74332004 0.11467399 -0.65903353
vn 0.61286855 0.22217525 -0.75830753
vn 0.45886486 0.32113844 -0.82844019
vn 0.28722725 0.40776045 -0.86673636
vn 0.10455166 0.47871246 -0.87172434
vn -0.08214179 0.53126782 -0.84321244
vn -0.26567858 0.56340686 -0.78229636
vn -0.43900549 0.57389449 -0.69131707
vn -0.59546167 0.56232767 -0.57377086
vn -0.72903459 0.52915091 -0.43417495
vn -0.83459111 0.47563919 -0.27789394
vn -0.90807477 0.40384891 -0.11093362
vn -0.92606514 0.34942401 -0.14249990
vn -0.96430631 0.26315981 0.02933007
vn -0.96548974 0.16678252 0.20003290
vn -0.92956993 0.06399588 0.36304858
vn -0.85792727 -0.04125009 0.51211251
vn -0.75331495 -0.14491085 0.64149624
vn -0.61975316 -0.24300276 0.74622763
vn -0.46237460 -0.33175621 0.82228191
vn -0.28722725 -0.40776045 0.86673636
vn -0.10104191 -0.46809469 0.87788262
vn 0.08902641 -0.51044032 0.85529234
vn 0.27567350 -0.53317000 0.79983365
vn 0.45172660 -0.53541027 0.71363781
vn 0.61042011 -0.51707502 0.60001726
vn 0.74565552 -0.47886886 0.46333839
vn 0.85223580 -0.42226004 0.30885368
vn 0.92606514 -0.34942401 0.14249990
vn 0.96430631 -0.26315981 -0.02933007
vn 0.96548974 -0.16678252 -0.20003290
vn 0.92956993 -0.06399588 -0.36304858
vn 0.85792727 0.04125009 -0.51211251
vn 0.75331495 0.14491085 -0.64149624
vn 0.61975316 0.24300276 -0.74622763
vn 0.46237460 0.33175621 -0.82228191
vn 0.28722725 0.40776045 -0.86673636
vn 0.10104191 0.46809469 -0.87788262
vn -0.08902641 0.51044032 -0.85529234
vn -0.27567350 0.53317000 -0.79983365
vn -0.45172660 0.53541027 -0.71363781
vn -0.61042011 0.51707502 -0.60001726
vn -0.74565552 0.47886886 -0.46333839
vn -0.85223580 0.42226004 -0.30885368
vn -0.92606514 0.34942401 -0.14249990
vn -0.94008995 0.29350282 -0.17345598
vn -0.97806164 0.20831313 -0.00103120
vn -0.97844697 0.11511808 0.17143322
vn -0.94123114 0.01749911 0.33730955
vn -0.86784431 -0.08079235 0.49022326
vn -0.76110672 -0.17597900 0.62429797
vn -0.62512022 -0.26440287 0.73438125
vn -0.46511071 -0.34266589 0.81624268
vn -0.28722725 -0.40776045 0.86673636
vn -0.09830581 -0.45718501 0.88392185
vn 0.09439347 -0.48904020 0.86713872
vn 0.28346527 -0.50210186 0.81703193
vn 0.46164365 -0.49586802 0.73552706
vn 0.62208132 -0.47057825 0.62575630
vn 0.75861276 -0.42720442 0.49193808
vn 0.86599113 -0.36741336 0.33921495
vn 0.94008995 -0.29350282 0.17345598
vn 0.97806164 -0.20831313 0.00103120
vn 0.97844697 -0.11511808 -0.17143322
vn 0.94123114 -0.01749911 -0.33730955
vn 0.86784431 0.08079235 -0.49022326
vn 0.76110672 0.17597900 -0.62429797
vn 0.62512022 0.26440287 -0.73438125
vn 0.46511071 0.34266589 -0.81624268
vn 0.28722725 0.40776045 -0.86673636
vn 0.09830581 0.45718501 -0.88392185
vn -0.09439347 0.48904020 -0.86713872
vn -0.28346527 0.50210186 -0.81703193
vn -0.46164365 0.49586802 -0.73552706
vn -0.62208132 0.47057825 -0.62575630
vn -0.75861276 0.42720442 -0.49193808
vn -0.86599113 0.36741336 -0.33921495
vn -0.94008995 0.29350282 -0.17345598
vn -0.95008916 0.23632481 -0.20366929
vn -0.98786872 0.15223377 -0.03066397
vn -0.98768503 0.06229248 0.14351975
vn -0.94954517 -0.03004267 0.31218809
vn -0.87491482 -0.12122331 0.46885922
vn -0.76666198 -0.20774540 0.60751235
vn -0.62894675 -0.28628395 0.72281912
vn -0.46706146 -0.35382077 0.81034836
vn -0.28722725 -0.40776045 0.86673636
vn -0.09635506 -0.44603013 0.88981617
vn 0.09822000 -0.46715913 0.87870085
vn 0.28902053 -0.47033545 0.83381754
vn 0.46871415 -0.45543706 0.75689110
vn 0.63039535 -0.42303647 0.65087775
vn 0.76785082 -0.37437882 0.51985154
vn 0.87579820 -0.31133401 0.36884772
vn 0.95008916 -0.23632481 0.20366929
vn 0.98786872 -0.15223377 0.03066397
vn 0.98768503 -0.06229248 -0.14351975
vn 0.94954517 0.03004267 -0.31218809
vn 0.87491482 0.12122331 -0.46885922
vn 0.76666198 0.20774540 -0.60751235
vn 0.62894675 0.28628395 -0.72281912
vn 0.46706146 0.35382077 -0.81034836
vn 0.28722725 0.40776045 -0.86673636
vn 0.09635506 0.44603013 -0.88981617
vn -0.09822000 0.46715913 -0.87870085
vn -0.28902053 0.47033545 -0.83381754
vn -0.46871415 0.45543706 -0.75689110
vn -0.63039535 0.42303647 -0.65087775
vn -0.76785082 0.37437882 -0.51985154
vn -0.87579820 0.31133401 -0.36884772
vn -0.95008916 0.23632481 -0.20366929
vn -0.95601993 0.17813482 -0.23301046
vn -0.99368553 0.09516189 -0.05944136
vn -0.99316436 0.00853194 0.11641205
vn -0.95447643 -0.07842588 0.28779180
vn -0.87910851 -0.16236985 0.44811188
vn -0.76995694 -0.24007402 0.59121127
vn -0.63121636 -0.30855229 0.71159074
vn -0.46821849 -0.36517307 0.80462418
vn -0.28722725 -0.40776045 0.86673636
vn -0.09519802 -0.43467783 0.89554035
vn 0.10048961 -0.44489078 0.88992923
vn 0.29231549 -0.43800683 0.85011862
vn 0.47290784 -0.41429052 0.77763844
vn 0.63532661 -0.37465326 0.67527404
vn 0.77333014 -0.32061828 0.54695924
vn 0.88161502 -0.25426212 0.39762511
vn 0.95601993 -0.17813482 0.23301046
vn 0.99368553 -0.09516189 0.05944136
vn 0.99316436 -0.00853194 -0.11641205
vn 0.95447643 0.07842588 -0.28779180
vn 0.87910851 0.16236985 -0.44811188
vn 0.76995694 0.24007402 -0.59121127
vn 0.63121636 0.30855229 -0.71159074
vn 0.46821849 0.36517307 -0.80462418
vn 0.28722725 0.40776045 -0.86673636
vn 0.09519802 0.43467783 -0.89554035
vn -0.10048961 0.44489078 -0.88992923
vn -0.29231549 0.43800683 -0.85011862
vn -0.47290784 0.41429052 -0.77763844
vn -0.63532661 0.37465326 -0.67527404
vn -0.77333014 0.32061828 -0.54695924
vn -0.88161502 0.25426212 -0.39762511
vn -0.95601993 0.17813482 -0.23301046
vn -0.95785689 0.11918202 -0.26135385
vn -0.99548719 0.03734186 -0.08724013
vn -0.99486148 -0.04593334 0.09022618
vn -0.95600380 -0.12744334 0.26422514
vn -0.88040743 -0.20405577 0.42807008
vn -0.77097750 -0.27282644 0.57546453
vn -0.63191934 -0.33111255 0.70074420
vn -0.46857686 -0.37667419 0.79909466
vn -0.28722725 -0.40776045 0.86673636
vn -0.09483965 -0.42317671 0.90106987
vn 0.10119259 -0.42233052 0.90077577
vn 0.29333604 -0.40525441 0.86586536
vn 0.47420676 -0.37260460 0.79768024
vn 0.63685398 -0.32563580 0.69884070
vn 0.77502726 -0.26615300 0.57314511
vn 0.88341668 -0.19644209 0.42542388
vn 0.95785689 -0.11918202 0.26135385
vn 0.99548719 -0.03734186 0.08724013
vn 0.99486148 0.04593334 -0.09022618
vn 0.95600380 0.12744334 -0.26422514
vn 0.88040743 0.20405577 -0.42807008
vn 0.77097750 0.27282644 -0.57546453
vn 0.63191934 0.33111255 -0.70074420
vn 0.46857686 0.37667419 -0.79909466
vn 0.28722725 0.40776045 -0.86673636
vn 0.09483965 0.42317671 -0.90106987
vn -0.10119259 0.42233052 -0.90077577
vn -0.29333604 0.40525441 -0.86586536
vn -0.47420676 0.37260460 -0.79768024
vn -0.63685398 0.32563580 -0.69884070
vn -0.77502726 0.26615300 -0.57314511
vn -0.88341668 0.19644209 -0.42542388
vn -0.95785689 0.11918202 -0.26135385
vn -0.95559215 0.05971887 -0.28857807
vn -0.99326597 -0.02097873 -0.11394125
vn -0.99276914 -0.10087012 0.06507427
vn -0.95412074 -0.17688514 0.24158903
vn -0.87880602 -0.24610256 0.40881965
vn -0.76971928 -0.30586240 0.56033956
vn -0.63105266 -0.35386811 0.69032594
vn -0.46813504 -0.38827488 0.79378348
vn -0.28722725 -0.40776045 0.86673636
vn -0.09528148 -0.41157602 0.90638105
vn 0.10032591 -0.39957496 0.91119403
vn 0.29207782 -0.37221845 0.88099033
vn 0.47260535 -0.33055780 0.81693067
vn 0.63497092 -0.27619400 0.72147682
vn 0.77293492 -0.21121622 0.59829702
vn 0.88119546 -0.13812151 0.45212500
vn 0.95559215 -0.05971887 0.28857807
vn 0.99326597 0.02097873 0.11394125
vn 0.99276914 0.10087012 -0.06507427
vn 0.95412074 0.17688514 -0.24158903
vn 0.87880602 0.24610256 -0.40881965
vn 0.76971928 0.30586240 -0.56033956
vn 0.63105266 0.35386811 -0.69032594
vn 0.46813504 0.38827488 -0.79378348
vn 0.28722725 0.40776045 -0.86673636
vn 0.09528148 0.41157602 -0.90638105
vn -0.10032591 0.39957496 -0.91119403
vn -0.29207782 0.37221845 -0.88099033
vn -0.47260535 0.33055780 -0.81693067
vn -0.63497092 0.27619400 -0.72147682
vn -0.77293492 0.21121622 -0.59829702
vn -0.88119546 0.13812151 -0.45212500
vn -0.95559215 0.05971887 -0.28857807
vn -0.94923542 0.00000000 -0.31456656
vn -0.98703138 -0.07955012 -0.13943038
vn -0.98689628 -0.15604317 0.04106404
vn -0.94883531 -0.22653957 0.21998039
vn -0.87431114 -0.28833018 0.39044301
vn -0.76618767 -0.33904043 0.54590113
vn -0.62862004 -0.37672154 0.68038057
vn -0.46689490 -0.39992545 0.78871337
vn -0.28722725 -0.40776045 0.86673636
vn -0.09652161 -0.39992545 0.91145116
vn 0.09789329 -0.37672154 0.92113940
vn 0.28854621 -0.33904043 0.89542876
vn 0.46811047 -0.28833018 0.83530731
vn 0.62968550 -0.22653957 0.74308546
vn 0.76706207 -0.15604317 0.62230725
vn 0.87496087 -0.07955012 0.47761413
vn 0.94923542 -0.00000000 0.31456656
vn 0.98703138 0.07955012 0.13943038
vn 0.98689628 0.15604317 -0.04106404
vn 0.94883531 0.22653957 -0.21998039
vn 0.87431114 0.28833018 -0.39044301
vn 0.76618767 0.33904043 -0.54590113
vn 0.62862004 0.37672154 -0.68038057
vn 0.46689490 0.39992545 -0.78871337
vn 0.28722725 0.40776045 -0.86673636
vn 0.09652161 0.39992545 -0.91145116
vn -0.09789329 0.37672154 -0.92113940
vn -0.28854621 0.33904043 -0.89542876
vn -0.46811047 0.28833018 -0.83530731
vn -0.62968550 0.22653957 -0.74308546
vn -0.76706207 0.15604317 -0.62230725
vn -0.87496087 0.07955012 -0.47761413
vn -0.94923542 0.00000000 -0.31456656
vn -0.93881392 -0.05971887 -0.33920803
vn -0.97681013 -0.13812151 -0.16359836
vn -0.97726807 -0.21121622 0.01829829
vn -0.94017015 -0.27619400 0.19949175
vn -0.86694202 -0.33055780 0.37301886
vn -0.76039779 -0.37221845 0.53221106
vn -0.62463191 -0.39957496 0.67095069
vn -0.46486177 -0.41157602 0.78390606
vn -0.28722725 -0.40776045 0.86673636
vn -0.09855475 -0.38827488 0.91625847
vn 0.09390516 -0.35386811 0.93056928
vn 0.28275634 -0.30586240 0.90911883
vn 0.46074135 -0.24610256 0.85273146
vn 0.62102033 -0.17688514 0.76357409
vn 0.75743385 -0.10087012 0.64507300
vn 0.86473961 -0.02097873 0.50178212
vn 0.93881392 0.05971887 0.33920803
vn 0.97681013 0.13812151 0.16359836
vn 0.97726807 0.21121622 -0.01829829
vn 0.94017015 0.27619400 -0.19949175
vn 0.86694202 0.33055780 -0.37301886
vn 0.76039779 0.37221845 -0.53221106
vn 0.62463191 0.39957496 -0.67095069
vn 0.46486177 0.41157602 -0.78390606
vn 0.28722725 0.40776045 -0.86673636
vn 0.09855475 0.38827488 -0.91625847
vn -0.09390516 0.35386811 -0.93056928
vn -0.28275634 0.30586240 -0.90911883
vn -0.46074135 0.24610256 -0.85273146
vn -0.62102033 0.17688514 -0.76357409
vn -0.75743385 0.10087012 -0.64507300
vn -0.86473961 0.02097873 -0.50178212
vn -0.93881392 -0.05971887 -0.33920803
vn -0.92437227 -0.11918202 -0.36239695
vn -0.96264597 -0.19644209 -0.18634172
vn -0.96392573 -0.26615300 -0.00312548
vn -0.92816236 -0.32563580 0.18021087
vn -0.85673023 -0.37260460 0.35662181
vn -0.75237445 -0.40525441 0.51932799
vn -0.61910533 -0.42233052 0.66207667
vn -0.46204434 -0.42317671 0.77938213
vn -0.28722725 -0.40776045 0.86673636
vn -0.10137217 -0.37667419 0.92078240
vn 0.08837858 -0.33111255 0.93944330
vn 0.27473299 -0.27282644 0.92200191
vn 0.45052957 -0.20405577 0.86912850
vn 0.60901254 -0.12744334 0.78285498
vn 0.74409151 -0.04593334 0.66649678
vn 0.85057546 0.03734186 0.52452547
vn 0.92437227 0.11918202 0.36239695
vn 0.96264597 0.19644209 0.18634172
vn 0.96392573 0.26615300 0.00312548
vn 0.92816236 0.32563580 -0.18021087
vn 0.85673023 0.37260460 -0.35662181
vn 0.75237445 0.40525441 -0.51932799
vn 0.61910533 0.42233052 -0.66207667
vn 0.46204434 0.42317671 -0.77938213
vn 0.28722725 0.40776045 -0.86673636
vn 0.10137217 0.37667419 -0.92078240
vn -0.08837858 0.33111255 -0.93944330
vn -0.27473299 0.27282644 -0.92200191
vn -0.45052957 0.20405577 -0.86912850
vn -0.60901254 0.12744334 -0.78285498
vn -0.74409151 0.04593334 -0.66649678
vn -0.85057546 -0.03734186 -0.52452547
vn -0.92437227 -0.11918202 -0.36239695
vn -0.90597232 -0.17813482 -0.38403404
vn -0.94459957 -0.25426212 -0.20756306
vn -0.94692639 -0.32061828 -0.02311555
vn -0.91286336 -0.37465326 0.16222029
vn -0.84371950 -0.41429052 0.34132208
vn -0.74215198 -0.43800683 0.50730706
vn -0.61206397 -0.44489078 0.65379652
vn -0.45845469 -0.43467783 0.77516094
vn -0.28722725 -0.40776045 0.86673636
vn -0.10496183 -0.36517307 0.92500359
vn 0.08133722 -0.30855229 0.94772345
vn 0.26451052 -0.24007402 0.93402283
vn 0.43751884 -0.16236985 0.88442823
vn 0.59371354 -0.07842588 0.80084556
vn 0.72709217 0.00853194 0.68648684
vn 0.83252906 0.09516189 0.54574681
vn 0.90597232 0.17813482 0.38403404
vn 0.94459957 0.25426212 0.20756306
vn 0.94692639 0.32061828 0.02311555
vn 0.91286336 0.37465326 -0.16222029
vn 0.84371950 0.41429052 -0.34132208
vn 0.74215198 0.43800683 -0.50730706
vn 0.61206397 0.44489078 -0.65379652
vn 0.45845469 0.43467783 -0.77516094
vn 0.28722725 0.40776045 -0.86673636
vn 0.10496183 0.36517307 -0.92500359
vn -0.08133722 0.30855229 -0.94772345
vn -0.26451052 0.24007402 -0.93402283
vn -0.43751884 0.16236985 -0.88442823
vn -0.59371354 0.07842588 -0.80084556
vn -0.72709217 -0.00853194 -0.68648684
vn -0.83252906 -0.09516189 -0.54574681
vn -0.90597232 -0.17813482 -0.38403404
vn -0.88369286 -0.23632481 -0.40402664
vn -0.92274820 -0.31133401 -0.22717150
vn -0.92634285 -0.37437882 -0.04158629
vn -0.89433866 -0.42303647 0.14559705
vn -0.82796554 -0.45543706 0.32718518
vn -0.72977417 -0.47033545 0.49619977
vn -0.60353799 -0.46715913 0.64614568
vn -0.45410818 -0.44603013 0.77126058
vn -0.28722725 -0.40776045 0.86673636
vn -0.10930833 -0.35382077 0.92890395
vn 0.07281124 -0.28628395 0.95537428
vn 0.25213272 -0.20774540 0.94513012
vn 0.42176488 -0.12122331 0.89856513
vn 0.57518885 -0.03004267 0.81746879
vn 0.70650863 0.06229248 0.70495759
vn 0.81067769 0.15223377 0.56535525
vn 0.88369286 0.23632481 0.40402664
vn 0.92274820 0.31133401 0.22717150
vn 0.92634285 0.37437882 0.04158629
vn 0.89433866 0.42303647 -0.14559705
vn 0.82796554 0.45543706 -0.32718518
vn 0.72977417 0.47033545 -0.49619977
vn 0.60353799 0.46715913 -0.64614568
vn 0.45410818 0.44603013 -0.77126058
vn 0.28722725 0.40776045 -0.86673636
vn 0.10930833 0.35382077 -0.92890395
vn -0.07281124 0.28628395 -0.95537428
vn -0.25213272 0.20774540 -0.94513012
vn -0.42176488 0.12122331 -0.89856513
vn -0.57518885 0.03004267 -0.81746879
vn -0.70650863 -0.06229248 -0.70495759
vn -0.81067769 -0.15223377 -0.56535525
vn -0.88369286 -0.23632481 -0.40402664
vn -0.85762928 -0.29350282 -0.42228913
vn -0.89718543 -0.36741336 -0.24508308
vn -0.90226325 -0.42720442 -0.05845864
vn -0.87266760 -0.47057825 0.13041235
vn -0.80953582 -0.49586802 0.31427165
vn -0.71529403 -0.50210186 0.48605368
vn -0.59356389 -0.48904020 0.63915693
vn -0.44902343 -0.45718501 0.76769774
vn -0.28722725 -0.40776045 0.86673636
vn -0.11439308 -0.34266589 0.93246679
vn 0.06283714 -0.26440287 0.96236304
vn 0.23765257 -0.17597900 0.95527622
vn 0.40333515 -0.08079235 0.91147866
vn 0.55351778 0.01749911 0.83265350
vn 0.68242903 0.11511808 0.72182993
vn 0.78511492 0.20831313 0.58326684
vn 0.85762928 0.29350282 0.42228913
vn 0.89718543 0.36741336 0.24508308
vn 0.90226325 0.42720442 0.05845864
vn 0.87266760 0.47057825 -0.13041235
vn 0.80953582 0.49586802 -0.31427165
vn 0.71529403 0.50210186 -0.48605368
vn 0.59356389 0.48904020 -0.63915693
vn 0.44902343 0.45718501 -0.76769774
vn 0.28722725 0.40776045 -0.86673636
vn 0.11439308 0.34266589 -0.93246679
vn -0.06283714 0.26440287 -0.96236304
vn -0.23765257 0.17597900 -0.95527622
vn -0.40333515 0.08079235 -0.91147866
vn -0.55351778 -0.01749911 -0.83265350
vn -0.68242903 -0.11511808 -0.72182993
vn -0.78511492 -0.20831313 -0.58326684
vn -0.85762928 -0.29350282 -0.42228913
vn -0.82789321 -0.34942401 -0.43874331
vn -0.86802073 -0.42226004 -0.26122110
vn -0.87479070 -0.47886886 -0.07366032
vn -0.84794296 -0.51707502 0.11673119
vn -0.78850924 -0.53541027 0.30263679
vn -0.69877355 -0.53317000 0.47691222
vn -0.58218439 -0.51044032 0.63286019
vn -0.44322221 -0.46809469 0.76448769
vn -0.28722725 -0.40776045 0.86673636
vn -0.12019430 -0.33175621 0.93567684
vn 0.05145764 -0.24300276 0.96865978
vn 0.22113210 -0.14491085 0.96441767
vn 0.38230857 -0.04125009 0.92311353
vn 0.52879314 0.06399588 0.84633465
vn 0.65495648 0.16678252 0.73703161
vn 0.75595022 0.26315981 0.59940486
vn 0.82789321 0.34942401 0.43874331
vn 0.86802073 0.42226004 0.26122110
vn 0.87479070 0.47886886 0.07366032
vn 0.84794296 0.51707502 -0.11673119
vn 0.78850924 0.53541027 -0.30263679
vn 0.69877355 0.53317000 -0.47691222
vn 0.58218439 0.51044032 -0.63286019
vn 0.44322221 0.46809469 -0.76448769
vn 0.28722725 0.40776045 -0.86673636
vn 0.12019430 0.33175621 -0.93567684
vn -0.05145764 0.24300276 -0.96865978
vn -0.22113210 0.14491085 -0.96441767
vn -0.38230857 0.04125009 -0.92311353
vn -0.52879314 -0.06399588 -0.84633465
vn -0.65495648 -0.16678252 -0.73703161
vn -0.75595022 -0.26315981 -0.59940486
vn -0.82789321 -0.34942401 -0.43874331
vn -0.79461197 -0.40384891 -0.45331873
vn -0.83537898 -0.47563919 -0.27551646
vn -0.84404285 -0.52915091 -0.08712625
vn -0.82027062 -0.56232767 0.10461218
vn -0.76497585 -0.57389449 0.29233041
vn -0.68028349 -0.56340686 0.46881456
vn -0.56944821 -0.53126782 0.62728242
vn -0.43672936 -0.47871246 0.76164417
vn -0.28722725 -0.40776045 0.86673636
vn -0.12668715 -0.32113844 0.93852036
vn 0.03872146 -0.22217525 0.97423755
vn 0.20264203 -0.11467399 0.97251534
vn 0.35877518 -0.00276588 0.93341991
vn 0.50112080 0.10924853 0.85845367
vn 0.62420863 0.21706457 0.75049754
vn 0.72330847 0.31653895 0.61370021
vn 0.79461197 0.40384891 0.45331873
vn 0.83537898 0.47563919 0.27551646
vn 0.84404285 0.52915091 0.08712625
vn 0.82027062 0.56232767 -0.10461218
vn 0.76497585 0.57389449 -0.29233041
vn 0.68028349 0.56340686 -0.46881456
vn 0.56944821 0.53126782 -0.62728242
vn 0.43672936 0.47871246 -0.76164417
vn 0.28722725 0.40776045 -0.86673636
vn 0.12668715 0.32113844 -0.93852036
vn -0.03872146 0.22217525 -0.97423755
vn -0.20264203 0.11467399 -0.97251534
vn -0.35877518 0.00276588 -0.93341991
vn -0.50112080 -0.10924853 -0.85845367
vn -0.62420863 -0.21706457 -0.75049754
vn -0.72330847 -0.31653895 -0.61370021
vn -0.79461197 -0.40384891 -0.45331873
vn -0.75792808 -0.45654447 -0.46595296
vn -0.79939997 -0.52732221 -0.28790793
vn -0.81015135 -0.57783526 -0.09879876
vn -0.78976908 -0.60614242 0.09410719
vn -0.73903642 -0.61115587 0.28339666
vn -0.65990301 -0.59268294 0.46179535
vn -0.55540990 -0.55143354 0.62244751
vn -0.42957269 -0.48899286 0.75917935
vn -0.28722725 -0.40776045 0.86673636
vn -0.13384382 -0.31085804 0.94098518
vn 0.02468315 -0.20200953 0.97907246
vn 0.18226155 -0.08539791 0.97953454
vn 0.33283575 0.03449551 0.94235366
vn 0.47061926 0.15306328 0.86895865
vn 0.59031714 0.26574892 0.76217005
vn 0.68732945 0.36822198 0.62609169
vn 0.75792808 0.45654447 0.46595296
vn 0.79939997 0.52732221 0.28790793
vn 0.81015135 0.57783526 0.09879876
vn 0.78976908 0.60614242 -0.09410719
vn 0.73903642 0.61115587 -0.28339666
vn 0.65990301 0.59268294 -0.46179535
vn 0.55540990 0.55143354 -0.62244751
vn 0.42957269 0.48899286 -0.75917935
vn 0.28722725 0.40776045 -0.86673636
vn 0.13384382 0.31085804 -0.94098518
vn -0.02468315 0.20200953 -0.97907246
vn -0.18226155 0.08539791 -0.97953454
vn -0.33283575 -0.03449551 -0.94235366
vn -0.47061926 -0.15306328 -0.86895865
vn -0.59031714 -0.26574892 -0.76217005
vn -0.68732945 -0.36822198 -0.62609169
vn -0.75792808 -0.45654447 -0.46595296
vn -0.71799863 -0.50728504 -0.47659192
vn -0.76023775 -0.57708781 -0.29834246
vn -0.77326135 -0.62471343 -0.10862787
vn -0.75656895 -0.64833166 0.08526122
vn -0.71080204 -0.64703487 0.27587378
vn -0.63771940 -0.62087289 0.45588466
vn -0.54012956 -0.57085112 0.61837615
vn -0.42178284 -0.49889185 0.75710379
vn -0.28722725 -0.40776045 0.86673636
vn -0.14163367 -0.30095905 0.94306074
vn 0.00940281 -0.18259196 0.98314382
vn 0.16007794 -0.05720796 0.98544523
vn 0.30460137 0.07037451 0.94987654
vn 0.43741914 0.19525252 0.87780462
vn 0.55342713 0.31262709 0.77199917
vn 0.64816723 0.41798758 0.63652622
vn 0.71799863 0.50728504 0.47659192
vn 0.76023775 0.57708781 0.29834246
vn 0.77326135 0.62471343 0.10862787
vn 0.75656895 0.64833166 -0.08526122
vn 0.71080204 0.64703487 -0.27587378
vn 0.63771940 0.62087289 -0.45588466
vn 0.54012956 0.57085112 -0.61837615
vn 0.42178284 0.49889185 -0.75710379
vn 0.28722725 0.40776045 -0.86673636
vn 0.14163367 0.30095905 -0.94306074
vn -0.00940281 0.18259196 -0.98314382
vn -0.16007794 0.05720796 -0.98544523
vn -0.30460137 -0.07037451 -0.94987654
vn -0.43741914 -0.19525252 -0.87780462
vn -0.55342713 -0.31262709 -0.77199917
vn -0.64816723 -0.41798758 -0.63652622
vn -0.71799863 -0.50728504 -0.47659192
vn -0.67499460 -0.55585333 -0.48519003
vn -0.71806002 -0.62472288 -0.30677537
vn -0.73353080 -0.66958468 -0.11657150
vn -0.72081241 -0.68871472 0.07811215
vn -0.68039359 -0.68137784 0.26979400
vn -0.61382763 -0.64785599 0.45110781
vn -0.52367262 -0.58943740 0.61508580
vn -0.41339317 -0.50836706 0.75542639
vn -0.28722725 -0.40776045 0.86673636
vn -0.15002334 -0.29148385 0.94473815
vn -0.00705413 -0.16400568 0.98643417
vn 0.13618618 -0.03022486 0.99022209
vn 0.27419292 0.10471748 0.95595632
vn 0.40166259 0.23563558 0.88495369
vn 0.51369659 0.35749834 0.77994279
vn 0.60598951 0.46562264 0.64495912
vn 0.67499460 0.55585333 0.48519003
vn 0.71806002 0.62472288 0.30677537
vn 0.73353080 0.66958468 0.11657150
vn 0.72081241 0.68871472 -0.07811215
vn 0.68039359 0.68137784 -0.26979400
vn 0.61382763 0.64785599 -0.45110781
vn 0.52367262 0.58943740 -0.61508580
vn 0.41339317 0.50836706 -0.75542639
vn 0.28722725 0.40776045 -0.86673636
vn 0.15002334 0.29148385 -0.94473815
vn 0.00705413 0.16400568 -0.98643417
vn -0.13618618 0.03022486 -0.99022209
vn -0.27419292 -0.10471748 -0.95595632
vn -0.40166259 -0.23563558 -0.88495369
vn -0.51369659 -0.35749834 -0.77994279
vn -0.60598951 -0.46562264 -0.64495912
vn -0.67499460 -0.55585333 -0.48519003
vn -0.62910013 -0.60204137 -0.49171049
vn -0.67304741 -0.67002343 -0.31317054
vn -0.69112985 -0.71225687 -0.12259561
vn -0.68265255 -0.72711868 0.07269059
vn -0.64794131 -0.71403772 0.26518334
vn -0.58833004 -0.67351669 0.44748523
vn -0.50610957 -0.60711280 0.61259053
vn -0.40443960 -0.51737790 0.75415431
vn -0.28722725 -0.40776045 0.86673636
vn -0.15897691 -0.28247301 0.94601022
vn -0.02461718 -0.14633028 0.98892944
vn 0.11068858 -0.00456416 0.99384466
vn 0.24174064 0.13737735 0.96056698
vn 0.36350274 0.27403954 0.89037525
vn 0.47129563 0.40017053 0.78596690
vn 0.56097690 0.51092320 0.65135429
vn 0.62910013 0.60204137 0.49171049
vn 0.67304741 0.67002343 0.31317054
vn 0.69112985 0.71225687 0.12259561
vn 0.68265255 0.72711868 -0.07269059
vn 0.64794131 0.71403772 -0.26518334
vn 0.58833004 0.67351669 -0.44748523
vn 0.50610957 0.60711280 -0.61259053
vn 0.40443960 0.51737790 -0.75415431
vn 0.28722725 0.40776045 -0.86673636
vn 0.15897691 0.28247301 -0.94601022
vn 0.02461718 0.14633028 -0.98892944
vn -0.11068858 0.00456416 -0.99384466
vn -0.24174064 -0.13737735 -0.96056698
vn -0.36350274 -0.27403954 -0.89037525
vn -0.47129563 -0.40017053 -0.78596690
vn -0.56097690 -0.51092320 -0.65135429
vn -0.62910013 -0.60204137 -0.49171049
vn -0.58051177 -0.64565138 -0.49612537
vn -0.62539265 -0.71279549 -0.31750058
vn -0.64624005 -0.75254727 -0.12667443
vn -0.64225280 -0.76337907 0.06901975
vn -0.61358414 -0.74487465 0.26206155
vn -0.56133579 -0.69774511 0.44503246
vn -0.48751561 -0.62380162 0.61090103
vn -0.39496048 -0.52588579 0.75329301
vn -0.28722725 -0.40776045 0.86673636
vn -0.16845603 -0.27396511 0.94687152
vn -0.04321114 -0.12964145 0.99061894
vn 0.08369433 0.01966426 0.99629743
vn 0.20738347 0.16821429 0.96368877
vn 0.32310299 0.31029993 0.89404609
vn 0.42640583 0.44046093 0.79004572
vn 0.51332214 0.55369525 0.65568433
vn 0.58051177 0.64565138 0.49612537
vn 0.62539265 0.71279549 0.31750058
vn 0.64624005 0.75254727 0.12667443
vn 0.64225280 0.76337907 -0.06901975
vn 0.61358414 0.74487465 -0.26206155
vn 0.56133579 0.69774511 -0.44503246
vn 0.48751561 0.62380162 -0.61090103
vn 0.39496048 0.52588579 -0.75329301
vn 0.28722725 0.40776045 -0.86673636
vn 0.16845603 0.27396511 -0.94687152
vn 0.04321114 0.12964145 -0.99061894
vn -0.08369433 -0.01966426 -0.99629743
vn -0.20738347 -0.16821429 -0.96368877
vn -0.32310299 -0.31029993 -0.89404609
vn -0.42640583 -0.44046093 -0.79004572
vn -0.51332214 -0.55369525 -0.65568433
vn -0.58051177 -0.64565138 -0.49612537
vn -0.52943756 -0.68649661 -0.49841576
vn -0.57529982 -0.75285589 -0.31974697
vn -0.59905363 -0.79028334 -0.12879047
vn -0.59978615 -0.79734064 0.06711536
vn -0.57746922 -0.77375659 0.26044199
vn -0.53296048 -0.72043751 0.44375999
vn -0.46797036 -0.63943242 0.61002453
vn -0.38499640 -0.53385430 0.75284617
vn -0.28722725 -0.40776045 0.86673636
vn -0.17842011 -0.26599660 0.94731836
vn -0.06275639 -0.11401066 0.99149544
vn 0.05531902 0.04235666 0.99756991
vn 0.17126855 0.19709623 0.96530832
vn 0.28063633 0.34426150 0.89595048
vn 0.37921942 0.47819700 0.79216177
vn 0.46322931 0.59375566 0.65793072
vn 0.52943756 0.68649661 0.49841576
vn 0.57529982 0.75285589 0.31974697
vn 0.59905363 0.79028334 0.12879047
vn 0.59978615 0.79734064 -0.06711536
vn 0.57746922 0.77375659 -0.26044199
vn 0.53296048 0.72043751 -0.44375999
vn 0.46797036 0.63943242 -0.61002453
vn 0.38499640 0.53385430 -0.75284617
vn 0.28722725 0.40776045 -0.86673636
vn 0.17842011 0.26599660 -0.94731836
vn 0.06275639 0.11401066 -0.99149544
vn -0.05531902 -0.04235666 -0.99756991
vn -0.17126855 -0.19709623 -0.96530832
vn -0.28063633 -0.34426150 -0.89595048
vn -0.37921942 -0.47819700 -0.79216177
vn -0.46322931 -0.59375566 -0.65793072
vn -0.52943756 -0.68649661 -0.49841576
vn -0.47609622 -0.72440216 -0.49857186
vn -0.52298342 -0.79003309 -0.31990007
vn -0.54977266 -0.82530350 -0.12893469
vn -0.55543445 -0.82885795 0.06698557
vn -0.53975120 -0.80055986 0.26033162
vn -0.50332562 -0.74149670 0.44367326
vn -0.44755751 -0.65393824 0.60996479
vn -0.37459002 -0.54124930 0.75281572
vn -0.28722725 -0.40776045 0.86673636
vn -0.18882649 -0.25860160 0.94734881
vn -0.08316924 -0.09950483 0.99155518
vn 0.02568416 0.06341585 0.99765663
vn 0.13355053 0.22389950 0.96541870
vn 0.23628463 0.37577881 0.89608027
vn 0.32993844 0.51321716 0.79230598
vn 0.41091291 0.63093286 0.65808382
vn 0.47609622 0.72440216 0.49857186
vn 0.52298342 0.79003309 0.31990007
vn 0.54977266 0.82530350 0.12893469
vn 0.55543445 0.82885795 -0.06698557
vn 0.53975120 0.80055986 -0.26033162
vn 0.50332562 0.74149670 -0.44367326
vn 0.44755751 0.65393824 -0.60996479
vn 0.37459002 0.54124930 -0.75281572
vn 0.28722725 0.40776045 -0.86673636
vn 0.18882649 0.25860160 -0.94734881
vn 0.08316924 0.09950483 -0.99155518
vn -0.02568416 -0.06341585 -0.99765663
vn -0.13355053 -0.22389950 -0.96541870
vn -0.23628463 -0.37577881 -0.89608027
vn -0.32993844 -0.51321716 -0.79230598
vn -0.41091291 -0.63093286 -0.65808382
vn -0.47609622 -0.72440216 -0.49857186
vn -0.42071616 -0.75920571 -0.49659300
vn -0.46866747 -0.82416790 -0.31795923
vn -0.49860816 -0.85745778 -0.12710646
vn -0.50938761 -0.85779604 0.06863094
vn -0.50059159 -0.82516969 0.26173088
vn -0.47255810 -0.76083252 0.44477266
vn -0.42636448 -0.66725698 0.61072207
vn -0.36378591 -0.54803914 0.75320178
vn -0.28722725 -0.40776045 0.86673636
vn -0.19963060 -0.25181176 0.94696275
vn -0.10436227 -0.08618609 0.99079790
vn -0.00508335 0.08275167 0.99655723
vn 0.09439092 0.24850932 0.96401944
vn 0.19023780 0.40471691 0.89443491
vn 0.27877394 0.54537144 0.79047775
vn 0.35659696 0.66506766 0.65614298
vn 0.42071616 0.75920571 0.49659300
vn 0.46866747 0.82416790 0.31795923
vn 0.49860816 0.85745778 0.12710646
vn 0.50938761 0.85779604 -0.06863094
vn 0.50059159 0.82516969 -0.26173088
vn 0.47255810 0.76083252 -0.44477266
vn 0.42636448 0.66725698 -0.61072207
vn 0.36378591 0.54803914 -0.75320178
vn 0.28722725 0.40776045 -0.86673636
vn 0.19963060 0.25181176 -0.94696275
vn 0.10436227 0.08618609 -0.99079790
vn 0.00508335 -0.08275167 -0.99655723
vn -0.09439092 -0.24850932 -0.96401944
vn -0.19023780 -0.40471691 -0.89443491
vn -0.27877394 -0.54537144 -0.79047775
vn -0.35659696 -0.66506766 -0.65614298
vn -0.42071616 -0.75920571 -0.49659300
vn -0.36353453 -0.79075822 -0.49248765
vn -0.41258458 -0.85511414 -0.31393276
vn -0.44577922 -0.88660850 -0.12331361
vn -0.46184283 -0.88403100 0.07204441
vn -0.46015807 -0.84748068 0.26463380
vn -0.44078969 -0.77836215 0.44705347
vn -0.40448202 -0.67933161 0.61229312
vn -0.35263033 -0.55419473 0.75400269
vn -0.28722725 -0.40776045 0.86673636
vn -0.21078619 -0.24565617 0.94616184
vn -0.12624473 -0.07411147 0.98922685
vn -0.03685176 0.10028130 0.99427642
vn 0.05395740 0.27082032 0.96111651
vn 0.14269301 0.43095186 0.89102144
vn 0.22594501 0.57452216 0.78668490
vn 0.30051406 0.69601390 0.65211651
vn 0.36353453 0.79075822 0.49248765
vn 0.41258458 0.85511414 0.31393276
vn 0.44577922 0.88660850 0.12331361
vn 0.46184283 0.88403100 -0.07204441
vn 0.46015807 0.84748068 -0.26463380
vn 0.44078969 0.77836215 -0.44705347
vn 0.40448202 0.67933161 -0.61229312
vn 0.35263033 0.55419473 -0.75400269
vn 0.28722725 0.40776045 -0.86673636
vn 0.21078619 0.24565617 -0.94616184
vn 0.12624473 0.07411147 -0.98922685
vn 0.03685176 -0.10028130 -0.99427642
vn -0.05395740 -0.27082032 -0.96111651
vn -0.14269301 -0.43095186 -0.89102144
vn -0.22594501 -0.57452216 -0.78668490
vn -0.30051406 -0.69601390 -0.65211651
vn -0.36353453 -0.79075822 -0.49248765
vn -0.30479619 -0.81892458 -0.48627339
vn -0.35497488 -0.88273929 -0.30783791
vn -0.39151207 -0.91263083 -0.11757239
vn -0.41300368 -0.90745047 0.07721137
vn -0.41862379 -0.86739731 0.26902795
vn -0.40815642 -0.79401055 0.45050593
vn -0.38200383 -0.69011041 0.61467121
vn -0.34117104 -0.55968971 0.75521503
vn -0.28722725 -0.40776045 0.86673636
vn -0.22224547 -0.24016119 0.94494950
vn -0.14872292 -0.06333267 0.98684876
vn -0.06948504 0.11592969 0.99082397
vn 0.01242312 0.29073694 0.95672237
vn 0.09385386 0.45437133 0.88585447
vn 0.17167786 0.60054449 0.78094368
vn 0.24290436 0.72363906 0.64602166
vn 0.30479619 0.81892458 0.48627339
vn 0.35497488 0.88273929 0.30783791
vn 0.39151207 0.91263083 0.11757239
vn 0.41300368 0.90745047 -0.07721137
vn 0.41862379 0.86739731 -0.26902795
vn 0.40815642 0.79401055 -0.45050593
vn 0.38200383 0.69011041 -0.61467121
vn 0.34117104 0.55968971 -0.75521503
vn 0.28722725 0.40776045 -0.86673636
vn 0.22224547 0.24016119 -0.94494950
vn 0.14872292 0.06333267 -0.98684876
vn 0.06948504 -0.11592969 -0.99082397
vn -0.01242312 -0.29073694 -0.95672237
vn -0.09385386 -0.45437133 -0.88585447
vn -0.17167786 -0.60054449 -0.78094368
vn -0.24290436 -0.72363906 -0.64602166
vn -0.30479619 -0.81892458 -0.48627339
vn -0.24475267 -0.84358418 -0.47797684
vn -0.29608507 -0.90692507 -0.29970077
vn -0.33603909 -0.93541333 -0.10990737
vn -0.36307932 -0.92795418 0.08410971
vn -0.37616661 -0.88483428 0.27489450
vn -0.37479803 -0.80771069 0.45511524
vn -0.35902617 -0.69954723 0.61784617
vn -0.32945713 -0.56450056 0.75683361
vn -0.28722725 -0.40776045 0.86673636
vn -0.23395938 -0.23535034 0.94333092
vn -0.17170058 -0.05389585 0.98367380
vn -0.10284343 0.12962984 0.98621465
vn -0.03003406 0.30817392 0.95085582
vn 0.04392950 0.47487504 0.87895614
vn 0.11620487 0.62332699 0.77327866
vn 0.18401456 0.74782483 0.63788452
vn 0.24475267 0.84358418 0.47797684
vn 0.29608507 0.90692507 0.29970077
vn 0.33603909 0.93541333 0.10990737
vn 0.36307932 0.92795418 -0.08410971
vn 0.37616661 0.88483428 -0.27489450
vn 0.37479803 0.80771069 -0.45511524
vn 0.35902617 0.69954723 -0.61784617
vn 0.32945713 0.56450056 -0.75683361
vn 0.28722725 0.40776045 -0.86673636
vn 0.23395938 0.23535034 -0.94333092
vn 0.17170058 0.05389585 -0.98367380
vn 0.10284343 -0.12962984 -0.98621465
vn 0.03003406 -0.30817392 -0.95085582
vn -0.04392950 -0.47487504 -0.87895614
vn -0.11620487 -0.62332699 -0.77327866
vn -0.18401456 -0.74782483 -0.63788452
vn -0.24475267 -0.84358418 -0.47797684
vn -0.18366108 -0.86463143 -0.46763351
vn -0.23616734 -0.92756790 -0.28955619
vn -0.27959782 -0.95485845 -0.10035138
vn -0.31228351 -0.94545433 0.09270987
vn -0.33296833 -0.89971693 0.28220833
vn -0.34085736 -0.81940391 0.46086169
vn -0.33564743 -0.70760166 0.62180439
vn -0.31753876 -0.56860667 0.75885149
vn -0.28722725 -0.40776045 0.86673636
vn -0.24587776 -0.23124423 0.94131304
vn -0.19507932 -0.04584141 0.97971558
vn -0.13678410 0.14132306 0.98046821
vn -0.07323234 0.32305656 0.94354199
vn -0.00686630 0.49237519 0.87035598
vn 0.05976360 0.64277211 0.76372268
vn 0.12409683 0.76846766 0.62773994
vn 0.18366108 0.86463143 0.46763351
vn 0.23616734 0.92756790 0.28955619
vn 0.27959782 0.95485845 0.10035138
vn 0.31228351 0.94545433 -0.09270987
vn 0.33296833 0.89971693 -0.28220833
vn 0.34085736 0.81940391 -0.46086169
vn 0.33564743 0.70760166 -0.62180439
vn 0.31753876 0.56860667 -0.75885149
vn 0.28722725 0.40776045 -0.86673636
vn 0.24587776 0.23124423 -0.94131304
vn 0.19507932 0.04584141 -0.97971558
vn 0.13678410 -0.14132306 -0.98046821
vn 0.07323234 -0.32305656 -0.94354199
vn 0.00686630 -0.49237519 -0.87035598
vn -0.05976360 -0.64277211 -0.76372268
vn -0.12409683 -0.76846766 -0.62773994
vn -0.18366108 -0.86463143 -0.46763351
vn -0.12178302 -0.88197619 -0.45528771
vn -0.17547825 -0.94457938 -0.27744761
vn -0.22242995 -0.97088292 -0.08894535
vn -0.26083379 -0.95987597 0.10297503
vn -0.28921393 -0.91198153 0.29093813
vn -0.30647975 -0.82904014 0.46772065
vn -0.31196772 -0.71423921 0.62652892
vn -0.30546695 -0.57199047 0.76126004
vn -0.28722725 -0.40776045 0.86673636
vn -0.25794957 -0.22786043 0.93890449
vn -0.21875903 -0.03920386 0.97499105
vn -0.17116171 0.15095929 0.97360925
vn -0.11698673 0.33532116 0.93481219
vn -0.05831603 0.50679683 0.86009082
vn 0.00259573 0.65879658 0.75231664
vn 0.06340774 0.78547915 0.61563136
vn 0.12178302 0.88197619 0.45528771
vn 0.17547825 0.94457938 0.27744761
vn 0.22242995 0.97088292 0.08894535
vn 0.26083379 0.95987597 -0.10297503
vn 0.28921393 0.91198153 -0.29093813
vn 0.30647975 0.82904014 -0.46772065
vn 0.31196772 0.71423921 -0.62652892
vn 0.30546695 0.57199047 -0.76126004
vn 0.28722725 0.40776045 -0.86673636
vn 0.25794957 0.22786043 -0.93890449
vn 0.21875903 0.03920386 -0.97499105
vn 0.17116171 -0.15095929 -0.97360925
vn 0.11698673 -0.33532116 -0.93481219
vn 0.05831603 -0.50679683 -0.86009082
vn -0.00259573 -0.65879658 -0.75231664
vn -0.06340774 -0.78547915 -0.61563136
vn -0.12178302 -0.88197619 -0.45528771
vn -0.05938347 -0.89554419 -0.44099229
vn -0.11427769 -0.95788668 -0.26342687
vn -0.16478028 -0.98341812 -0.07573811
vn -0.20895046 -0.97115735 0.11486123
vn -0.24509079 -0.92157555 0.30104652
vn -0.27181242 -0.83657812 0.47566276
vn -0.28808845 -0.71943146 0.63199954
vn -0.29329340 -0.57463746 0.76404894
vn -0.28722725 -0.40776045 0.86673636
vn -0.27012312 -0.22521345 0.93611559
vn -0.24263831 -0.03401161 0.96952043
vn -0.20582904 0.15849727 0.96566714
vn -0.16110988 0.34491519 0.92470380
vn -0.11019936 0.51807821 0.84820461
vn -0.05505394 0.67133178 0.73910940
vn 0.00220718 0.79878644 0.60161063
vn 0.05938347 0.89554419 0.44099229
vn 0.11427769 0.95788668 0.26342687
vn 0.16478028 0.98341812 0.07573811
vn 0.20895046 0.97115735 -0.11486123
vn 0.24509079 0.92157555 -0.30104652
vn 0.27181242 0.83657812 -0.47566276
vn 0.28808845 0.71943146 -0.63199954
vn 0.29329340 0.57463746 -0.76404894
vn 0.28722725 0.40776045 -0.86673636
vn 0.27012312 0.22521345 -0.93611559
vn 0.24263831 0.03401161 -0.96952043
vn 0.20582904 -0.15849727 -0.96566714
vn 0.16110988 -0.34491519 -0.92470380
vn 0.11019936 -0.51807821 -0.84820461
vn 0.05505394 -0.67133178 -0.73910940
vn -0.00220718 -0.79878644 -0.60161063
vn -0.05938347 -0.89554419 -0.44099229
vn 0.00327037 -0.90527734 -0.42480848
vn -0.05282773 -0.96743281 -0.24755403
vn -0.10689568 -0.99241037 -0.06078622
vn -0.15685570 -0.97925017 0.12831758
vn -0.20078783 -0.92845793 0.31249020
vn -0.23700381 -0.84198557 0.48465400
vn -0.26411186 -0.72315618 0.63819282
vn -0.28107024 -0.57653630 0.76720624
vn -0.28722725 -0.40776045 0.86673636
vn -0.28234627 -0.22331460 0.93295829
vn -0.26661489 -0.03028690 0.96332715
vn -0.24063765 0.16390472 0.95667589
vn -0.20541284 0.35179756 0.91326012
vn -0.16229412 0.52617103 0.83474827
vn -0.11293854 0.68032403 0.72415751
vn -0.05924279 0.80833257 0.58573778
vn -0.00327037 0.90527734 0.42480848
vn 0.05282773 0.96743281 0.24755403
vn 0.10689568 0.99241037 0.06078622
vn 0.15685570 0.97925017 -0.12831758
vn 0.20078783 0.92845793 -0.31249020
vn 0.23700381 0.84198557 -0.48465400
vn 0.26411186 0.72315618 -0.63819282
vn 0.28107024 0.57653630 -0.76720624
vn 0.28722725 0.40776045 -0.86673636
vn 0.28234627 0.22331460 -0.93295829
vn 0.26661489 0.03028690 -0.96332715
vn 0.24063765 -0.16390472 -0.95667589
vn 0.20541284 -0.35179756 -0.91326012
vn 0.16229412 -0.52617103 -0.83474827
vn 0.11293854 -0.68032403 -0.72415751
vn 0.05924279 -0.80833257 -0.58573778
vn 0.00327037 -0.90527734 -0.42480848
vn 0.06591021 -0.91113395 -0.40680557
vn 0.00860850 -0.97317688 -0.22989704
vn -0.04902402 -0.99782117 -0.04415370
vn -0.10477258 -0.98411976 0.14328645
vn -0.15649478 -0.93259917 0.32522018
vn -0.20220298 -0.84523932 0.49465588
vn -0.24014063 -0.72539740 0.64508223
vn -0.26884981 -0.57767887 0.77071844
vn -0.28722725 -0.40776045 0.86673636
vn -0.29456670 -0.22217204 0.92944610
vn -0.29058612 -0.02804567 0.95643774
vn -0.27543848 0.16715847 0.94667401
vn -0.24970589 0.35593881 0.90053014
vn -0.21437724 0.53104062 0.81977940
vn -0.17081020 0.68573484 0.70752499
vn -0.12067902 0.81407665 0.56808080
vn -0.06591021 0.91113395 0.40680557
vn -0.00860850 0.97317688 0.22989704
vn 0.04902402 0.99782117 0.04415370
vn 0.10477258 0.98411976 -0.14328645
vn 0.15649478 0.93259917 -0.32522018
vn 0.20220298 0.84523932 -0.49465588
vn 0.24014063 0.72539740 -0.64508223
vn 0.26884981 0.57767887 -0.77071844
vn 0.28722725 0.40776045 -0.86673636
vn 0.29456670 0.22217204 -0.92944610
vn 0.29058612 0.02804567 -0.95643774
vn 0.27543848 -0.16715847 -0.94667401
vn 0.24970589 -0.35593881 -0.90053014
vn 0.21437724 -0.53104062 -0.81977940
vn 0.17081020 -0.68573484 -0.70752499
vn 0.12067902 -0.81407665 -0.56808080
vn 0.06591021 -0.91113395 -0.40680557
vn 0.12826780 -0.91308894 -0.38706066
vn 0.06976792 -0.97509431 -0.21053153
vn 0.00858689 -0.99962735 -0.02591178
vn -0.05292413 -0.98574528 0.15970374
vn -0.11240130 -0.93398156 0.33918194
vn -0.16755895 -0.84632546 0.50562556
vn -0.21627741 -0.72614555 0.65263828
vn -0.25668445 -0.57806027 0.77457048
vn -0.28722725 -0.40776045 0.86673636
vn -0.30673206 -0.22179063 0.92559406
vn -0.31444934 -0.02729753 0.94888169
vn -0.31008250 0.16824461 0.93570433
vn -0.29379937 0.35732120 0.88656838
vn -0.26622569 0.53266614 0.80336210
vn -0.22842111 0.68754101 0.68928307
vn -0.18183843 0.81599407 0.54871528
vn -0.12826780 0.91308894 0.38706066
vn -0.06976792 0.97509431 0.21053153
vn -0.00858689 0.99962735 0.02591178
vn 0.05292413 0.98574528 -0.15970374
vn 0.11240130 0.93398156 -0.33918194
vn 0.16755895 0.84632546 -0.50562556
vn 0.21627741 0.72614555 -0.65263828
vn 0.25668445 0.57806027 -0.77457048
vn 0.28722725 0.40776045 -0.86673636
vn 0.30673206 0.22179063 -0.92559406
vn 0.31444934 0.02729753 -0.94888169
vn 0.31008250 -0.16824461 -0.93570433
vn 0.29379937 -0.35732120 -0.88656838
vn 0.26622569 -0.53266614 -0.80336210
vn 0.22842111 -0.68754101 -0.68928307
vn 0.18183843 -0.81599407 -0.54871528
vn 0.12826780 -0.91308894 -0.38706066
vn 0.19007614 -0.91113395 -0.36565830
vn 0.13038862 -0.97317688 -0.18954040
vn 0.06569035 -0.99782117 -0.00613857
vn -0.00153238 -0.98411976 0.17749916
vn -0.06869621 -0.93259917 0.35431570
vn -0.13322008 -0.84523932 0.51751608
vn -0.19262439 -0.72539740 0.66082861
vn -0.24462624 -0.57767887 0.77874587
vn -0.28722725 -0.40776045 0.86673636
vn -0.31879027 -0.22217204 0.92141866
vn -0.33810236 -0.02804567 0.94069136
vn -0.34442137 0.16715847 0.92381381
vn -0.33750446 0.35593881 0.87143462
vn -0.31761744 0.53104062 0.78556669
vn -0.28552456 0.68573484 0.66950987
vn -0.24245914 0.81407665 0.52772415
vn -0.19007614 0.91113395 0.36565830
vn -0.13038862 0.97317688 0.18954040
vn -0.06569035 0.99782117 0.00613857
vn 0.00153238 0.98411976 -0.17749916
vn 0.06869621 0.93259917 -0.35431570
vn 0.13322008 0.84523932 -0.51751608
vn 0.19262439 0.72539740 -0.66082861
vn 0.24462624 0.57767887 -0.77874587
vn 0.28722725 0.40776045 -0.86673636
vn 0.31879027 0.22217204 -0.92141866
vn 0.33810236 0.02804567 -0.94069136
vn 0.34442137 -0.16715847 -0.92381381
vn 0.33750446 -0.35593881 -0.87143462
vn 0.31761744 -0.53104062 -0.78556669
vn 0.28552456 -0.68573484 -0.66950987
vn 0.24245914 -0.81407665 -0.52772415
vn 0.19007614 -0.91113395 -0.36565830
vn 0.25107054 -0.90527734 -0.34269013
vn 0.19021103 -0.96743281 -0.16701356
vn 0.12204182 -0.99241037 0.01508125
vn 0.04918261 -0.97925017 0.19659649
vn -0.02556665 -0.92845793 0.37055664
vn -0.09933341 -0.84198557 0.53027651
vn -0.16928284 -0.72315618 0.66961815
vn -0.23272682 -0.57653630 0.78322674
vn -0.28722725 -0.40776045 0.86673636
vn -0.33068969 -0.22331460 0.91693779
vn -0.36144391 -0.03028690 0.93190182
vn -0.37830805 0.16390472 0.91105338
vn -0.38063402 0.35179756 0.85519367
vn -0.36833243 0.52617103 0.76646935
vn -0.34187604 0.68032403 0.64829004
vn -0.30228155 0.80833257 0.50519731
vn -0.25107054 0.90527734 0.34269013
vn -0.19021103 0.96743281 0.16701356
vn -0.12204182 0.99241037 -0.01508125
vn -0.04918261 0.97925017 -0.19659649
vn 0.02556665 0.92845793 -0.37055664
vn 0.09933341 0.84198557 -0.53027651
vn 0.16928284 0.72315618 -0.66961815
vn 0.23272682 0.57653630 -0.78322674
vn 0.28722725 0.40776045 -0.86673636
vn 0.33068969 0.22331460 -0.91693779
vn 0.36144391 0.03028690 -0.93190182
vn 0.37830805 -0.16390472 -0.91105338
vn 0.38063402 -0.35179756 -0.85519367
vn 0.36833243 -0.52617103 -0.76646935
vn 0.34187604 -0.68032403 -0.64829004
vn 0.30228155 -0.80833257 -0.50519731
vn 0.25107054 -0.90527734 -0.34269013
vn 0.31098982 -0.89554419 -0.31825451
vn 0.24897898 -0.95788668 -0.14304746
vn 0.17740002 -0.98341812 0.03765682
vn 0.09900367 -0.97115735 0.21691397
vn 0.01680267 -0.92157555 0.38783524
vn -0.06604404 -0.83657812 0.54385221
vn -0.14635272 -0.71943146 0.67896926
vn -0.22103715 -0.57463746 0.78799389
vn -0.28722725 -0.40776045 0.86673636
vn -0.34237936 -0.22521345 0.91217064
vn -0.38437403 -0.03401161 0.92255071
vn -0.41159741 0.15849727 0.89747768
vn -0.42300334 0.34491519 0.83791508
vn -0.41815349 0.51807821 0.74615188
vn -0.39723424 0.67133178 0.62571447
vn -0.36104949 0.79878644 0.48123122
vn -0.31098982 0.89554419 0.31825451
vn -0.24897898 0.95788668 0.14304746
vn -0.17740002 0.98341812 -0.03765682
vn -0.09900367 0.97115735 -0.21691397
vn -0.01680267 0.92157555 -0.38783524
vn 0.06604404 0.83657812 -0.54385221
vn 0.14635272 0.71943146 -0.67896926
vn 0.22103715 0.57463746 -0.78799389
vn 0.28722725 0.40776045 -0.86673636
vn 0.34237936 0.22521345 -0.91217064
vn 0.38437403 0.03401161 -0.92255071
vn 0.41159741 -0.15849727 -0.89747768
vn 0.42300334 -0.34491519 -0.83791508
vn 0.41815349 -0.51807821 -0.74615188
vn 0.39723424 -0.67133178 -0.62571447
vn 0.36104949 -0.79878644 -0.48123122
vn 0.31098982 -0.89554419 -0.31825451
vn 0.36957739 -0.88197619 -0.29245607
vn 0.30644081 -0.94457938 -0.11774474
vn 0.23152788 -0.97088292 0.06149146
vn 0.14771746 -0.95987597 0.23836458
vn 0.05823034 -0.91198153 0.40607749
vn -0.03349453 -0.82904014 0.55818506
vn -0.12393223 -0.71423921 0.68884189
vn -0.20960728 -0.57199047 0.79302692
vn -0.28722725 -0.40776045 0.86673636
vn -0.35380923 -0.22786043 0.90713762
vn -0.40679452 -0.03920386 0.91267808
vn -0.44414692 0.15095929 0.88314484
vn -0.46443101 0.33532116 0.81967283
vn -0.46686728 0.50679683 0.72470126
vn -0.45136209 0.65879658 0.60187983
vn -0.41851132 0.78547915 0.45592849
vn -0.36957739 0.88197619 0.29245607
vn -0.30644081 0.94457938 0.11774474
vn -0.23152788 0.97088292 -0.06149146
vn -0.14771746 0.95987597 -0.23836458
vn -0.05823034 0.91198153 -0.40607749
vn 0.03349453 0.82904014 -0.55818506
vn 0.12393223 0.71423921 -0.68884189
vn 0.20960728 0.57199047 -0.79302692
vn 0.28722725 0.40776045 -0.86673636
vn 0.35380923 0.22786043 -0.90713762
vn 0.40679452 0.03920386 -0.91267808
vn 0.44414692 -0.15095929 -0.88314484
vn 0.46443101 -0.33532116 -0.81967283
vn 0.46686728 -0.50679683 -0.72470126
vn 0.45136209 -0.65879658 -0.60187983
vn 0.41851132 -0.78547915 -0.45592849
vn 0.36957739 -0.88197619 -0.29245607
vn 0.42658237 -0.86463143 -0.26540530
vn 0.36235046 -0.92756790 -0.09121373
vn 0.28419361 -0.95485845 0.08648312
vn 0.19511537 -0.94545433 0.26085648
vn 0.09853895 -0.89971693 0.42520527
vn -0.00182426 -0.81940391 0.57321366
vn -0.10211737 -0.70760166 0.69919377
vn -0.19848616 -0.56860667 0.79830426
vn -0.28722725 -0.40776045 0.86673636
vn -0.36493035 -0.23124423 0.90186027
vn -0.42860938 -0.04584141 0.90232620
vn -0.47581720 0.14132306 0.86811623
vn -0.50473962 0.32305656 0.80054504
vn -0.51426519 0.49237519 0.70220936
vn -0.50402783 0.64277211 0.57688817
vn -0.47442097 0.76846766 0.42939749
vn -0.42658237 0.86463143 0.26540530
vn -0.36235046 0.92756790 0.09121373
vn -0.28419361 0.95485845 -0.08648312
vn -0.19511537 0.94545433 -0.26085648
vn -0.09853895 0.89971693 -0.42520527
vn 0.00182426 0.81940391 -0.57321366
vn 0.10211737 0.70760166 -0.69919377
vn 0.19848616 0.56860667 -0.79830426
vn 0.28722725 0.40776045 -0.86673636
vn 0.36493035 0.23124423 -0.90186027
vn 0.42860938 0.04584141 -0.90232620
vn 0.47581720 -0.14132306 -0.86811623
vn 0.50473962 -0.32305656 -0.80054504
vn 0.51426519 -0.49237519 -0.70220936
vn 0.50402783 -0.64277211 -0.57688817
vn 0.47442097 -0.76846766 -0.42939749
vn 0.42658237 -0.86463143 -0.26540530
vn 0.48176067 -0.84358418 -0.23721801
vn 0.41646851 -0.90692507 -0.06356806
vn 0.33517171 -0.93541333 0.11252478
vn 0.24099445 -0.92795418 0.28429335
vn 0.13755590 -0.88483428 0.44513669
vn 0.02883116 -0.80771069 0.58887368
vn -0.08100155 -0.69954723 0.70998058
vn -0.18772141 -0.56450056 0.80380333
vn -0.28722725 -0.40776045 0.86673636
vn -0.37569510 -0.23535034 0.89636120
vn -0.44972520 -0.05389585 0.89153939
vn -0.50647261 0.12962984 0.85245621
vn -0.54375657 0.30817392 0.78061363
vn -0.56014426 0.47487504 0.67877249
vn -0.55500593 0.62332699 0.55084651
vn -0.52853903 0.74782483 0.40175181
vn -0.48176067 0.84358418 0.23721801
vn -0.41646851 0.90692507 0.06356806
vn -0.33517171 0.93541333 -0.11252478
vn -0.24099445 0.92795418 -0.28429335
vn -0.13755590 0.88483428 -0.44513669
vn -0.02883116 0.80771069 -0.58887368
vn 0.08100155 0.69954723 -0.70998058
vn 0.18772141 0.56450056 -0.80380333
vn 0.28722725 0.40776045 -0.86673636
vn 0.37569510 0.23535034 -0.89636120
vn 0.44972520 0.05389585 -0.89153939
vn 0.50647261 -0.12962984 -0.85245621
vn 0.54375657 -0.30817392 -0.78061363
vn 0.56014426 -0.47487504 -0.67877249
vn 0.55500593 -0.62332699 -0.55084651
vn 0.52853903 -0.74782483 -0.40175181
vn 0.48176067 -0.84358418 -0.23721801
vn 0.53487599 -0.81892458 -0.20801493
vn 0.46856324 -0.88273929 -0.03492610
vn 0.38424387 -0.91263083 0.13950491
vn 0.28515822 -0.90745047 0.30857483
vn 0.17511410 -0.86739731 0.46578639
vn 0.05834045 -0.79401055 0.60509805
vn -0.06067520 -0.69011041 0.72115612
vn -0.17735913 -0.55968971 0.80950057
vn -0.28722725 -0.40776045 0.86673636
vn -0.38605738 -0.24016119 0.89066396
vn -0.47005155 -0.06333267 0.88036385
vn -0.53598190 0.11592969 0.83623185
vn -0.58131477 0.29073694 0.75996392
vn -0.60430804 0.45437133 0.65449101
vn -0.60407808 0.60054449 0.52386638
vn -0.58063375 0.72363906 0.37310985
vn -0.53487599 0.81892458 0.20801493
vn -0.46856324 0.88273929 0.03492610
vn -0.38424387 0.91263083 -0.13950491
vn -0.28515822 0.90745047 -0.30857483
vn -0.17511410 0.86739731 -0.46578639
vn -0.05834045 0.79401055 -0.60509805
vn 0.06067520 0.69011041 -0.72115612
vn 0.17735913 0.55968971 -0.80950057
vn 0.28722725 0.40776045 -0.86673636
vn 0.38605738 0.24016119 -0.89066396
vn 0.47005155 0.06333267 -0.88036385
vn 0.53598190 -0.11592969 -0.83623185
vn 0.58131477 -0.29073694 -0.75996392
vn 0.60430804 -0.45437133 -0.65449101
vn 0.60407808 -0.60054449 -0.52386638
vn 0.58063375 -0.72363906 -0.37310985
vn 0.53487599 -0.81892458 -0.20801493
vn 0.58570089 -0.79075822 -0.17792109
vn 0.51841155 -0.85511414 -0.00541051
vn 0.43119995 -0.88660850 0.16730799
vn 0.32741758 -0.88403100 0.33359694
vn 0.21105273 -0.84748068 0.48706595
vn 0.08657725 -0.77836215 0.62181729
vn -0.04122535 -0.67933161 0.73267253
vn -0.16744368 -0.55419473 0.81537158
vn -0.28722725 -0.40776045 0.86673636
vn -0.39597283 -0.24565617 0.88479295
vn -0.48950140 -0.07411147 0.86884744
vn -0.56421871 0.10028130 0.81951261
vn -0.61725340 0.27082032 0.73868437
vn -0.64656740 0.43095186 0.62946890
vn -0.65103417 0.57452216 0.49606330
vn -0.63048206 0.69601390 0.34359426
vn -0.58570089 0.79075822 0.17792109
vn -0.51841155 0.85511414 0.00541051
vn -0.43119995 0.88660850 -0.16730799
vn -0.32741758 0.88403100 -0.33359694
vn -0.21105273 0.84748068 -0.48706595
vn -0.08657725 0.77836215 -0.62181729
vn 0.04122535 0.67933161 -0.73267253
vn 0.16744368 0.55419473 -0.81537158
vn 0.28722725 0.40776045 -0.86673636
vn 0.39597283 0.24565617 -0.88479295
vn 0.48950140 0.07411147 -0.86884744
vn 0.56421871 -0.10028130 -0.81951261
vn 0.61725340 -0.27082032 -0.73868437
vn 0.64656740 -0.43095186 -0.62946890
vn 0.65103417 -0.57452216 -0.49606330
vn 0.63048206 -0.69601390 -0.34359426
vn 0.58570089 -0.79075822 -0.17792109
vn 0.63401772 -0.75920571 -0.14706536
vn 0.56579999 -0.82416790 0.02485233
vn 0.47583889 -0.85745778 0.19581497
vn 0.36759156 -0.85779604 0.35925254
vn 0.24521790 -0.82516969 0.50888424
vn 0.11342065 -0.76083252 0.63895981
vn -0.02273530 -0.66725698 0.74448051
vn -0.15801753 -0.54803914 0.82139124
vn -0.28722725 -0.40776045 0.86673636
vn -0.40539898 -0.25181176 0.87877329
vn -0.50799145 -0.08618609 0.85703946
vn -0.59106210 0.08275167 0.80237008
vn -0.65141857 0.24850932 0.71686607
vn -0.68674138 0.40471691 0.60381330
vn -0.69567311 0.54537144 0.46755632
vn -0.67787051 0.66506766 0.31333142
vn -0.63401772 0.75920571 0.14706536
vn -0.56579999 0.82416790 -0.02485233
vn -0.47583889 0.85745778 -0.19581497
vn -0.36759156 0.85779604 -0.35925254
vn -0.24521790 0.82516969 -0.50888424
vn -0.11342065 0.76083252 -0.63895981
vn 0.02273530 0.66725698 -0.74448051
vn 0.15801753 0.54803914 -0.82139124
vn 0.28722725 0.40776045 -0.86673636
vn 0.40539898 0.25181176 -0.87877329
vn 0.50799145 0.08618609 -0.85703946
vn 0.59106210 -0.08275167 -0.80237008
vn 0.65141857 -0.24850932 -0.71686607
vn 0.68674138 -0.40471691 -0.60381330
vn 0.69567311 -0.54537144 -0.46755632
vn 0.67787051 -0.66506766 -0.31333142
vn 0.63401772 -0.75920571 -0.14706536
vn 0.67961960 -0.72440216 -0.11557988
vn 0.61052564 -0.79003309 0.05573283
vn 0.51796953 -0.82530350 0.22490376
vn 0.40550814 -0.82885795 0.38543176
vn 0.27746329 -0.80055986 0.53114784
vn 0.13875569 -0.74149670 0.65645221
vn -0.00528421 -0.65393824 0.75652948
vn -0.14912105 -0.54124930 0.82753375
vn -0.28722725 -0.40776045 0.86673636
vn -0.41429546 -0.25860160 0.87263078
vn -0.52544254 -0.09950483 0.84499049
vn -0.61639715 0.06341585 0.78487769
vn -0.68366396 0.22389950 0.69460248
vn -0.72465795 0.37577881 0.57763408
vn -0.73780375 0.51321716 0.43846753
vn -0.72259616 0.63093286 0.28245092
vn -0.67961960 0.72440216 0.11557988
vn -0.61052564 0.79003309 -0.05573283
vn -0.51796953 0.82530350 -0.22490376
vn -0.40550814 0.82885795 -0.38543176
vn -0.27746329 0.80055986 -0.53114784
vn -0.13875569 0.74149670 -0.65645221
vn 0.00528421 0.65393824 -0.75652948
vn 0.14912105 0.54124930 -0.82753375
vn 0.28722725 0.40776045 -0.86673636
vn 0.41429546 0.25860160 -0.87263078
vn 0.52544254 0.09950483 -0.84499049
vn 0.61639715 -0.06341585 -0.78487769
vn 0.68366396 -0.22389950 -0.69460248
vn 0.72465795 -0.37577881 -0.57763408
vn 0.73780375 -0.51321716 -0.43846753
vn 0.72259616 -0.63093286 -0.28245092
vn 0.67961960 -0.72440216 -0.11557988
vn 0.72231124 -0.68649661 -0.08359947
vn 0.65239698 -0.75285589 0.08709875
vn 0.55741146 -0.79028334 0.25444981
vn 0.44100494 -0.79734064 0.41202250
vn 0.30765084 -0.77375659 0.55376141
vn 0.16247390 -0.72043751 0.67421957
vn 0.01105317 -0.63943242 0.76876785
vn -0.14079232 -0.53385430 0.83377282
vn -0.28722725 -0.40776045 0.86673636
vn -0.42262419 -0.26599660 0.86639171
vn -0.54177992 -0.11401066 0.83275212
vn -0.64011535 0.04235666 0.76711032
vn -0.71385151 0.19709623 0.67198891
vn -0.76015476 0.34426150 0.55104334
vn -0.77724568 0.47819700 0.40892149
vn -0.76446749 0.59375566 0.25108501
vn -0.72231124 0.68649661 0.08359947
vn -0.65239698 0.75285589 -0.08709875
vn -0.55741146 0.79028334 -0.25444981
vn -0.44100494 0.79734064 -0.41202250
vn -0.30765084 0.77375659 -0.55376141
vn -0.16247390 0.72043751 -0.67421957
vn -0.01105317 0.63943242 -0.76876785
vn 0.14079232 0.53385430 -0.83377282
vn 0.28722725 0.40776045 -0.86673636
vn 0.42262419 0.26599660 -0.86639171
vn 0.54177992 0.11401066 -0.83275212
vn 0.64011535 -0.04235666 -0.76711032
vn 0.71385151 -0.19709623 -0.67198891
vn 0.76015476 -0.34426150 -0.55104334
vn 0.77724568 -0.47819700 -0.40892149
vn 0.76446749 -0.59375566 -0.25108501
vn 0.72231124 -0.68649661 -0.08359947
vn 0.76190983 -0.64565138 -0.05126107
vn 0.69123469 -0.71279549 0.11881577
vn 0.59399579 -0.75254727 0.28432659
vn 0.47392997 -0.76337907 0.43891090
vn 0.33565128 -0.74487465 0.57662811
vn 0.18447370 -0.69774511 0.69218582
vn 0.02620690 -0.62380162 0.78114322
vn -0.13306702 -0.52588579 0.84008173
vn -0.28722725 -0.40776045 0.86673636
vn -0.43034949 -0.27396511 0.86008280
vn -0.55693365 -0.12964145 0.82037675
vn -0.66211515 0.01966426 0.74914407
vn -0.74185195 0.16821429 0.64912221
vn -0.79307978 0.31029993 0.52415495
vn -0.81383001 0.44046093 0.37904470
vn -0.80330521 0.55369525 0.21936798
vn -0.76190983 0.64565138 0.05126107
vn -0.69123469 0.71279549 -0.11881577
vn -0.59399579 0.75254727 -0.28432659
vn -0.47392997 0.76337907 -0.43891090
vn -0.33565128 0.74487465 -0.57662811
vn -0.18447370 0.69774511 -0.69218582
vn -0.02620690 0.62380162 -0.78114322
vn 0.13306702 0.52588579 -0.84008173
vn 0.28722725 0.40776045 -0.86673636
vn 0.43034949 0.27396511 -0.86008280
vn 0.55693365 0.12964145 -0.82037675
vn 0.66211515 -0.01966426 -0.74914407
vn 0.74185195 -0.16821429 -0.64912221
vn 0.79307978 -0.31029993 -0.52415495
vn 0.81383001 -0.44046093 -0.37904470
vn 0.80330521 -0.55369525 -0.21936798
vn 0.76190983 -0.64565138 -0.05126107
vn 0.79824581 -0.60204137 -0.01870317
vn 0.72687249 -0.67002343 0.15074809
vn 0.62756586 -0.71225687 0.31440617
vn 0.50414223 -0.72711868 0.46598181
vn 0.36134469 -0.71403772 0.59965002
vn 0.20466088 -0.67351669 0.71027402
vn 0.04011207 -0.60711280 0.79360259
vn -0.12597822 -0.51737790 0.84643346
vn -0.28722725 -0.40776045 0.86673636
vn -0.43743829 -0.28247301 0.85373107
vn -0.57083882 -0.14633028 0.80791738
vn -0.68230234 -0.00456416 0.73105587
vn -0.76754536 0.13737735 0.62610030
vn -0.82329205 0.27403954 0.49708404
vn -0.84740008 0.40017053 0.34896512
vn -0.83894300 0.51092320 0.18743567
vn -0.79824581 0.60204137 0.01870317
vn -0.72687249 0.67002343 -0.15074809
vn -0.62756586 0.71225687 -0.31440617
vn -0.50414223 0.72711868 -0.46598181
vn -0.36134469 0.71403772 -0.59965002
vn -0.20466088 0.67351669 -0.71027402
vn -0.04011207 0.60711280 -0.79360259
vn 0.12597822 0.51737790 -0.84643346
vn 0.28722725 0.40776045 -0.86673636
vn 0.43743829 0.28247301 -0.85373107
vn 0.57083882 0.14633028 -0.80791738
vn 0.68230234 0.00456416 -0.73105587
vn 0.76754536 -0.13737735 -0.62610030
vn 0.82329205 -0.27403954 -0.49708404
vn 0.84740008 -0.40017053 -0.34896512
vn 0.83894300 -0.51092320 -0.18743567
vn 0.79824581 -0.60204137 -0.01870317
vn 0.83116358 -0.55585333 0.01393483
vn 0.75915775 -0.62472288 0.18275895
vn 0.65797791 -0.66958468 0.34455975
vn 0.53151235 -0.68871472 0.49311931
vn 0.38462107 -0.68137784 0.62272857
vn 0.22294902 -0.64785599 0.72840672
vn 0.05270916 -0.58943740 0.80609261
vn -0.11955629 -0.50836706 0.85280082
vn -0.28722725 -0.40776045 0.86673636
vn -0.44386023 -0.29148385 0.84736372
vn -0.58343591 -0.16400568 0.79542736
vn -0.70059047 -0.03022486 0.71292317
vn -0.79082174 0.10471748 0.60302175
vn -0.85066217 0.23563558 0.46994654
vn -0.87781213 0.35749834 0.31881154
vn -0.87122826 0.46562264 0.15542480
vn -0.83116358 0.55585333 -0.01393483
vn -0.75915775 0.62472288 -0.18275895
vn -0.65797791 0.66958468 -0.34455975
vn -0.53151235 0.68871472 -0.49311931
vn -0.38462107 0.68137784 -0.62272857
vn -0.22294902 0.64785599 -0.72840672
vn -0.05270916 0.58943740 -0.80609261
vn 0.11955629 0.50836706 -0.85280082
vn 0.28722725 0.40776045 -0.86673636
vn 0.44386023 0.29148385 -0.84736372
vn 0.58343591 0.16400568 -0.79542736
vn 0.70059047 0.03022486 -0.71292317
vn 0.79082174 -0.10471748 -0.60302175
vn 0.85066217 -0.23563558 -0.46994654
vn 0.87781213 -0.35749834 -0.31881154
vn 0.87122826 -0.46562264 -0.15542480
vn 0.83116358 -0.55585333 0.01393483
vn 0.86052218 -0.50728504 0.04651315
vn 0.78795223 -0.57708781 0.21471129
vn 0.68510172 -0.62471343 0.37465820
vn 0.55592313 -0.64833166 0.52020720
vn 0.40538073 -0.64703487 0.64576492
vn 0.23925978 -0.62087289 0.74650627
vn 0.06394421 -0.57085112 0.81855980
vn -0.11382871 -0.49889185 0.85915653
vn -0.28722725 -0.40776045 0.86673636
vn -0.44958781 -0.30095905 0.84100800
vn -0.59467096 -0.18259196 0.78296017
vn -0.71690124 -0.05720796 0.69482362
vn -0.81158140 0.07037451 0.57998539
vn -0.87507295 0.19525252 0.44285865
vn -0.90493594 0.31262709 0.28871310
vn -0.90002274 0.41798758 0.12347246
vn -0.86052218 0.50728504 -0.04651315
vn -0.78795223 0.57708781 -0.21471129
vn -0.68510172 0.62471343 -0.37465820
vn -0.55592313 0.64833166 -0.52020720
vn -0.40538073 0.64703487 -0.64576492
vn -0.23925978 0.62087289 -0.74650627
vn -0.06394421 0.57085112 -0.81855980
vn 0.11382871 0.49889185 -0.85915653
vn 0.28722725 0.40776045 -0.86673636
vn 0.44958781 0.30095905 -0.84100800
vn 0.59467096 0.18259196 -0.78296017
vn 0.71690124 0.05720796 -0.69482362
vn 0.81158140 -0.07037451 -0.57998539
vn 0.87507295 -0.19525252 -0.44285865
vn 0.90493594 -0.31262709 -0.28871310
vn 0.90002274 -0.41798758 -0.12347246
vn 0.86052218 -0.50728504 0.04651315
vn 0.88619589 -0.45654447 0.07889230
vn 0.81313263 -0.52732221 0.24646828
vn 0.70882113 -0.57783526 0.40457263
vn 0.57727004 -0.60614242 0.54712947
vn 0.42353479 -0.61115587 0.66866044
vn 0.25352333 -0.59268294 0.76449516
vn 0.07376911 -0.55143354 0.83095076
vn -0.10882002 -0.48899286 0.86547339
vn -0.28722725 -0.40776045 0.86673636
vn -0.45459650 -0.31085804 0.83469114
vn -0.60449586 -0.20200953 0.77056921
vn -0.73116478 -0.08539791 0.67683473
vn -0.82973546 0.03449551 0.55708988
vn -0.89641986 0.15306328 0.41593637
vn -0.92865535 0.26574892 0.25879866
vn -0.92520314 0.36822198 0.09171547
vn -0.88619589 0.45654447 -0.07889230
vn -0.81313263 0.52732221 -0.24646828
vn -0.70882113 0.57783526 -0.40457263
vn -0.57727004 0.60614242 -0.54712947
vn -0.42353479 0.61115587 -0.66866044
vn -0.25352333 0.59268294 -0.76449516
vn -0.07376911 0.55143354 -0.83095076
vn 0.10882002 0.48899286 -0.86547339
vn 0.28722725 0.40776045 -0.86673636
vn 0.45459650 0.31085804 -0.83469114
vn 0.60449586 0.20200953 -0.77056921
vn 0.73116478 0.08539791 -0.67683473
vn 0.82973546 -0.03449551 -0.55708988
vn 0.89641986 -0.15306328 -0.41593637
vn 0.92865535 -0.26574892 -0.25879866
vn 0.92520314 -0.36822198 -0.09171547
vn 0.88619589 -0.45654447 0.07889230
vn 0.90807477 -0.40384891 0.11093362
vn 0.83459111 -0.47563919 0.27789394
vn 0.72903459 -0.52915091 0.43417495
vn 0.59546167 -0.56232767 0.57377086
vn 0.43900549 -0.57389449 0.69131707
vn 0.26567858 -0.56340686 0.78229636
vn 0.08214179 -0.53126782 0.84321244
vn -0.10455166 -0.47871246 0.87172434
vn -0.28722725 -0.40776045 0.86673636
vn -0.45886486 -0.32113844 0.82844019
vn -0.61286855 -0.22217525 0.75830753
vn -0.74332004 -0.11467399 0.65903353
vn -0.84520616 -0.00276588 0.53443324
vn -0.91461149 0.10924853 0.38929499
vn -0.94886880 0.21706457 0.22919635
vn -0.94666162 0.31653895 0.06028981
vn -0.90807477 0.40384891 -0.11093362
vn -0.83459111 0.47563919 -0.27789394
vn -0.72903459 0.52915091 -0.43417495
vn -0.59546167 0.56232767 -0.57377086
vn -0.43900549 0.57389449 -0.69131707
vn -0.26567858 0.56340686 -0.78229636
vn -0.08214179 0.53126782 -0.84321244
vn 0.10455166 0.47871246 -0.87172434
vn 0.28722725 0.40776045 -0.86673636
vn 0.45886486 0.32113844 -0.82844019
vn 0.61286855 0.22217525 -0.75830753
vn 0.74332004 0.11467399 -0.65903353
vn 0.84520616 0.00276588 -0.53443324
vn 0.91461149 -0.10924853 -0.38929499
vn 0.94886880 -0.21706457 -0.22919635
vn 0.94666162 -0.31653895 -0.06028981
vn 0.90807477 -0.40384891 0.11093362
vn 0.92606514 -0.34942401 0.14249990
vn 0.85223580 -0.42226004 0.30885368
vn 0.74565552 -0.47886886 0.46333839
vn 0.61042011 -0.51707502 0.60001726
vn 0.45172660 -0.53541027 0.71363781
vn 0.27567350 -0.53317000 0.79983365
vn 0.08902641 -0.51044032 0.85529234
vn -0.10104191 -0.46809469 0.87788262
vn -0.28722725 -0.40776045 0.86673636
vn -0.46237460 -0.33175621 0.82228191
vn -0.61975316 -0.24300276 0.74622763
vn -0.75331495 -0.14491085 0.64149624
vn -0.85792727 -0.04125009 0.51211251
vn -0.92956993 0.06399588 0.36304858
vn -0.96548974 0.16678252 0.20003290
vn -0.96430631 0.26315981 0.02933007
vn -0.92606514 0.34942401 -0.14249990
vn -0.85223580 0.42226004 -0.30885368
vn -0.74565552 0.47886886 -0.46333839
vn -0.61042011 0.51707502 -0.60001726
vn -0.45172660 0.53541027 -0.71363781
vn -0.27567350 0.53317000 -0.79983365
vn -0.08902641 0.51044032 -0.85529234
vn 0.10104191 0.46809469 -0.87788262
vn 0.28722725 0.40776045 -0.86673636
vn 0.46237460 0.33175621 -0.82228191
vn 0.61975316 0.24300276 -0.74622763
vn 0.75331495 0.14491085 -0.64149624
vn 0.85792727 0.04125009 -0.51211251
vn 0.92956993 -0.06399588 -0.36304858
vn 0.96548974 -0.16678252 -0.20003290
vn 0.96430631 -0.26315981 -0.02933007
vn 0.92606514 -0.34942401 0.14249990
vn 0.94008995 -0.29350282 0.17345598
vn 0.86599113 -0.36741336 0.33921495
vn 0.75861276 -0.42720442 0.49193808
vn 0.62208132 -0.47057825 0.62575630
vn 0.46164365 -0.49586802 0.73552706
vn 0.28346527 -0.50210186 0.81703193
vn 0.09439347 -0.48904020 0.86713872
vn -0.09830581 -0.45718501 0.88392185
vn -0.28722725 -0.40776045 0.86673636
vn -0.46511071 -0.34266589 0.81624268
vn -0.62512022 -0.26440287 0.73438125
vn -0.76110672 -0.17597900 0.62429797
vn -0.86784431 -0.08079235 0.49022326
vn -0.94123114 0.01749911 0.33730955
vn -0.97844697 0.11511808 0.17143322
vn -0.97806164 0.20831313 -0.00103120
vn -0.94008995 0.29350282 -0.17345598
vn -0.86599113 0.36741336 -0.33921495
vn -0.75861276 0.42720442 -0.49193808
vn -0.62208132 0.47057825 -0.62575630
vn -0.46164365 0.49586802 -0.73552706
vn -0.28346527 0.50210186 -0.81703193
vn -0.09439347 0.48904020 -0.86713872
vn 0.09830581 0.45718501 -0.88392185
vn 0.28722725 0.40776045 -0.86673636
vn 0.46511071 0.34266589 -0.81624268
vn 0.62512022 0.26440287 -0.73438125
vn 0.76110672 0.17597900 -0.62429797
vn 0.86784431 0.08079235 -0.49022326
vn 0.94123114 -0.01749911 -0.33730955
vn 0.97844697 -0.11511808 -0.17143322
vn 0.97806164 -0.20831313 0.00103120
vn 0.94008995 -0.29350282 0.17345598
vn 0.95008916 -0.23632481 0.20366929
vn 0.87579820 -0.31133401 0.36884772
vn 0.76785082 -0.37437882 0.51985154
vn 0.63039535 -0.42303647 0.65087775
vn 0.46871415 -0.45543706 0.75689110
vn 0.28902053 -0.47033545 0.83381754
vn 0.09822000 -0.46715913 0.87870085
vn -0.09635506 -0.44603013 0.88981617
vn -0.28722725 -0.40776045 0.86673636
vn -0.46706146 -0.35382077 0.81034836
vn -0.62894675 -0.28628395 0.72281912
vn -0.76666198 -0.20774540 0.60751235
vn -0.87491482 -0.12122331 0.46885922
vn -0.94954517 -0.03004267 0.31218809
vn -0.98768503 0.06229248 0.14351975
vn -0.98786872 0.15223377 -0.03066397
vn -0.95008916 0.23632481 -0.20366929
vn -0.87579820 0.31133401 -0.36884772
vn -0.76785082 0.37437882 -0.51985154
vn -0.63039535 0.42303647 -0.65087775
vn -0.46871415 0.45543706 -0.75689110
vn -0.28902053 0.47033545 -0.83381754
vn -0.09822000 0.46715913 -0.87870085
vn 0.09635506 0.44603013 -0.88981617
vn 0.28722725 0.40776045 -0.86673636
vn 0.46706146 0.35382077 -0.81034836
vn 0.62894675 0.28628395 -0.72281912
vn 0.76666198 0.20774540 -0.60751235
vn 0.87491482 0.12122331 -0.46885922
vn 0.94954517 0.03004267 -0.31218809
vn 0.98768503 -0.06229248 -0.14351975
vn 0.98786872 -0.15223377 0.03066397
vn 0.95008916 -0.23632481 0.20366929
vn 0.95601993 -0.17813482 0.23301046
vn 0.88161502 -0.25426212 0.39762511
vn 0.77333014 -0.32061828 0.54695924
vn 0.63532661 -0.37465326 0.67527404
vn 0.47290784 -0.41429052 0.77763844
vn 0.29231549 -0.43800683 0.85011862
vn 0.10048961 -0.44489078 0.88992923
vn -0.09519802 -0.43467783 0.89554035
vn -0.28722725 -0.40776045 0.86673636
vn -0.46821849 -0.36517307 0.80462418
vn -0.63121636 -0.30855229 0.71159074
vn -0.76995694 -0.24007402 0.59121127
vn -0.87910851 -0.16236985 0.44811188
vn -0.95447643 -0.07842588 0.28779180
vn -0.99316436 0.00853194 0.11641205
vn -0.99368553 0.09516189 -0.05944136
vn -0.95601993 0.17813482 -0.23301046
vn -0.88161502 0.25426212 -0.39762511
vn -0.77333014 0.32061828 -0.54695924
vn -0.63532661 0.37465326 -0.67527404
vn -0.47290784 0.41429052 -0.77763844
vn -0.29231549 0.43800683 -0.85011862
vn -0.10048961 0.44489078 -0.88992923
vn 0.09519802 0.43467783 -0.89554035
vn 0.28722725 0.40776045 -0.86673636
vn 0.46821849 0.36517307 -0.80462418
vn 0.63121636 0.30855229 -0.71159074
vn 0.76995694 0.24007402 -0.59121127
vn 0.87910851 0.16236985 -0.44811188
vn 0.95447643 0.07842588 -0.28779180
vn 0.99316436 -0.00853194 -0.11641205
vn 0.99368553 -0.09516189 0.05944136
vn 0.95601993 -0.17813482 0.23301046
vn 0.95785689 -0.11918202 0.26135385
vn 0.88341668 -0.19644209 0.42542388
vn 0.77502726 -0.26615300 0.57314511
vn 0.63685398 -0.32563580 0.69884070
vn 0.47420676 -0.37260460 0.79768024
vn 0.29333604 -0.40525441 0.86586536
vn 0.10119259 -0.42233052 0.90077577
vn -0.09483965 -0.42317671 0.90106987
vn -0.28722725 -0.40776045 0.86673636
vn -0.46857686 -0.37667419 0.79909466
vn -0.63191934 -0.33111255 0.70074420
vn -0.77097750 -0.27282644 0.57546453
vn -0.88040743 -0.20405577 0.42807008
vn -0.95600380 -0.12744334 0.26422514
vn -0.99486148 -0.04593334 0.09022618
vn -0.99548719 0.03734186 -0.08724013
vn -0.95785689 0.11918202 -0.26135385
vn -0.88341668 0.19644209 -0.42542388
vn -0.77502726 0.26615300 -0.57314511
vn -0.63685398 0.32563580 -0.69884070
vn -0.47420676 0.37260460 -0.79768024
vn -0.29333604 0.40525441 -0.86586536
vn -0.10119259 0.42233052 -0.90077577
vn 0.09483965 0.42317671 -0.90106987
vn 0.28722725 0.40776045 -0.86673636
vn 0.46857686 0.37667419 -0.79909466
vn 0.63191934 0.33111255 -0.70074420
vn 0.77097750 0.27282644 -0.57546453
vn 0.88040743 0.20405577 -0.42807008
vn 0.95600380 0.12744334 -0.26422514
vn 0.99486148 0.04593334 -0.09022618
vn 0.99548719 -0.03734186 0.08724013
vn 0.95785689 -0.11918202 0.26135385
vn 0.95559215 -0.05971887 0.28857807
vn 0.88119546 -0.13812151 0.45212500
vn 0.77293492 -0.21121622 0.59829702
vn 0.63497092 -0.27619400 0.72147682
vn 0.47260535 -0.33055780 0.81693067
vn 0.29207782 -0.37221845 0.88099033
vn 0.10032591 -0.39957496 0.91119403
vn -0.09528148 -0.41157602 0.90638105
vn -0.28722725 -0.40776045 0.86673636
vn -0.46813504 -0.38827488 0.79378348
vn -0.63105266 -0.35386811 0.69032594
vn -0.76971928 -0.30586240 0.56033956
vn -0.87880602 -0.24610256 0.40881965
vn -0.95412074 -0.17688514 0.24158903
vn -0.99276914 -0.10087012 0.06507427
vn -0.99326597 -0.02097873 -0.11394125
vn -0.95559215 0.05971887 -0.28857807
vn -0.88119546 0.13812151 -0.45212500
vn -0.77293492 0.21121622 -0.59829702
vn -0.63497092 0.27619400 -0.72147682
vn -0.47260535 0.33055780 -0.81693067
vn -0.29207782 0.37221845 -0.88099033
vn -0.10032591 0.39957496 -0.91119403
vn 0.09528148 0.41157602 -0.90638105
vn 0.28722725 0.40776045 -0.86673636
vn 0.46813504 0.38827488 -0.79378348
vn 0.63105266 0.35386811 -0.69032594
vn 0.76971928 0.30586240 -0.56033956
vn 0.87880602 0.24610256 -0.40881965
vn 0.95412074 0.17688514 -0.24158903
vn 0.99276914 0.10087012 -0.06507427
vn 0.99326597 0.02097873 0.11394125
vn 0.95559215 -0.05971887 0.28857807
vn 0.94923542 -0.00000000 0.31456656
vn 0.87496087 -0.07955012 0.47761413
vn 0.76706207 -0.15604317 0.62230725
vn 0.62968550 -0.22653957 0.74308546
vn 0.46811047 -0.28833018 0.83530731
vn 0.28854621 -0.33904043 0.89542876
vn 0.09789329 -0.37672154 0.92113940
vn -0.09652161 -0.39992545 0.91145116
vn -0.28722725 -0.40776045 0.86673636
vn -0.46689490 -0.39992545 0.78871337
vn -0.62862004 -0.37672154 0.68038057
vn -0.76618767 -0.33904043 0.54590113
vn -0.87431114 -0.28833018 0.39044301
vn -0.94883531 -0.22653957 0.21998039
vn -0.98689628 -0.15604317 0.04106404
vn -0.98703138 -0.07955012 -0.13943038
vn -0.94923542 0.00000000 -0.31456656
vn -0.87496087 0.07955012 -0.47761413
vn -0.76706207 0.15604317 -0.62230725
vn -0.62968550 0.22653957 -0.74308546
vn -0.46811047 0.28833018 -0.83530731
vn -0.28854621 0.33904043 -0.89542876
vn -0.09789329 0.37672154 -0.92113940
vn 0.09652161 0.39992545 -0.91145116
vn 0.28722725 0.40776045 -0.86673636
vn 0.46689490 0.39992545 -0.78871337
vn 0.62862004 0.37672154 -0.68038057
vn 0.76618767 0.33904043 -0.54590113
vn 0.87431114 0.28833018 -0.39044301
vn 0.94883531 0.22653957 -0.21998039
vn 0.98689628 0.15604317 -0.04106404
vn 0.98703138 0.07955012 0.13943038
vn 0.94923542 -0.00000000 0.31456656
vn 0.28722725 0.40776045 -0.86673636
vn 0.37888551 0.40579698 -0.83172987
vn 0.46689490 0.39992545 -0.78871337
vn 0.55040784 0.39020242 -0.73810113
vn 0.62862004 0.37672154 -0.68038057
vn 0.70077830 0.35961261 -0.61610758
vn 0.76618767 0.33904043 -0.54590113
vn 0.82421824 0.31520309 -0.47043735
vn 0.87431114 0.28833018 -0.39044301
vn 0.91598394 0.25868049 -0.30668849
vn 0.94883531 0.22653957 -0.21998039
vn 0.97254889 0.19221695 -0.13115375
vn 0.98689628 0.15604317 -0.04106404
vn 0.99173933 0.11836661 0.04942115
vn 0.98703138 0.07955012 0.13943038
vn 0.97281778 0.03996751 0.22809682
vn 0.94923542 0.00000000 0.31456656
vn 0.91651140 -0.03996751 0.39800686
vn 0.87496087 -0.07955012 0.47761413
vn 0.82498399 -0.11836661 0.55262172
vn 0.76706207 -0.15604317 0.62230725
vn 0.70175291 -0.19221695 0.68599963
vn 0.62968550 -0.22653957 0.74308546
vn 0.55155386 -0.25868049 0.79301497
vn 0.46811047 -0.28833018 0.83530731
vn 0.38015891 -0.31520309 0.86955518
vn 0.28854621 -0.33904043 0.89542876
vn 0.19415466 -0.35961261 0.91267888
vn 0.09789329 -0.37672154 0.92113940
vn 0.00068916 -0.39020242 0.92072884
vn -0.09652161 -0.39992545 0.91145116
vn -0.19280283 -0.40579698 0.89339570
vn -0.28722725 -0.40776045 0.86673636
vn 0.28722725 0.40776045 -0.86673636
vn 0.37720518 0.41456935 -0.82815971
vn 0.46355041 0.41738572 -0.78160743
vn 0.54543141 0.41618243 -0.72752785
vn 0.62205960 0.41097108 -0.66644177
vn 0.69269701 0.40180185 -0.59893749
vn 0.75666338 0.38876305 -0.52566512
vn 0.81334266 0.37198026 -0.44733031
vn 0.86218901 0.35161508 -0.36468746
vn 0.90273201 0.32786367 -0.27853247
vn 0.93458120 0.30095474 -0.18969506
vn 0.95742987 0.27114746 -0.09903078
vn 0.97105797 0.23872888 -0.00741278
vn 0.97533424 0.20401121 0.08427660
vn 0.97021751 0.16732880 0.17515436
vn 0.95575706 0.12903492 0.26434528
vn 0.93209215 0.08949837 0.35099042
vn 0.89945067 0.04909989 0.43425532
vn 0.85814700 0.00822856 0.51333811
vn 0.80857890 -0.03272201 0.58747717
vn 0.75122375 -0.07335746 0.65595851
vn 0.68663390 -0.11328643 0.71812260
vn 0.61543139 -0.15212440 0.77337079
vn 0.53830194 -0.18949732 0.82117099
vn 0.45598834 -0.22504528 0.86106286
vn 0.36928333 -0.25842593 0.89266223
vn 0.27902192 -0.28931780 0.91566477
vn 0.18607338 -0.31742338 0.92984897
vn 0.09133285 -0.34247199 0.93507820
vn -0.00428727 -0.36422242 0.93130212
vn -0.09986610 -0.38246519 0.91855710
vn -0.19448316 -0.39702460 0.89696587
vn -0.28722725 -0.40776045 0.86673636
vn 0.28722725 0.40776045 -0.86673636
vn 0.37464499 0.42325724 -0.82492087
vn 0.45845469 0.43467783 -0.77516094
vn 0.53784922 0.44191223 -0.71793579
vn 0.61206397 0.44489078 -0.65379652
vn 0.68038421 0.44358479 -0.58336083
vn 0.74215198 0.43800683 -0.50730706
vn 0.79677242 0.42821062 -0.42636765
vn 0.84371950 0.41429052 -0.34132208
vn 0.88254111 0.39638057 -0.25298940
vn 0.91286336 0.37465326 -0.16222029
vn 0.93439424 0.34931783 -0.06988890
vn 0.94692639 0.32061828 0.02311555
vn 0.95033912 0.28883100 0.11589738
vn 0.94459957 0.25426212 0.20756306
vn 0.92976301 0.21724456 0.29722979
vn 0.90597232 0.17813482 0.38403404
vn 0.87345662 0.13730953 0.46713983
vn 0.83252906 0.09516189 0.54574681
vn 0.78358379 0.05209778 0.61909795
vn 0.72709217 0.00853194 0.68648684
vn 0.66359827 -0.03511607 0.74726448
vn 0.59371354 -0.07842588 0.80084556
vn 0.51811104 -0.12098042 0.84671406
vn 0.43751884 -0.16236985 0.88442823
vn 0.35271309 -0.20219556 0.91362489
vn 0.26451052 -0.24007402 0.93402283
vn 0.17376058 -0.27564044 0.94542562
vn 0.08133722 -0.30855229 0.94772345
vn -0.01186946 -0.33849262 0.94089418
vn -0.10496183 -0.36517307 0.92500359
vn -0.19704335 -0.38833671 0.90020471
vn -0.28722725 -0.40776045 0.86673636
vn 0.28722725 0.40776045 -0.86673636
vn 0.37122959 0.43177698 -0.82204454
vn 0.45165680 0.45163526 -0.76943598
vn 0.52773430 0.46714404 -0.70941733
vn 0.59872943 0.47815397 -0.64256661
vn 0.66395847 0.48455902 -0.56952762
vn 0.72279323 0.48629750 -0.49100376
vn 0.77466709 0.48335267 -0.40775127
vn 0.81908048 0.47575288 -0.32057192
vn 0.85560569 0.46357134 -0.23030528
vn 0.88389094 0.44692535 -0.13782067
vn 0.90366384 0.42597523 -0.04400878
vn 0.91473396 0.40092273 0.05022695
vn 0.91699469 0.37200913 0.14397895
vn 0.91042427 0.33951287 0.23634437
vn 0.89508596 0.30374693 0.32643366
vn 0.87112748 0.26505573 0.41337921
vn 0.83877957 0.22381190 0.49634370
vn 0.79835376 0.18041264 0.57452812
vn 0.75023936 0.13527591 0.64717953
vn 0.69489974 0.08883639 0.71359824
vn 0.63286786 0.04154134 0.77314461
vn 0.56474112 -0.00615379 0.82524517
vn 0.49117561 -0.05378964 0.86939818
vn 0.41287982 -0.10090748 0.90517840
vn 0.33060776 -0.14705352 0.93224126
vn 0.24515177 -0.19178335 0.95032613
vn 0.15733484 -0.23466621 0.95925884
vn 0.06800268 -0.27528910 0.95895336
vn -0.02198438 -0.31326081 0.94941264
vn -0.11175972 -0.34821564 0.93072855
vn -0.20045875 -0.37981697 0.90308104
vn -0.28722725 -0.40776045 0.86673636
vn 0.28722725 0.40776045 -0.86673636
vn 0.36699189 0.44004652 -0.81955842
vn 0.44322221 0.46809469 -0.76448769
vn 0.51518405 0.49163486 -0.70205452
vn 0.58218439 0.51044032 -0.63286019
vn 0.64357798 0.52432995 -0.55757106
vn 0.69877355 0.53317000 -0.47691222
vn 0.74723956 0.53687534 -0.39166046
vn 0.78850924 0.53541027 -0.30263679
vn 0.82218514 0.52878891 -0.21069856
vn 0.84794296 0.51707502 -0.11673119
vn 0.86553461 0.50038141 -0.02163964
vn 0.87479070 0.47886886 0.07366032
vn 0.87562208 0.45274454 0.16825089
vn 0.86802073 0.42226004 0.26122110
vn 0.85205987 0.38770895 0.35167562
vn 0.82789321 0.34942401 0.43874331
vn 0.79575349 0.30777392 0.52158566
vn 0.75595022 0.26315981 0.59940486
vn 0.70886674 0.21601132 0.67145146
vn 0.65495648 0.16678252 0.73703161
vn 0.59473864 0.11594752 0.79551375
vn 0.52879314 0.06399588 0.84633465
vn 0.45775507 0.01142792 0.88900489
vn 0.38230857 -0.04125009 0.92311353
vn 0.30318023 -0.09353085 0.94833208
vn 0.22113210 -0.14491085 0.96441767
vn 0.13695434 -0.19489528 0.97121539
vn 0.05145764 -0.24300276 0.96865978
vn -0.03453463 -0.28876999 0.95677545
vn -0.12019430 -0.33175621 0.93567684
vn -0.20469644 -0.37154743 0.90556715
vn -0.28722725 -0.40776045 0.86673636
vn 0.28722725 0.40776045 -0.86673636
vn 0.36197270 0.44798621 -0.81748646
vn 0.43323215 0.48389762 -0.76036372
vn 0.50031935 0.51514883 -0.69591827
vn 0.56258819 0.54143887 -0.62477073
vn 0.61943900 0.56251457 -0.54760632
vn 0.67032428 0.57817294 -0.46516816
vn 0.71475397 0.58826318 -0.37825017
vn 0.75230018 0.59268814 -0.28768943
vn 0.78260134 0.59140518 -0.19435808
vn 0.80536561 0.58442666 -0.09915495
vn 0.82037378 0.57181980 -0.00299691
vn 0.82748129 0.55370600 0.09318999
vn 0.82661971 0.53025971 0.18847942
vn 0.81779733 0.50170673 0.28195369
vn 0.80109911 0.46832204 0.37271260
vn 0.77668588 0.43042715 0.45988207
vn 0.74479273 0.38838701 0.54262263
vn 0.70572682 0.34260649 0.62013744
vn 0.65986437 0.29352649 0.69167999
vn 0.60764708 0.24161966 0.75656128
vn 0.54957780 0.18738591 0.81415647
vn 0.48621580 0.13134752 0.86391089
vn 0.41817126 0.07404419 0.90534538
vn 0.34609952 0.01602777 0.93806089
vn 0.27069464 -0.04214300 0.96174237
vn 0.19268283 -0.09990792 0.97616174
vn 0.11281537 -0.15671066 0.98118014
vn 0.03186144 -0.21200420 0.97674924
vn -0.04939933 -0.26525602 0.96291170
vn -0.13018436 -0.31595328 0.93980081
vn -0.20971564 -0.36360774 0.90763912
vn -0.28722725 -0.40776045 0.86673636
vn 0.28722725 0.40776045 -0.86673636
vn 0.35622034 0.45551960 -0.81584861
vn 0.42178284 0.49889185 -0.75710379
vn 0.48328334 0.53745950 -0.69106765
vn 0.54012956 0.57085112 -0.61837615
vn 0.59177403 0.59874512 -0.53972935
vn 0.63771940 0.62087289 -0.45588466
vn 0.67752317 0.63702131 -0.36764956
vn 0.71080204 0.64703487 -0.27587378
vn 0.73723548 0.65081713 -0.18144119
vn 0.75656895 0.64833166 -0.08526122
vn 0.76861625 0.63960241 0.01173986
vn 0.77326135 0.62471343 0.10862787
vn 0.77045952 0.60380812 0.20446975
vn 0.76023775 0.57708781 0.29834246
vn 0.74269447 0.54480983 0.38934198
vn 0.71799863 0.50728504 0.47659192
vn 0.68638808 0.46487481 0.55925202
vn 0.64816723 0.41798758 0.63652622
vn 0.60370418 0.36707490 0.70767032
vn 0.55342713 0.31262709 0.77199917
vn 0.49782027 0.25516851 0.82889324
vn 0.43741914 0.19525252 0.87780462
vn 0.37280541 0.13345614 0.91826226
vn 0.30460137 0.07037451 0.94987654
vn 0.23346385 0.00661513 0.97234298
vn 0.16007794 -0.05720796 0.98544523
vn 0.08515039 -0.12048010 0.98905710
vn 0.00940281 -0.18259196 0.98314382
vn -0.06643534 -0.24294535 0.96776232
vn -0.14163367 -0.30095905 0.94306074
vn -0.21546800 -0.35607435 0.90927697
vn -0.28722725 -0.40776045 0.86673636
vn 0.28722725 0.40776045 -0.86673636
vn 0.34979023 0.46257414 -0.81466064
vn 0.40898453 0.51293298 -0.75473930
vn 0.46424009 0.55835200 -0.68754940
vn 0.51502477 0.59839378 -0.61373803
vn 0.56084948 0.63267271 -0.53401602
vn 0.60127290 0.66085865 -0.44915115
vn 0.63590573 0.68268016 -0.35996070
vn 0.66441444 0.69792708 -0.26730364
vn 0.68652448 0.70645259 -0.17207230
vn 0.70202291 0.70817457 -0.07518381
vn 0.71076048 0.70307645 0.02242875
vn 0.71265304 0.69120731 0.11982530
vn 0.70768236 0.67268147 0.21606787
vn 0.69589631 0.64767734 0.31022959
vn 0.67740839 0.61643572 0.40140362
vn 0.65239667 0.57925749 0.48871193
vn 0.62110201 0.53650069 0.57131366
vn 0.58382579 0.48857710 0.64841334
vn 0.54092702 0.43594825 0.71926844
vn 0.49281882 0.37912097 0.78319659
vn 0.43996451 0.31864255 0.83958213
vn 0.38287310 0.25509543 0.88788204
vn 0.32209441 0.18909160 0.92763115
vn 0.25821377 0.12126672 0.95844668
vn 0.19184640 0.05227397 0.98003183
vn 0.12363144 -0.01722221 0.99217875
vn 0.05422584 -0.08655252 0.99477044
vn -0.01570198 -0.15504929 0.98778194
vn -0.08547858 -0.22205285 0.97128057
vn -0.15443198 -0.28691792 0.94542523
vn -0.22189811 -0.34901981 0.91046493
vn -0.28722725 -0.40776045 0.86673636
vn 0.28722725 0.40776045 -0.86673636
vn 0.34274427 0.46908188 -0.81393400
vn 0.39496048 0.52588579 -0.75329301
vn 0.44337301 0.57762513 -0.68539739
vn 0.48751561 0.62380162 -0.61090103
vn 0.52696317 0.66397057 -0.53052135
vn 0.56133579 0.69774511 -0.44503246
vn 0.59030243 0.72479999 -0.35525767
vn 0.61358414 0.74487465 -0.26206155
vn 0.63095670 0.75777576 -0.16634163
vn 0.64225280 0.76337907 -0.06901975
vn 0.64736366 0.76163063 0.02896682
vn 0.64624005 0.75254727 0.12667443
vn 0.63889279 0.73621646 0.22316209
vn 0.62539265 0.71279549 0.31750058
vn 0.60586964 0.68250991 0.40878137
vn 0.58051177 0.64565138 0.49612537
vn 0.54956325 0.60257488 0.57869141
vn 0.51332214 0.55369525 0.65568433
vn 0.47213746 0.49948324 0.72636266
vn 0.42640583 0.44046093 0.79004572
vn 0.37656768 0.37719674 0.84612020
vn 0.32310299 0.31029993 0.89404609
vn 0.26652663 0.24041477 0.93336182
vn 0.20738347 0.16821429 0.96368877
vn 0.14624310 0.09439381 0.98473487
vn 0.08369433 0.01966426 0.99629743
vn 0.02033954 -0.05525466 0.99826511
vn -0.04321114 -0.12964145 0.99061894
vn -0.10634567 -0.20277972 0.97343258
vn -0.16845603 -0.27396511 0.94687152
vn -0.22894407 -0.34251207 0.91119158
vn -0.28722725 -0.40776045 0.86673636
vn 0.28722725 0.40776045 -0.86673636
vn 0.33515034 0.47498015 -0.81367568
vn 0.37984575 0.53762552 -0.75277885
vn 0.42088305 0.59509327 -0.68463235
vn 0.45786700 0.64682995 -0.60989247
vn 0.49044145 0.69233730 -0.52927899
vn 0.51829268 0.73117706 -0.44356826
vn 0.54115247 0.76297519 -0.35358573
vn 0.55880066 0.78742545 -0.26019798
vn 0.57106729 0.80429237 -0.16430437
vn 0.57783424 0.81341352 -0.06682843
vn 0.57903633 0.81470105 0.03129111
vn 0.57466198 0.80814256 0.12910930
vn 0.56475332 0.79380122 0.22568409
vn 0.54940578 0.77181514 0.32008543
vn 0.52876716 0.74239606 0.41140416
vn 0.50303622 0.70582730 0.49876085
vn 0.47246077 0.66246103 0.58131420
vn 0.43733527 0.61271490 0.65826918
vn 0.39799798 0.55706800 0.72888466
vn 0.35482776 0.49605622 0.79248059
vn 0.30824035 0.43026715 0.84844449
vn 0.25868442 0.36033438 0.89623742
vn 0.20663722 0.28693138 0.93539908
vn 0.15259999 0.21076509 0.96555234
vn 0.09709314 0.13256900 0.98640680
vn 0.04065122 0.05309621 0.99776163
vn -0.01618218 -0.02688793 0.99950747
vn -0.07285975 -0.10661312 0.99162750
vn -0.12883563 -0.18531158 0.97419762
vn -0.18357076 -0.26222538 0.94738568
vn -0.23653800 -0.33661380 0.91144990
vn -0.28722725 -0.40776045 0.86673636
vn 0.28722725 0.40776045 -0.86673636
vn 0.32708156 0.48021215 -0.81388816
vn 0.36378591 0.54803914 -0.75320178
vn 0.39698679 0.61058821 -0.68526165
vn 0.42636448 0.66725698 -0.61072207
vn 0.45163604 0.71749971 -0.53030091
vn 0.47255810 0.76083252 -0.44477266
vn 0.48892917 0.79683809 -0.35496101
vn 0.50059159 0.82516969 -0.26173088
vn 0.50743303 0.84555444 -0.16598015
vn 0.50938761 0.85779604 -0.06863094
vn 0.50643652 0.86177660 0.02937923
vn 0.49860816 0.85745778 0.12710646
vn 0.48597793 0.84488118 0.22360958
vn 0.46866747 0.82416790 0.31795923
vn 0.44684349 0.79551744 0.40924675
vn 0.42071616 0.75920571 0.49659300
vn 0.39053711 0.71558241 0.57915679
vn 0.35659696 0.66506766 0.65614298
vn 0.31922260 0.60814795 0.72681016
vn 0.27877394 0.54537144 0.79047775
vn 0.23564054 0.47734271 0.84653262
vn 0.19023780 0.40471691 0.89443491
vn 0.14300295 0.32819345 0.93372331
vn 0.09439092 0.24850932 0.96401944
vn 0.04486984 0.16643191 0.98503153
vn -0.00508335 0.08275167 0.99655723
vn -0.05498759 -0.00172552 0.99848555
vn -0.10436227 -0.08618609 0.99079790
vn -0.15273188 -0.16981664 0.97356832
vn -0.19963060 -0.25181176 0.94696275
vn -0.24460677 -0.33138180 0.91123742
vn -0.28722725 -0.40776045 0.86673636
vn 0.28722725 0.40776045 -0.86673636
vn 0.31861565 0.48472749 -0.81456941
vn 0.34693561 0.55702633 -0.75455772
vn 0.37191439 0.62396071 -0.68727922
vn 0.39331143 0.68488600 -0.61338184
vn 0.41092066 0.73921547 -0.53357727
vn 0.42457251 0.78642589 -0.44863405
vn 0.43413549 0.82606259 -0.35937024
vn 0.43951751 0.85774386 -0.26664550
vn 0.44066673 0.88116459 -0.17135282
vn 0.43757210 0.89609923 -0.07440991
vn 0.43026340 0.90240393 0.02324960
vn 0.41881103 0.90001800 0.12068520
vn 0.40332529 0.88896440 0.21695855
vn 0.38395530 0.86934958 0.31114246
vn 0.36088761 0.84136246 0.40232990
vn 0.33434438 0.80527255 0.48964268
vn 0.30458122 0.76142743 0.57223994
vn 0.27188479 0.71024935 0.64932621
vn 0.23656995 0.65223118 0.72015912
vn 0.19897682 0.58793166 0.78405650
vn 0.15946743 0.51797004 0.84040298
vn 0.11842228 0.44302009 0.88865593
vn 0.07623666 0.36380361 0.92835064
vn 0.03331684 0.28108350 0.95910482
vn -0.00992384 0.19565641 0.98062230
vn -0.05306895 0.10834503 0.99269584
vn -0.09570297 0.01999024 0.99520919
vn -0.13741532 -0.06855707 0.98813813
vn -0.17780429 -0.15644414 0.97155075
vn -0.21648090 -0.24282457 0.94560681
vn -0.25307269 -0.32686646 0.91055616
vn -0.28722725 -0.40776045 0.86673636
vn 0.28722725 0.40776045 -0.86673636
vn 0.30983413 0.48848268 -0.81571287
vn 0.32945713 0.56450056 -0.75683361
vn 0.34590729 0.63508199 -0.69066563
vn 0.35902617 0.69954723 -0.61784617
vn 0.36868743 0.75727545 -0.53907651
vn 0.37479803 0.80771069 -0.45511524
vn 0.37729911 0.85036723 -0.36677097
vn 0.37616661 0.88483428 -0.27489450
vn 0.37141141 0.91077988 -0.18037064
vn 0.36307932 0.92795418 -0.08410971
vn 0.35125057 0.93619178 0.01296124
vn 0.33603909 0.93541333 0.10990737
vn 0.31759137 0.92562634 0.20579503
vn 0.29608507 0.90692507 0.29970077
vn 0.27172731 0.87948961 0.39072023
vn 0.24475267 0.84358418 0.47797684
vn 0.21542093 0.79955458 0.56063027
vn 0.18401456 0.74782483 0.63788452
vn 0.15083603 0.68889312 0.70899560
vn 0.11620487 0.62332699 0.77327866
vn 0.08045460 0.55175788 0.83011463
vn 0.04392950 0.47487504 0.87895614
vn 0.00698134 0.39341890 0.91933282
vn -0.03003406 0.30817392 0.95085582
vn -0.06676021 0.21996105 0.97322156
vn -0.10284343 0.12962984 0.98621465
vn -0.13793621 0.03805022 0.98970995
vn -0.17170058 -0.05389585 0.98367380
vn -0.20381139 -0.14532286 0.96816434
vn -0.23395938 -0.23535034 0.94333092
vn -0.26185421 -0.32311127 0.90941271
vn -0.28722725 -0.40776045 0.86673636
vn 0.28722725 0.40776045 -0.86673636
vn 0.30082157 0.49144157 -0.81730751
vn 0.31151881 0.57038984 -0.76000754
vn 0.31921596 0.64384494 -0.69538828
vn 0.32383888 0.71109947 -0.62407205
vn 0.32534306 0.77150571 -0.54674567
vn 0.32371401 0.82448194 -0.46415383
vn 0.31896741 0.86951795 -0.37709193
vn 0.31114898 0.90618003 -0.28639843
vn 0.30033402 0.93411510 -0.19294676
vn 0.28662668 0.95305413 -0.09763691
vn 0.27015896 0.96281473 -0.00138675
vn 0.25108947 0.96330290 0.09487675
vn 0.22960185 0.95451394 0.19022655
vn 0.20590304 0.93653248 0.28374435
vn 0.18022126 0.90953170 0.37452955
vn 0.15280386 0.87377164 0.46170781
vn 0.12391488 0.82959667 0.54443958
vn 0.09383252 0.77743224 0.62192810
vn 0.06284651 0.71778071 0.69342712
vn 0.03125525 0.65121656 0.75824805
vn -0.00063701 0.57838084 0.81576663
vn -0.03252314 0.49997499 0.86542894
vn -0.06409605 0.41675412 0.90675669
vn -0.09505169 0.32951967 0.93935189
vn -0.12509192 0.23911177 0.96290060
vn -0.15392745 0.14640109 0.97717606
vn -0.18128058 0.05228048 0.98204079
vn -0.20688787 -0.04234361 0.97744792
vn -0.23050272 -0.13655991 0.96344169
vn -0.25189770 -0.22946106 0.94015699
vn -0.27086677 -0.32015238 0.90781807
vn -0.28722725 -0.40776045 0.86673636
vn 0.28722725 0.40776045 -0.86673636
vn 0.29166477 0.49357566 -0.81933799
vn 0.29329340 0.57463746 -0.76404894
vn 0.29209745 0.65016518 -0.70140168
vn 0.28808845 0.71943146 -0.63199954
vn 0.28130499 0.78176922 -0.55651090
vn 0.27181242 0.83657812 -0.47566276
vn 0.25970214 0.88333031 -0.39023372
vn 0.24509079 0.92157555 -0.30104652
vn 0.22811908 0.95094552 -0.20896007
vn 0.20895046 0.97115735 -0.11486123
vn 0.18776953 0.98201641 -0.01965621
vn 0.16478028 0.98341812 0.07573811
vn 0.14020411 0.97534897 0.17040303
vn 0.11427769 0.95788668 0.26342687
vn 0.08725072 0.93119942 0.35391378
vn 0.05938347 0.89554419 0.44099229
vn 0.03094433 0.85126439 0.52382381
vn 0.00220718 0.79878644 0.60161063
vn -0.02655123 0.73861575 0.67360360
vn -0.05505394 0.67133178 0.73910940
vn -0.08302644 0.59758252 0.79749717
vn -0.11019936 0.51807821 0.84820461
vn -0.13631099 0.43358453 0.89074338
vn -0.16110988 0.34491519 0.92470380
vn -0.18435719 0.25292413 0.94975882
vn -0.20582904 0.15849727 0.96566714
vn -0.22531864 0.06254400 0.97227556
vn -0.24263831 -0.03401161 0.96952043
vn -0.25762123 -0.13023967 0.95742829
vn -0.27012312 -0.22521345 0.93611559
vn -0.28002357 -0.31801829 0.90578759
vn -0.28722725 -0.40776045 0.86673636
vn 0.28722725 0.40776045 -0.86673636
vn 0.28245191 0.49486438 -0.82178474
vn 0.27495641 0.57720250 -0.76891888
vn 0.26481293 0.65398184 -0.70864792
vn 0.25211915 0.72446297 -0.64155228
vn 0.23699733 0.78796714 -0.56827815
vn 0.21959310 0.84388275 -0.48953119
vn 0.20007406 0.89167130 -0.40606977
vn 0.17862820 0.93087258 -0.31869768
vn 0.15546206 0.96110904 -0.22825636
vn 0.13079873 0.98208949 -0.13561681
vn 0.10487574 0.99361189 -0.04167119
vn 0.07794273 0.99556526 0.05267575
vn 0.05025910 0.98793080 0.14651539
vn 0.02209144 0.97078202 0.23894400
vn -0.00628897 0.94428408 0.32907146
vn -0.03460882 0.90869217 0.41602978
vn -0.06259536 0.86434905 0.49898150
vn -0.08997908 0.81168178 0.57712776
vn -0.11649624 0.75119758 0.64971596
vn -0.14189149 0.68347893 0.71604704
vn -0.16592024 0.60917800 0.77548220
vn -0.18835109 0.52901035 0.82744904
vn -0.20896801 0.44374805 0.87144709
vn -0.22757246 0.35421221 0.90705263
vn -0.24398527 0.26126512 0.93392276
vn -0.25804836 0.16580189 0.95179871
vn -0.26962630 0.06874191 0.96050831
vn -0.27860760 -0.02898010 0.95996769
vn -0.28490575 -0.12642301 0.95018205
vn -0.28846010 -0.22264840 0.93124565
vn -0.28923643 -0.31672957 0.90334084
vn -0.28722725 -0.40776045 0.86673636
vn 0.28722725 0.40776045 -0.86673636
vn 0.27327173 0.49529534 -0.82462421
vn 0.25668445 0.57806027 -0.77457048
vn 0.23762516 0.65525815 -0.71705721
vn 0.21627741 0.72614555 -0.65263828
vn 0.19284679 0.79003976 -0.58193409
vn 0.16755895 0.84632546 -0.50562556
vn 0.14065743 0.89446058 -0.42444758
vn 0.11240130 0.93398156 -0.33918194
vn 0.08306268 0.96450779 -0.25064979
vn 0.05292413 0.98574528 -0.15970374
vn 0.02227588 0.99748950 -0.06721966
vn -0.00858689 0.99962735 0.02591178
vn -0.03936697 0.99213825 0.11879368
vn -0.06976792 0.97509431 0.21053153
vn -0.09949697 0.94865968 0.30024184
vn -0.12826780 0.91308894 0.38706066
vn -0.15580335 0.86872465 0.47015188
vn -0.18183843 0.81599407 0.54871528
vn -0.20612230 0.75540503 0.62199425
vn -0.22842111 0.68754101 0.68928307
vn -0.24852009 0.61305561 0.74993372
vn -0.26622569 0.53266614 0.80336210
vn -0.28136739 0.44714680 0.84905367
vn -0.29379937 0.35732120 0.88656838
vn -0.30340190 0.26405440 0.91554495
vn -0.31008250 0.16824461 0.93570433
vn -0.31377684 0.07081453 0.94685236
vn -0.31444934 -0.02729753 0.94888169
vn -0.31209352 -0.12514670 0.94177277
vn -0.30673206 -0.22179063 0.92559406
vn -0.29841661 -0.31629861 0.90050137
vn -0.28722725 -0.40776045 0.86673636
vn 0.28722725 0.40776045 -0.86673636
vn 0.26421262 0.49486438 -0.82782905
vn 0.23865348 0.57720250 -0.78094929
vn 0.21079598 0.65398184 -0.72654856
vn 0.18090839 0.72446297 -0.66515077
vn 0.14927856 0.78796714 -0.59734722
vn 0.11621110 0.84388275 -0.52379089
vn 0.08202446 0.89167130 -0.44519016
vn 0.04704788 0.93087258 -0.36230201
vn 0.01161820 0.96110904 -0.27592469
vn -0.02392337 0.98208949 -0.18689007
vn -0.05923454 0.99361189 -0.09605559
vn -0.09397525 0.99556526 -0.00429605
vn -0.12781093 0.98793080 0.08750487
vn -0.16041572 0.97078202 0.17846307
vn -0.19147562 0.94428408 0.26770257
vn -0.22069150 0.90869217 0.35436395
vn -0.24778200 0.86434905 0.43761261
vn -0.27248623 0.81168178 0.51664682
vn -0.29456627 0.75119758 0.59070544
vn -0.31380947 0.68347893 0.65907524
vn -0.33003051 0.60917800 0.72109779
vn -0.34307318 0.52901035 0.77617578
vn -0.35281187 0.44374805 0.82377876
vn -0.35915279 0.35421221 0.86344831
vn -0.36203487 0.26126512 0.89480238
vn -0.36143036 0.16580189 0.91753901
vn -0.35734507 0.06874191 0.93143924
vn -0.34981836 -0.02898010 0.93636920
vn -0.33892270 -0.12642301 0.93228141
vn -0.32476303 -0.22264840 0.91921524
vn -0.30747572 -0.31672957 0.89729653
vn -0.28722725 -0.40776045 0.86673636
vn 0.28722725 0.40776045 -0.86673636
vn 0.25536184 0.49357566 -0.83136839
vn 0.22103715 0.57463746 -0.78799389
vn 0.18458376 0.65016518 -0.73703058
vn 0.14635272 0.71943146 -0.67896926
vn 0.10671223 0.78176922 -0.61436909
vn 0.06604404 0.83657812 -0.54385221
vn 0.02473981 0.88333031 -0.46809774
vn -0.01680267 0.92157555 -0.38783524
vn -0.05818334 0.95094552 -0.30383766
vn -0.09900367 0.97115735 -0.21691397
vn -0.13887055 0.98201641 -0.12790127
vn -0.17740002 0.98341812 -0.03765682
vn -0.21422103 0.97534897 0.05295029
vn -0.24897898 0.95788668 0.14304746
vn -0.28133912 0.93119942 0.23176701
vn -0.31098982 0.89554419 0.31825451
vn -0.33764551 0.85126439 0.40167705
vn -0.36104949 0.79878644 0.48123122
vn -0.38097637 0.73861575 0.55615086
vn -0.39723424 0.67133178 0.62571447
vn -0.40966652 0.59758252 0.68925211
vn -0.41815349 0.51807821 0.74615188
vn -0.42261342 0.43358453 0.79586579
vn -0.42300334 0.34491519 0.83791508
vn -0.41931952 0.25292413 0.87189479
vn -0.41159741 0.15849727 0.89747768
vn -0.39991140 0.06254400 0.91441737
vn -0.38437403 -0.03401161 0.92255071
vn -0.36513492 -0.13023967 0.92179939
vn -0.34237936 -0.22521345 0.91217064
vn -0.31632650 -0.31801829 0.89375719
vn -0.28722725 -0.40776045 0.86673636
vn 0.28722725 0.40776045 -0.86673636
vn 0.24680462 0.49144157 -0.83520816
vn 0.20400512 0.57038984 -0.79563644
vn 0.15924095 0.64384494 -0.74840231
vn 0.11294319 0.71109947 -0.69396065
vn 0.06555773 0.77150571 -0.63283578
vn 0.01754092 0.82448194 -0.56561635
vn -0.03064482 0.86951795 -0.49294972
vn -0.07853544 0.90618003 -0.41553572
vn -0.12566972 0.93411510 -0.33411989
vn -0.17159373 0.95305413 -0.24948629
vn -0.21586520 0.96281473 -0.16245001
vn -0.25805776 0.96330290 -0.07384924
vn -0.29776509 0.95451394 0.01546273
vn -0.33460478 0.93653248 0.10462579
vn -0.36822205 0.90953170 0.19278124
vn -0.39829313 0.87377164 0.27908011
vn -0.42452843 0.82959667 0.36269128
vn -0.44667530 0.77743224 0.44280954
vn -0.46452043 0.71778071 0.51866330
vn -0.47789198 0.65121656 0.58952205
vn -0.48666117 0.57838084 0.65470338
vn -0.49074354 0.49997499 0.71357955
vn -0.49009979 0.41675412 0.76558357
vn -0.48473611 0.32951967 0.81021460
vn -0.47470415 0.23911177 0.84704282
vn -0.46010054 0.14640109 0.87571355
vn -0.44106590 0.05228048 0.89595068
vn -0.41778356 -0.04234361 0.90755932
vn -0.39047773 -0.13655991 0.91042766
vn -0.35941139 -0.22946106 0.90452809
vn -0.32488372 -0.32015238 0.88991742
vn -0.28722725 -0.40776045 0.86673636
vn 0.28722725 0.40776045 -0.86673636
vn 0.23862337 0.48848268 -0.83931136
vn 0.18772141 0.56450056 -0.80380333
vn 0.13501160 0.63508199 -0.76055423
vn 0.08100155 0.69954723 -0.70998058
vn 0.02621141 0.75727545 -0.65256943
vn -0.02883116 0.80771069 -0.58887368
vn -0.08359607 0.85036723 -0.51950675
vn -0.13755590 0.88483428 -0.44513669
vn -0.19019099 0.91077988 -0.36647972
vn -0.24099445 0.92795418 -0.28429335
vn -0.28947699 0.93619178 -0.19936908
vn -0.33517171 0.93541333 -0.11252478
vn -0.37763854 0.92562634 -0.02459680
vn -0.41646851 0.90692507 0.06356806
vn -0.45128766 0.87948961 0.15112073
vn -0.48176067 0.84358418 0.23721801
vn -0.50759405 0.79955458 0.32103076
vn -0.52853903 0.74782483 0.40175181
vn -0.54439388 0.68889312 0.47860377
vn -0.55500593 0.62332699 0.55084651
vn -0.56027296 0.55175788 0.61778430
vn -0.56014426 0.47487504 0.67877249
vn -0.55462107 0.39341890 0.73322373
vn -0.54375657 0.30817392 0.78061363
vn -0.52765540 0.21996105 0.82048578
vn -0.50647261 0.12962984 0.85245621
vn -0.48041222 0.03805022 0.87621703
vn -0.44972520 -0.05389585 0.89153939
vn -0.41470708 -0.14532286 0.89827574
vn -0.37569510 -0.23535034 0.89636120
vn -0.33306497 -0.32311127 0.88581422
vn -0.28722725 -0.40776045 0.86673636
vn 0.28722725 0.40776045 -0.86673636
vn 0.23089688 0.48472749 -0.84363848
vn 0.17234285 0.55702633 -0.81241591
vn 0.11212906 0.62396071 -0.77336932
vn 0.05083541 0.68488600 -0.72687477
vn -0.01094781 0.73921547 -0.67338001
vn -0.07262560 0.78642589 -0.61340024
vn -0.13360397 0.82606259 -0.54751308
vn -0.19329565 0.85774386 -0.47635308
vn -0.25112580 0.88116459 -0.40060553
vn -0.30653746 0.89609923 -0.32099994
vn -0.35899700 0.90240393 -0.23830294
vn -0.40799921 0.90001800 -0.15331095
vn -0.45307216 0.88896440 -0.06684249
vn -0.49378177 0.86934958 0.02026969
vn -0.52973600 0.84136246 0.10718667
vn -0.56058858 0.80527255 0.19307138
vn -0.58604239 0.76142743 0.27709671
vn -0.60585229 0.71024935 0.35845344
vn -0.61982749 0.65223118 0.43635808
vn -0.62783343 0.58793166 0.51006034
vn -0.62979298 0.51797004 0.57885045
vn -0.62568728 0.44302009 0.64206591
vn -0.61555587 0.36380361 0.69909792
vn -0.59949632 0.28108350 0.74939724
vn -0.57766330 0.19565641 0.79247946
vn -0.55026706 0.10834503 0.82792966
vn -0.51757145 0.01999024 0.85540645
vn -0.47989134 -0.06855707 0.87464520
vn -0.43758961 -0.15644414 0.88546065
vn -0.39107366 -0.24282457 0.88774862
vn -0.34079146 -0.32686646 0.88148709
vn -0.28722725 -0.40776045 0.86673636
vn 0.28722725 0.40776045 -0.86673636
vn 0.22369957 0.48021215 -0.84814786
vn 0.15801753 0.54803914 -0.82139124
vn 0.09081371 0.61058821 -0.78672416
vn 0.02273530 0.66725698 -0.74448051
vn -0.04556207 0.71749971 -0.69506710
vn -0.11342065 0.76083252 -0.63895981
vn -0.18018692 0.79683809 -0.57669899
vn -0.24521790 0.82516969 -0.50888424
vn -0.30788729 0.84555444 -0.43616866
vn -0.36759156 0.85779604 -0.35925254
vn -0.42375572 0.86177660 -0.27887662
vn -0.47583889 0.85745778 -0.19581497
vn -0.52333946 0.84488118 -0.11086751
vn -0.56579999 0.82416790 -0.02485233
vn -0.60281156 0.79551744 0.06140218
vn -0.63401772 0.75920571 0.14706536
vn -0.65911795 0.71558241 0.23131222
vn -0.67787051 0.66506766 0.31333142
vn -0.69009480 0.60814795 0.39233306
vn -0.69567311 0.54537144 0.46755632
vn -0.69455170 0.47734271 0.53827676
vn -0.68674138 0.40471691 0.60381330
vn -0.67231736 0.32819345 0.66353479
vn -0.65141857 0.24850932 0.71686607
vn -0.62424625 0.16643191 0.76329355
vn -0.59106210 0.08275167 0.80237008
vn -0.55218570 -0.00172552 0.83371936
vn -0.50799145 -0.08618609 0.85703946
vn -0.45890497 -0.16981664 0.87210581
vn -0.40539898 -0.25181176 0.87877329
vn -0.34798877 -0.33138180 0.87697772
vn -0.28722725 -0.40776045 0.86673636
vn 0.28722725 0.40776045 -0.86673636
vn 0.21710074 0.47498015 -0.85279607
vn 0.14488343 0.53762552 -0.83064288
vn 0.07127081 0.59509327 -0.80049014
vn -0.00302818 0.64682995 -0.76262825
vn -0.07729801 0.69233730 -0.71742183
vn -0.15082341 0.73117706 -0.66530625
vn -0.22289631 0.76297519 -0.60678340
vn -0.29282259 0.78742545 -0.54241690
vn -0.35992883 0.80429237 -0.47282663
vn -0.42356876 0.81341352 -0.39868277
vn -0.48312949 0.81470105 -0.32069939
vn -0.53803742 0.80814256 -0.23962749
vn -0.58776375 0.79380122 -0.15624785
vn -0.63182960 0.77181514 -0.07136346
vn -0.66981059 0.74239606 0.01420820
vn -0.70134093 0.70582730 0.09964303
vn -0.72611697 0.66246103 0.18411824
vn -0.74390011 0.61271490 0.26682029
vn -0.75451909 0.55706800 0.34695272
vn -0.75787164 0.49605622 0.42374380
vn -0.75392546 0.43026715 0.49645400
vn -0.74271858 0.36033438 0.56438307
vn -0.72435890 0.28693138 0.62687683
vn -0.69902326 0.21076509 0.68333342
vn -0.66695564 0.13256900 0.73320913
vn -0.62846487 0.05309621 0.77602365
vn -0.58392164 -0.02688793 0.81136463
vn -0.53375493 -0.10661312 0.83889172
vn -0.47844786 -0.18531158 0.85833983
vn -0.41853308 -0.26222538 0.86952166
vn -0.35458760 -0.33661380 0.87232951
vn -0.28722725 -0.40776045 0.86673636
vn 0.28722725 0.40776045 -0.86673636
vn 0.21116395 0.46908188 -0.85753833
vn 0.13306702 0.52588579 -0.84008173
vn 0.05368859 0.57762513 -0.81453468
vn -0.02620690 0.62380162 -0.78114322
vn -0.10584999 0.66397057 -0.74022893
vn -0.18447370 0.69774511 -0.69218582
vn -0.26132082 0.72479999 -0.63747659
vn -0.33565128 0.74487465 -0.57662811
vn -0.40674923 0.75777576 -0.51022638
vn -0.47392997 0.76337907 -0.43891090
vn -0.53654650 0.76163063 -0.36336846
vn -0.59399579 0.75254727 -0.28432659
vn -0.64572458 0.73621646 -0.20254650
vn -0.69123469 0.71279549 -0.11881577
vn -0.73008784 0.68250991 -0.03394078
vn -0.76190983 0.64565138 0.05126107
vn -0.78639422 0.60257488 0.13596926
vn -0.80330521 0.55369525 0.21936798
vn -0.81247992 0.49948324 0.30065407
vn -0.81383001 0.44046093 0.37904470
vn -0.80734247 0.37719674 0.45378492
vn -0.79307978 0.31029993 0.52415495
vn -0.77117930 0.24041477 0.58947707
vn -0.74185195 0.16821429 0.64912221
vn -0.70538015 0.09439381 0.70251595
vn -0.66211515 0.01966426 0.74914407
vn -0.61247363 -0.05525466 0.78855753
vn -0.55693365 -0.12964145 0.82037675
vn -0.49603009 -0.20277972 0.84429529
vn -0.43034949 -0.27396511 0.86008280
vn -0.36052439 -0.34251207 0.86758725
vn -0.28722725 -0.40776045 0.86673636
vn 0.28722725 0.40776045 -0.86673636
vn 0.20594637 0.46257414 -0.86232897
vn 0.12268211 0.51293298 -0.84961689
vn 0.03823636 0.55835200 -0.82872253
vn -0.04657763 0.59839378 -0.79984711
vn -0.13094305 0.63267271 -0.76326874
vn -0.21404742 0.66085865 -0.71933966
vn -0.29509040 0.68268016 -0.66848296
vn -0.37329149 0.69792708 -0.61118839
vn -0.44789758 0.70645259 -0.54800775
vn -0.51819017 0.70817457 -0.47954950
vn -0.58349231 0.70307645 -0.40647292
vn -0.64317510 0.69120731 -0.32948178
vn -0.69666376 0.67268147 -0.24931756
vn -0.74344317 0.64767734 -0.16675227
vn -0.78306281 0.61643572 -0.08258106
vn -0.81514113 0.57925749 0.00238545
vn -0.83936920 0.53650069 0.08732898
vn -0.85551368 0.48857710 0.17143149
vn -0.86341910 0.43594825 0.25388301
vn -0.86300932 0.37912097 0.33388951
vn -0.85428829 0.31864255 0.41068047
vn -0.83733999 0.25509543 0.48351635
vn -0.81232765 0.18909160 0.55169570
vn -0.77949216 0.12126672 0.61456192
vn -0.73914973 0.05227397 0.67150958
vn -0.69168888 -0.01722221 0.72199023
vn -0.63756669 -0.08655252 0.76551772
vn -0.57730438 -0.15504929 0.80167286
vn -0.51148232 -0.22205285 0.83010744
vn -0.44073440 -0.28691792 0.85054764
vn -0.36574197 -0.34901981 0.86279660
vn -0.28722725 -0.40776045 0.86673636
vn 0.28722725 0.40776045 -0.86673636
vn 0.20149825 0.45551960 -0.86712188
vn 0.11382871 0.49889185 -0.85915653
vn 0.02506294 0.53745950 -0.84291704
vn -0.06394421 0.57085112 -0.81855980
vn -0.15233553 0.59874512 -0.78631938
vn -0.23925978 0.62087289 -0.74650627
vn -0.32387983 0.63702131 -0.69950390
vn -0.40538073 0.64703487 -0.64576492
vn -0.48297760 0.65081713 -0.58580688
vn -0.55592313 0.64833166 -0.52020720
vn -0.62351482 0.63960241 -0.44959763
vn -0.68510172 0.62471343 -0.37465820
vn -0.74009071 0.60380812 -0.29611060
vn -0.78795223 0.57708781 -0.21471129
vn -0.82822534 0.54480983 -0.13124420
vn -0.86052218 0.50728504 -0.04651315
vn -0.88453172 0.46487481 0.03866584
vn -0.90002274 0.41798758 0.12347246
vn -0.90684605 0.36707490 0.20708997
vn -0.90493594 0.31262709 0.28871310
vn -0.89431079 0.25516851 0.36755575
vn -0.87507295 0.19525252 0.44285865
vn -0.84740768 0.13345614 0.51389657
vn -0.81158140 0.07037451 0.57998539
vn -0.76793916 0.00661513 0.64048864
vn -0.71690124 -0.05720796 0.69482362
vn -0.65895916 -0.12048010 0.74246708
vn -0.59467096 -0.18259196 0.78296017
vn -0.52465574 -0.24294535 0.81591293
vn -0.44958781 -0.30095905 0.84100800
vn -0.37019009 -0.35607435 0.85800370
vn -0.28722725 -0.40776045 0.86673636
vn 0.28722725 0.40776045 -0.86673636
vn 0.19786242 0.44798621 -0.87187087
vn 0.10659208 0.48389762 -0.86860879
vn 0.01429519 0.51514883 -0.85698152
vn -0.07813937 0.54143887 -0.83710106
vn -0.16982140 0.56251457 -0.80915886
vn -0.25986796 0.57817294 -0.77342401
vn -0.34741185 0.58826318 -0.73024067
vn -0.43160997 0.59268814 -0.68002471
vn -0.51165146 0.59140518 -0.62325974
vn -0.58676546 0.58442666 -0.56049244
vn -0.65622858 0.57181980 -0.49232729
vn -0.71937187 0.55370600 -0.41942076
vn -0.77558721 0.53025971 -0.34247498
vn -0.82433323 0.50170673 -0.26223098
vn -0.86514046 0.46832204 -0.17946155
vn -0.89761592 0.43042715 -0.09496380
vn -0.92144685 0.38838701 -0.00955151
vn -0.93640374 0.34260649 0.07595277
vn -0.94234255 0.29352649 0.16072559
vn -0.93920609 0.24161966 0.24395053
vn -0.92702456 0.18738591 0.32482609
vn -0.90591527 0.13134752 0.40257340
vn -0.87608153 0.07404419 0.47644371
vn -0.83781064 0.01602777 0.54572561
vn -0.79147118 -0.04214300 0.60975187
vn -0.73750942 -0.09990792 0.66790588
vn -0.67644503 -0.15671066 0.71962760
vn -0.60886612 -0.21200420 0.76441891
vn -0.53542349 -0.26525602 0.80184845
vn -0.45682444 -0.31595328 0.83155575
vn -0.37382592 -0.36360774 0.85325471
vn -0.28722725 -0.40776045 0.86673636
vn 0.28722725 0.40776045 -0.86673636
vn 0.19507391 0.44004652 -0.87653022
vn 0.10104191 0.46809469 -0.87788262
vn 0.00603682 0.49163486 -0.87078052
vn -0.08902641 0.51044032 -0.85529234
vn -0.18323227 0.52432995 -0.83156722
vn -0.27567350 0.53317000 -0.79983365
vn -0.36545984 0.53687534 -0.76039725
vn -0.45172660 0.53541027 -0.71363781
vn -0.53364299 0.52878891 -0.66000564
vn -0.61042011 0.51707502 -0.60001726
vn -0.68131855 0.50038141 -0.53425039
vn -0.74565552 0.47886886 -0.46333839
vn -0.80281141 0.45274454 -0.38796419
vn -0.85223580 0.42226004 -0.30885368
vn -0.89345269 0.38770895 -0.22676875
vn -0.92606514 0.34942401 -0.14249990
vn -0.94975907 0.30777392 -0.05685871
vn -0.96430631 0.26315981 0.02933007
vn -0.96956675 0.21601132 0.11523638
vn -0.96548974 0.16678252 0.20003290
vn -0.95211452 0.11594752 0.28290300
vn -0.92956993 0.06399588 0.36304858
vn -0.89807307 0.01142792 0.43969781
vn -0.85792727 -0.04125009 0.51211251
vn -0.80951917 -0.09353085 0.57959529
vn -0.75331495 -0.14491085 0.64149624
vn -0.68985590 -0.19489528 0.69721924
vn -0.61975316 -0.24300276 0.74622763
vn -0.54368186 -0.28876999 0.78804945
vn -0.46237460 -0.33175621 0.82228191
vn -0.37661443 -0.37154743 0.84859536
vn -0.28722725 -0.40776045 0.86673636
vn 0.28722725 0.40776045 -0.86673636
vn 0.19315957 0.43177698 -0.88105506
vn 0.09723166 0.45163526 -0.88688872
vn 0.00036736 0.46714404 -0.88418115
vn -0.09650049 0.47815397 -0.87295844
vn -0.19243897 0.48455902 -0.85332866
vn -0.28652417 0.48629750 -0.82548085
vn -0.37784998 0.48335267 -0.78968322
vn -0.46553689 0.47575288 -0.74628051
vn -0.54874043 0.46357134 -0.69569070
vn -0.62665930 0.44692535 -0.63840101
vn -0.69854309 0.42597523 -0.57496318
vn -0.76369953 0.40092273 -0.50598813
vn -0.82150113 0.37200913 -0.43214014
vn -0.87139122 0.33951287 -0.35413041
vn -0.91288934 0.30374693 -0.27271020
vn -0.94559584 0.26505573 -0.18866365
vn -0.96919573 0.22381190 -0.10280016
vn -0.98346173 0.18041264 -0.01594666
vn -0.98825647 0.13527591 0.07106043
vn -0.98353375 0.08883639 0.15738316
vn -0.96933906 0.04154134 0.24219021
vn -0.94580911 -0.00615379 0.32466483
vn -0.91317050 -0.05378964 0.40401275
vn -0.87173756 -0.10090748 0.47946981
vn -0.82190931 -0.14705352 0.55030932
vn -0.76416563 -0.19178335 0.61584904
vn -0.69906261 -0.23466621 0.67545780
vn -0.62722724 -0.27528910 0.72856153
vn -0.54935132 -0.31326081 0.77464882
vn -0.46618485 -0.34821564 0.81327581
vn -0.37852877 -0.37981697 0.84407052
vn -0.28722725 -0.40776045 0.86673636
vn 0.28722725 0.40776045 -0.86673636
vn 0.19213783 0.42325724 -0.88540181
vn 0.09519802 0.43467783 -0.89554035
vn -0.00265860 0.44191223 -0.89705435
vn -0.10048961 0.44489078 -0.88992923
vn -0.19735286 0.44358479 -0.87423360
vn -0.29231549 0.43800683 -0.85011862
vn -0.38446296 0.42821062 -0.81781654
vn -0.47290784 0.41429052 -0.77763844
vn -0.55679836 0.39638057 -0.72997125
vn -0.63532661 0.37465326 -0.67527404
vn -0.70773632 0.34931783 -0.61407357
vn -0.77333014 0.32061828 -0.54695924
vn -0.83147637 0.28883100 -0.47457740
vn -0.88161502 0.25426212 -0.39762511
vn -0.92326324 0.21724456 -0.31684347
vn -0.95601993 0.17813482 -0.23301046
vn -0.97956963 0.13730953 -0.14693343
vn -0.99368553 0.09516189 -0.05944136
vn -0.99823170 0.05209778 0.02862317
vn -0.99316436 0.00853194 0.11641205
vn -0.97853230 -0.03511607 0.20307981
vn -0.95447643 -0.07842588 0.28779180
vn -0.92122844 -0.12098042 0.36973220
vn -0.87910851 -0.16236985 0.44811188
vn -0.82852229 -0.20219556 0.52217600
vn -0.76995694 -0.24007402 0.59121127
vn -0.70397649 -0.27564044 0.65455286
vn -0.63121636 -0.30855229 0.71159074
vn -0.55237728 -0.33849262 0.76177562
vn -0.46821849 -0.36517307 0.80462418
vn -0.37955051 -0.38833671 0.83972377
vn -0.28722725 -0.40776045 0.86673636
vn 0.28722725 0.40776045 -0.86673636
vn 0.19201853 0.41456935 -0.88952860
vn 0.09496058 0.41738572 -0.90375420
vn -0.00301190 0.41618243 -0.90927615
vn -0.10095538 0.41097108 -0.90604127
vn -0.19792660 0.40180185 -0.89408072
vn -0.29299167 0.38876305 -0.87350968
vn -0.38523508 0.37198026 -0.84452627
vn -0.47376846 0.35161508 -0.80740961
vn -0.55773920 0.32786367 -0.76251715
vn -0.63633860 0.30095474 -0.71028124
vn -0.70880971 0.27114746 -0.65120492
vn -0.77445459 0.23872888 -0.58585715
vn -0.83264106 0.20401121 -0.51486726
vn -0.88280874 0.16732880 -0.43891891
vn -0.92447448 0.12903492 -0.35874353
vn -0.95723703 0.08949837 -0.27511326
vn -0.98078087 0.04909989 -0.18883349
vn -0.99487925 0.00822856 -0.10073516
vn -0.99939640 -0.03272201 -0.01166669
vn -0.99428881 -0.07335746 0.07751414
vn -0.97960568 -0.11328643 0.16594846
vn -0.95548841 -0.15212440 0.25278461
vn -0.92216927 -0.18949732 0.33718630
vn -0.87996913 -0.22504528 0.41834071
vn -0.82929441 -0.25842593 0.49546627
vn -0.77063313 -0.28931780 0.56782021
vn -0.70455023 -0.31742338 0.63470574
vn -0.63168213 -0.34247199 0.69547870
vn -0.55273058 -0.36422242 0.74955382
vn -0.46845594 -0.38246519 0.79641033
vn -0.37966981 -0.39702460 0.83559697
vn -0.28722725 -0.40776045 0.86673636
vn 0.28722725 0.40776045 -0.86673636
vn 0.19280283 0.40579698 -0.89339570
vn 0.09652161 0.39992545 -0.91145116
vn -0.00068916 0.39020242 -0.92072884
vn -0.09789329 0.37672154 -0.92113940
vn -0.19415466 0.35961261 -0.91267888
vn -0.28854621 0.33904043 -0.89542876
vn -0.38015891 0.31520309 -0.86955518
vn -0.46811047 0.28833018 -0.83530731
vn -0.55155386 0.25868049 -0.79301497
vn -0.62968550 0.22653957 -0.74308546
vn -0.70175291 0.19221695 -0.68599963
vn -0.76706207 0.15604317 -0.62230725
vn -0.82498399 0.11836661 -0.55262172
vn -0.87496087 0.07955012 -0.47761413
vn -0.91651140 0.03996751 -0.39800686
vn -0.94923542 0.00000000 -0.31456656
vn -0.97281778 -0.03996751 -0.22809682
vn -0.98703138 -0.07955012 -0.13943038
vn -0.99173933 -0.11836661 -0.04942115
vn -0.98689628 -0.15604317 0.04106404
vn -0.97254889 -0.19221695 0.13115375
vn -0.94883531 -0.22653957 0.21998039
vn -0.91598394 -0.25868049 0.30668849
vn -0.87431114 -0.28833018 0.39044301
vn -0.82421824 -0.31520309 0.47043735
vn -0.76618767 -0.33904043 0.54590113
vn -0.70077830 -0.35961261 0.61610758
vn -0.62862004 -0.37672154 0.68038057
vn -0.55040784 -0.39020242 0.73810113
vn -0.46689490 -0.39992545 0.78871337
vn -0.37888551 -0.40579698 0.83172987
vn -0.28722725 -0.40776045 0.86673636
vn 0.28722725 0.40776045 -0.86673636
vn 0.19448316 0.39702460 -0.89696587
vn 0.09986610 0.38246519 -0.91855710
vn 0.00428727 0.36422242 -0.93130212
vn -0.09133285 0.34247199 -0.93507820
vn -0.18607338 0.31742338 -0.92984897
vn -0.27902192 0.28931780 -0.91566477
vn -0.36928333 0.25842593 -0.89266223
vn -0.45598834 0.22504528 -0.86106286
vn -0.53830194 0.18949732 -0.82117099
vn -0.61543139 0.15212440 -0.77337079
vn -0.68663390 0.11328643 -0.71812260
vn -0.75122375 0.07335746 -0.65595851
vn -0.80857890 0.03272201 -0.58747717
vn -0.85814700 -0.00822856 -0.51333811
vn -0.89945067 -0.04909989 -0.43425532
vn -0.93209215 -0.08949837 -0.35099042
vn -0.95575706 -0.12903492 -0.26434528
vn -0.97021751 -0.16732880 -0.17515436
vn -0.97533424 -0.20401121 -0.08427660
vn -0.97105797 -0.23872888 0.00741278
vn -0.95742987 -0.27114746 0.09903078
vn -0.93458120 -0.30095474 0.18969506
vn -0.90273201 -0.32786367 0.27853247
vn -0.86218901 -0.35161508 0.36468746
vn -0.81334266 -0.37198026 0.44733031
vn -0.75666338 -0.38876305 0.52566512
vn -0.69269701 -0.40180185 0.59893749
vn -0.62205960 -0.41097108 0.66644177
vn -0.54543141 -0.41618243 0.72752785
vn -0.46355041 -0.41738572 0.78160743
vn -0.37720518 -0.41456935 0.82815971
vn -0.28722725 -0.40776045 0.86673636
vn 0.28722725 0.40776045 -0.86673636
vn 0.19704335 0.38833671 -0.90020471
vn 0.10496183 0.36517307 -0.92500359
vn 0.01186946 0.33849262 -0.94089418
vn -0.08133722 0.30855229 -0.94772345
vn -0.17376058 0.27564044 -0.94542562
vn -0.26451052 0.24007402 -0.93402283
vn -0.35271309 0.20219556 -0.91362489
vn -0.43751884 0.16236985 -0.88442823
vn -0.51811104 0.12098042 -0.84671406
vn -0.59371354 0.07842588 -0.80084556
vn -0.66359827 0.03511607 -0.74726448
vn -0.72709217 -0.00853194 -0.68648684
vn -0.78358379 -0.05209778 -0.61909795
vn -0.83252906 -0.09516189 -0.54574681
vn -0.87345662 -0.13730953 -0.46713983
vn -0.90597232 -0.17813482 -0.38403404
vn -0.92976301 -0.21724456 -0.29722979
vn -0.94459957 -0.25426212 -0.20756306
vn -0.95033912 -0.28883100 -0.11589738
vn -0.94692639 -0.32061828 -0.02311555
vn -0.93439424 -0.34931783 0.06988890
vn -0.91286336 -0.37465326 0.16222029
vn -0.88254111 -0.39638057 0.25298940
vn -0.84371950 -0.41429052 0.34132208
vn -0.79677242 -0.42821062 0.42636765
vn -0.74215198 -0.43800683 0.50730706
vn -0.68038421 -0.44358479 0.58336083
vn -0.61206397 -0.44489078 0.65379652
vn -0.53784922 -0.44191223 0.71793579
vn -0.45845469 -0.43467783 0.77516094
vn -0.37464499 -0.42325724 0.82492087
vn -0.28722725 -0.40776045 0.86673636
vn 0.28722725 0.40776045 -0.86673636
vn 0.20045875 0.37981697 -0.90308104
vn 0.11175972 0.34821564 -0.93072855
vn 0.02198438 0.31326081 -0.94941264
vn -0.06800268 0.27528910 -0.95895336
vn -0.15733484 0.23466621 -0.95925884
vn -0.24515177 0.19178335 -0.95032613
vn -0.33060776 0.14705352 -0.93224126
vn -0.41287982 0.10090748 -0.90517840
vn -0.49117561 0.05378964 -0.86939818
vn -0.56474112 0.00615379 -0.82524517
vn -0.63286786 -0.04154134 -0.77314461
vn -0.69489974 -0.08883639 -0.71359824
vn -0.75023936 -0.13527591 -0.64717953
vn -0.79835376 -0.18041264 -0.57452812
vn -0.83877957 -0.22381190 -0.49634370
vn -0.87112748 -0.26505573 -0.41337921
vn -0.89508596 -0.30374693 -0.32643366
vn -0.91042427 -0.33951287 -0.23634437
vn -0.91699469 -0.37200913 -0.14397895
vn -0.91473396 -0.40092273 -0.05022695
vn -0.90366384 -0.42597523 0.04400878
vn -0.88389094 -0.44692535 0.13782067
vn -0.85560569 -0.46357134 0.23030528
vn -0.81908048 -0.47575288 0.32057192
vn -0.77466709 -0.48335267 0.40775127
vn -0.72279323 -0.48629750 0.49100376
vn -0.66395847 -0.48455902 0.56952762
vn -0.59872943 -0.47815397 0.64256661
vn -0.52773430 -0.46714404 0.70941733
vn -0.45165680 -0.45163526 0.76943598
vn -0.37122959 -0.43177698 0.82204454
vn -0.28722725 -0.40776045 0.86673636
vn 0.28722725 0.40776045 -0.86673636
vn 0.20469644 0.37154743 -0.90556715
vn 0.12019430 0.33175621 -0.93567684
vn 0.03453463 0.28876999 -0.95677545
vn -0.05145764 0.24300276 -0.96865978
vn -0.13695434 0.19489528 -0.97121539
vn -0.22113210 0.14491085 -0.96441767
vn -0.30318023 0.09353085 -0.94833208
vn -0.38230857 0.04125009 -0.92311353
vn -0.45775507 -0.01142792 -0.88900489
vn -0.52879314 -0.06399588 -0.84633465
vn -0.59473864 -0.11594752 -0.79551375
vn -0.65495648 -0.16678252 -0.73703161
vn -0.70886674 -0.21601132 -0.67145146
vn -0.75595022 -0.26315981 -0.59940486
vn -0.79575349 -0.30777392 -0.52158566
vn -0.82789321 -0.34942401 -0.43874331
vn -0.85205987 -0.38770895 -0.35167562
vn -0.86802073 -0.42226004 -0.26122110
vn -0.87562208 -0.45274454 -0.16825089
vn -0.87479070 -0.47886886 -0.07366032
vn -0.86553461 -0.50038141 0.02163964
vn -0.84794296 -0.51707502 0.11673119
vn -0.82218514 -0.52878891 0.21069856
vn -0.78850924 -0.53541027 0.30263679
vn -0.74723956 -0.53687534 0.39166046
vn -0.69877355 -0.53317000 0.47691222
vn -0.64357798 -0.52432995 0.55757106
vn -0.58218439 -0.51044032 0.63286019
vn -0.51518405 -0.49163486 0.70205452
vn -0.44322221 -0.46809469 0.76448769
vn -0.36699189 -0.44004652 0.81955842
vn -0.28722725 -0.40776045 0.86673636
vn 0.28722725 0.40776045 -0.86673636
vn 0.20971564 0.36360774 -0.90763912
vn 0.13018436 0.31595328 -0.93980081
vn 0.04939933 0.26525602 -0.96291170
vn -0.03186144 0.21200420 -0.97674924
vn -0.11281537 0.15671066 -0.98118014
vn -0.19268283 0.09990792 -0.97616174
vn -0.27069464 0.04214300 -0.96174237
vn -0.34609952 -0.01602777 -0.93806089
vn -0.41817126 -0.07404419 -0.90534538
vn -0.48621580 -0.13134752 -0.86391089
vn -0.54957780 -0.18738591 -0.81415647
vn -0.60764708 -0.24161966 -0.75656128
vn -0.65986437 -0.29352649 -0.69167999
vn -0.70572682 -0.34260649 -0.62013744
vn -0.74479273 -0.38838701 -0.54262263
vn -0.77668588 -0.43042715 -0.45988207
vn -0.80109911 -0.46832204 -0.37271260
vn -0.81779733 -0.50170673 -0.28195369
vn -0.82661971 -0.53025971 -0.18847942
vn -0.82748129 -0.55370600 -0.09318999
vn -0.82037378 -0.57181980 0.00299691
vn -0.80536561 -0.58442666 0.09915495
vn -0.78260134 -0.59140518 0.19435808
vn -0.75230018 -0.59268814 0.28768943
vn -0.71475397 -0.58826318 0.37825017
vn -0.67032428 -0.57817294 0.46516816
vn -0.61943900 -0.56251457 0.54760632
vn -0.56258819 -0.54143887 0.62477073
vn -0.50031935 -0.51514883 0.69591827
vn -0.43323215 -0.48389762 0.76036372
vn -0.36197270 -0.44798621 0.81748646
vn -0.28722725 -0.40776045 0.86673636
vn 0.28722725 0.40776045 -0.86673636
vn 0.21546800 0.35607435 -0.90927697
vn 0.14163367 0.30095905 -0.94306074
vn 0.06643534 0.24294535 -0.96776232
vn -0.00940281 0.18259196 -0.98314382
vn -0.08515039 0.12048010 -0.98905710
vn -0.16007794 0.05720796 -0.98544523
vn -0.23346385 -0.00661513 -0.97234298
vn -0.30460137 -0.07037451 -0.94987654
vn -0.37280541 -0.13345614 -0.91826226
vn -0.43741914 -0.19525252 -0.87780462
vn -0.49782027 -0.25516851 -0.82889324
vn -0.55342713 -0.31262709 -0.77199917
vn -0.60370418 -0.36707490 -0.70767032
vn -0.64816723 -0.41798758 -0.63652622
vn -0.68638808 -0.46487481 -0.55925202
vn -0.71799863 -0.50728504 -0.47659192
vn -0.74269447 -0.54480983 -0.38934198
vn -0.76023775 -0.57708781 -0.29834246
vn -0.77045952 -0.60380812 -0.20446975
vn -0.77326135 -0.62471343 -0.10862787
vn -0.76861625 -0.63960241 -0.01173986
vn -0.75656895 -0.64833166 0.08526122
vn -0.73723548 -0.65081713 0.18144119
vn -0.71080204 -0.64703487 0.27587378
vn -0.67752317 -0.63702131 0.36764956
vn -0.63771940 -0.62087289 0.45588466
vn -0.59177403 -0.59874512 0.53972935
vn -0.54012956 -0.57085112 0.61837615
vn -0.48328334 -0.53745950 0.69106765
vn -0.42178284 -0.49889185 0.75710379
vn -0.35622034 -0.45551960 0.81584861
vn -0.28722725 -0.40776045 0.86673636
vn 0.28722725 0.40776045 -0.86673636
vn 0.22189811 0.34901981 -0.91046493
vn 0.15443198 0.28691792 -0.94542523
vn 0.08547858 0.22205285 -0.97128057
vn 0.01570198 0.15504929 -0.98778194
vn -0.05422584 0.08655252 -0.99477044
vn -0.12363144 0.01722221 -0.99217875
vn -0.19184640 -0.05227397 -0.98003183
vn -0.25821377 -0.12126672 -0.95844668
vn -0.32209441 -0.18909160 -0.92763115
vn -0.38287310 -0.25509543 -0.88788204
vn -0.43996451 -0.31864255 -0.83958213
vn -0.49281882 -0.37912097 -0.78319659
vn -0.54092702 -0.43594825 -0.71926844
vn -0.58382579 -0.48857710 -0.64841334
vn -0.62110201 -0.53650069 -0.57131366
vn -0.65239667 -0.57925749 -0.48871193
vn -0.67740839 -0.61643572 -0.40140362
vn -0.69589631 -0.64767734 -0.31022959
vn -0.70768236 -0.67268147 -0.21606787
vn -0.71265304 -0.69120731 -0.11982530
vn -0.71076048 -0.70307645 -0.02242875
vn -0.70202291 -0.70817457 0.07518381
vn -0.68652448 -0.70645259 0.17207230
vn -0.66441444 -0.69792708 0.26730364
vn -0.63590573 -0.68268016 0.35996070
vn -0.60127290 -0.66085865 0.44915115
vn -0.56084948 -0.63267271 0.53401602
vn -0.51502477 -0.59839378 0.61373803
vn -0.46424009 -0.55835200 0.68754940
vn -0.40898453 -0.51293298 0.75473930
vn -0.34979023 -0.46257414 0.81466064
vn -0.28722725 -0.40776045 0.86673636
vn 0.28722725 0.40776045 -0.86673636
vn 0.22894407 0.34251207 -0.91119158
vn 0.16845603 0.27396511 -0.94687152
vn 0.10634567 0.20277972 -0.97343258
vn 0.04321114 0.12964145 -0.99061894
vn -0.02033954 0.05525466 -0.99826511
vn -0.08369433 -0.01966426 -0.99629743
vn -0.14624310 -0.09439381 -0.98473487
vn -0.20738347 -0.16821429 -0.96368877
vn -0.26652663 -0.24041477 -0.93336182
vn -0.32310299 -0.31029993 -0.89404609
vn -0.37656768 -0.37719674 -0.84612020
vn -0.42640583 -0.44046093 -0.79004572
vn -0.47213746 -0.49948324 -0.72636266
vn -0.51332214 -0.55369525 -0.65568433
vn -0.54956325 -0.60257488 -0.57869141
vn -0.58051177 -0.64565138 -0.49612537
vn -0.60586964 -0.68250991 -0.40878137
vn -0.62539265 -0.71279549 -0.31750058
vn -0.63889279 -0.73621646 -0.22316209
vn -0.64624005 -0.75254727 -0.12667443
vn -0.64736366 -0.76163063 -0.02896682
vn -0.64225280 -0.76337907 0.06901975
vn -0.63095670 -0.75777576 0.16634163
vn -0.61358414 -0.74487465 0.26206155
vn -0.59030243 -0.72479999 0.35525767
vn -0.56133579 -0.69774511 0.44503246
vn -0.52696317 -0.66397057 0.53052135
vn -0.48751561 -0.62380162 0.61090103
vn -0.44337301 -0.57762513 0.68539739
vn -0.39496048 -0.52588579 0.75329301
vn -0.34274427 -0.46908188 0.81393400
vn -0.28722725 -0.40776045 0.86673636
vn 0.28722725 0.40776045 -0.86673636
vn 0.23653800 0.33661380 -0.91144990
vn 0.18357076 0.26222538 -0.94738568
vn 0.12883563 0.18531158 -0.97419762
vn 0.07285975 0.10661312 -0.99162750
vn 0.01618218 0.02688793 -0.99950747
vn -0.04065122 -0.05309621 -0.99776163
vn -0.09709314 -0.13256900 -0.98640680
vn -0.15259999 -0.21076509 -0.96555234
vn -0.20663722 -0.28693138 -0.93539908
vn -0.25868442 -0.36033438 -0.89623742
vn -0.30824035 -0.43026715 -0.84844449
vn -0.35482776 -0.49605622 -0.79248059
vn -0.39799798 -0.55706800 -0.72888466
vn -0.43733527 -0.61271490 -0.65826918
vn -0.47246077 -0.66246103 -0.58131420
vn -0.50303622 -0.70582730 -0.49876085
vn -0.52876716 -0.74239606 -0.41140416
vn -0.54940578 -0.77181514 -0.32008543
vn -0.56475332 -0.79380122 -0.22568409
vn -0.57466198 -0.80814256 -0.12910930
vn -0.57903633 -0.81470105 -0.03129111
vn -0.57783424 -0.81341352 0.06682843
vn -0.57106729 -0.80429237 0.16430437
vn -0.55880066 -0.78742545 0.26019798
vn -0.54115247 -0.76297519 0.35358573
vn -0.51829268 -0.73117706 0.44356826
vn -0.49044145 -0.69233730 0.52927899
vn -0.45786700 -0.64682995 0.60989247
vn -0.42088305 -0.59509327 0.68463235
vn -0.37984575 -0.53762552 0.75277885
vn -0.33515034 -0.47498015 0.81367568
vn -0.28722725 -0.40776045 0.86673636
vn 0.28722725 0.40776045 -0.86673636
vn 0.24460677 0.33138180 -0.91123742
vn 0.19963060 0.25181176 -0.94696275
vn 0.15273188 0.16981664 -0.97356832
vn 0.10436227 0.08618609 -0.99079790
vn 0.05498759 0.00172552 -0.99848555
vn 0.00508335 -0.08275167 -0.99655723
vn -0.04486984 -0.16643191 -0.98503153
vn -0.09439092 -0.24850932 -0.96401944
vn -0.14300295 -0.32819345 -0.93372331
vn -0.19023780 -0.40471691 -0.89443491
vn -0.23564054 -0.47734271 -0.84653262
vn -0.27877394 -0.54537144 -0.79047775
vn -0.31922260 -0.60814795 -0.72681016
vn -0.35659696 -0.66506766 -0.65614298
vn -0.39053711 -0.71558241 -0.57915679
vn -0.42071616 -0.75920571 -0.49659300
vn -0.44684349 -0.79551744 -0.40924675
vn -0.46866747 -0.82416790 -0.31795923
vn -0.48597793 -0.84488118 -0.22360958
vn -0.49860816 -0.85745778 -0.12710646
vn -0.50643652 -0.86177660 -0.02937923
vn -0.50938761 -0.85779604 0.06863094
vn -0.50743303 -0.84555444 0.16598015
vn -0.50059159 -0.82516969 0.26173088
vn -0.48892917 -0.79683809 0.35496101
vn -0.47255810 -0.76083252 0.44477266
vn -0.45163604 -0.71749971 0.53030091
vn -0.42636448 -0.66725698 0.61072207
vn -0.39698679 -0.61058821 0.68526165
vn -0.36378591 -0.54803914 0.75320178
vn -0.32708156 -0.48021215 0.81388816
vn -0.28722725 -0.40776045 0.86673636
vn 0.28722725 0.40776045 -0.86673636
vn 0.25307269 0.32686646 -0.91055616
vn 0.21648090 0.24282457 -0.94560681
vn 0.17780429 0.15644414 -0.97155075
vn 0.13741532 0.06855707 -0.98813813
vn 0.09570297 -0.01999024 -0.99520919
vn 0.05306895 -0.10834503 -0.99269584
vn 0.00992384 -0.19565641 -0.98062230
vn -0.03331684 -0.28108350 -0.95910482
vn -0.07623666 -0.36380361 -0.92835064
vn -0.11842228 -0.44302009 -0.88865593
vn -0.15946743 -0.51797004 -0.84040298
vn -0.19897682 -0.58793166 -0.78405650
vn -0.23656995 -0.65223118 -0.72015912
vn -0.27188479 -0.71024935 -0.64932621
vn -0.30458122 -0.76142743 -0.57223994
vn -0.33434438 -0.80527255 -0.48964268
vn -0.36088761 -0.84136246 -0.40232990
vn -0.38395530 -0.86934958 -0.31114246
vn -0.40332529 -0.88896440 -0.21695855
vn -0.41881103 -0.90001800 -0.12068520
vn -0.43026340 -0.90240393 -0.02324960
vn -0.43757210 -0.89609923 0.07440991
vn -0.44066673 -0.88116459 0.17135282
vn -0.43951751 -0.85774386 0.26664550
vn -0.43413549 -0.82606259 0.35937024
vn -0.42457251 -0.78642589 0.44863405
vn -0.41092066 -0.73921547 0.53357727
vn -0.39331143 -0.68488600 0.61338184
vn -0.37191439 -0.62396071 0.68727922
vn -0.34693561 -0.55702633 0.75455772
vn -0.31861565 -0.48472749 0.81456941
vn -0.28722725 -0.40776045 0.86673636
vn 0.28722725 0.40776045 -0.86673636
vn 0.26185421 0.32311127 -0.90941271
vn 0.23395938 0.23535034 -0.94333092
vn 0.20381139 0.14532286 -0.96816434
vn 0.17170058 0.05389585 -0.98367380
vn 0.13793621 -0.03805022 -0.98970995
vn 0.10284343 -0.12962984 -0.98621465
vn 0.06676021 -0.21996105 -0.97322156
vn 0.03003406 -0.30817392 -0.95085582
vn -0.00698134 -0.39341890 -0.91933282
vn -0.04392950 -0.47487504 -0.87895614
vn -0.08045460 -0.55175788 -0.83011463
vn -0.11620487 -0.62332699 -0.77327866
vn -0.15083603 -0.68889312 -0.70899560
vn -0.18401456 -0.74782483 -0.63788452
vn -0.21542093 -0.79955458 -0.56063027
vn -0.24475267 -0.84358418 -0.47797684
vn -0.27172731 -0.87948961 -0.39072023
vn -0.29608507 -0.90692507 -0.29970077
vn -0.31759137 -0.92562634 -0.20579503
vn -0.33603909 -0.93541333 -0.10990737
vn -0.35125057 -0.93619178 -0.01296124
vn -0.36307932 -0.92795418 0.08410971
vn -0.37141141 -0.91077988 0.18037064
vn -0.37616661 -0.88483428 0.27489450
vn -0.37729911 -0.85036723 0.36677097
vn -0.37479803 -0.80771069 0.45511524
vn -0.36868743 -0.75727545 0.53907651
vn -0.35902617 -0.69954723 0.61784617
vn -0.34590729 -0.63508199 0.69066563
vn -0.32945713 -0.56450056 0.75683361
vn -0.30983413 -0.48848268 0.81571287
vn -0.28722725 -0.40776045 0.86673636
vn 0.28722725 0.40776045 -0.86673636
vn 0.27086677 0.32015238 -0.90781807
vn 0.25189770 0.22946106 -0.94015699
vn 0.23050272 0.13655991 -0.96344169
vn 0.20688787 0.04234361 -0.97744792
vn 0.18128058 -0.05228048 -0.98204079
vn 0.15392745 -0.14640109 -0.97717606
vn 0.12509192 -0.23911177 -0.96290060
vn 0.09505169 -0.32951967 -0.93935189
vn 0.06409605 -0.41675412 -0.90675669
vn 0.03252314 -0.49997499 -0.86542894
vn 0.00063701 -0.57838084 -0.81576663
vn -0.03125525 -0.65121656 -0.75824805
vn -0.06284651 -0.71778071 -0.69342712
vn -0.09383252 -0.77743224 -0.62192810
vn -0.12391488 -0.82959667 -0.54443958
vn -0.15280386 -0.87377164 -0.46170781
vn -0.18022126 -0.90953170 -0.37452955
vn -0.20590304 -0.93653248 -0.28374435
vn -0.22960185 -0.95451394 -0.19022655
vn -0.25108947 -0.96330290 -0.09487675
vn -0.27015896 -0.96281473 0.00138675
vn -0.28662668 -0.95305413 0.09763691
vn -0.30033402 -0.93411510 0.19294676
vn -0.31114898 -0.90618003 0.28639843
vn -0.31896741 -0.86951795 0.37709193
vn -0.32371401 -0.82448194 0.46415383
vn -0.32534306 -0.77150571 0.54674567
vn -0.32383888 -0.71109947 0.62407205
vn -0.31921596 -0.64384494 0.69538828
vn -0.31151881 -0.57038984 0.76000754
vn -0.30082157 -0.49144157 0.81730751
vn -0.28722725 -0.40776045 0.86673636
vn 0.28722725 0.40776045 -0.86673636
vn 0.28002357 0.31801829 -0.90578759
vn 0.27012312 0.22521345 -0.93611559
vn 0.25762123 0.13023967 -0.95742829
vn 0.24263831 0.03401161 -0.96952043
vn 0.22531864 -0.06254400 -0.97227556
vn 0.20582904 -0.15849727 -0.96566714
vn 0.18435719 -0.25292413 -0.94975882
vn 0.16110988 -0.34491519 -0.92470380
vn 0.13631099 -0.43358453 -0.89074338
vn 0.11019936 -0.51807821 -0.84820461
vn 0.08302644 -0.59758252 -0.79749717
vn 0.05505394 -0.67133178 -0.73910940
vn 0.02655123 -0.73861575 -0.67360360
vn -0.00220718 -0.79878644 -0.60161063
vn -0.03094433 -0.85126439 -0.52382381
vn -0.05938347 -0.89554419 -0.44099229
vn -0.08725072 -0.93119942 -0.35391378
vn -0.11427769 -0.95788668 -0.26342687
vn -0.14020411 -0.97534897 -0.17040303
vn -0.16478028 -0.98341812 -0.07573811
vn -0.18776953 -0.98201641 0.01965621
vn -0.20895046 -0.97115735 0.11486123
vn -0.22811908 -0.95094552 0.20896007
vn -0.24509079 -0.92157555 0.30104652
vn -0.25970214 -0.88333031 0.39023372
vn -0.27181242 -0.83657812 0.47566276
vn -0.28130499 -0.78176922 0.55651090
vn -0.28808845 -0.71943146 0.63199954
vn -0.29209745 -0.65016518 0.70140168
vn -0.29329340 -0.57463746 0.76404894
vn -0.29166477 -0.49357566 0.81933799
vn -0.28722725 -0.40776045 0.86673636
vn 0.28722725 0.40776045 -0.86673636
vn 0.28923643 0.31672957 -0.90334084
vn 0.28846010 0.22264840 -0.93124565
vn 0.28490575 0.12642301 -0.95018205
vn 0.27860760 0.02898010 -0.95996769
vn 0.26962630 -0.06874191 -0.96050831
vn 0.25804836 -0.16580189 -0.95179871
vn 0.24398527 -0.26126512 -0.93392276
vn 0.22757246 -0.35421221 -0.90705263
vn 0.20896801 -0.44374805 -0.87144709
vn 0.18835109 -0.52901035 -0.82744904
vn 0.16592024 -0.60917800 -0.77548220
vn 0.14189149 -0.68347893 -0.71604704
vn 0.11649624 -0.75119758 -0.64971596
vn 0.08997908 -0.81168178 -0.57712776
vn 0.06259536 -0.86434905 -0.49898150
vn 0.03460882 -0.90869217 -0.41602978
vn 0.00628897 -0.94428408 -0.32907146
vn -0.02209144 -0.97078202 -0.23894400
vn -0.05025910 -0.98793080 -0.14651539
vn -0.07794273 -0.99556526 -0.05267575
vn -0.10487574 -0.99361189 0.04167119
vn -0.13079873 -0.98208949 0.13561681
vn -0.15546206 -0.96110904 0.22825636
vn -0.17862820 -0.93087258 0.31869768
vn -0.20007406 -0.89167130 0.40606977
vn -0.21959310 -0.84388275 0.48953119
vn -0.23699733 -0.78796714 0.56827815
vn -0.25211915 -0.72446297 0.64155228
vn -0.26481293 -0.65398184 0.70864792
vn -0.27495641 -0.57720250 0.76891888
vn -0.28245191 -0.49486438 0.82178474
vn -0.28722725 -0.40776045 0.86673636
vn 0.28722725 0.40776045 -0.86673636
vn 0.29841661 0.31629861 -0.90050137
vn 0.30673206 0.22179063 -0.92559406
vn 0.31209352 0.12514670 -0.94177277
vn 0.31444934 0.02729753 -0.94888169
vn 0.31377684 -0.07081453 -0.94685236
vn 0.31008250 -0.16824461 -0.93570433
vn 0.30340190 -0.26405440 -0.91554495
vn 0.29379937 -0.35732120 -0.88656838
vn 0.28136739 -0.44714680 -0.84905367
vn 0.26622569 -0.53266614 -0.80336210
vn 0.24852009 -0.61305561 -0.74993372
vn 0.22842111 -0.68754101 -0.68928307
vn 0.20612230 -0.75540503 -0.62199425
vn 0.18183843 -0.81599407 -0.54871528
vn 0.15580335 -0.86872465 -0.47015188
vn 0.12826780 -0.91308894 -0.38706066
vn 0.09949697 -0.94865968 -0.30024184
vn 0.06976792 -0.97509431 -0.21053153
vn 0.03936697 -0.99213825 -0.11879368
vn 0.00858689 -0.99962735 -0.02591178
vn -0.02227588 -0.99748950 0.06721966
vn -0.05292413 -0.98574528 0.15970374
vn -0.08306268 -0.96450779 0.25064979
vn -0.11240130 -0.93398156 0.33918194
vn -0.14065743 -0.89446058 0.42444758
vn -0.16755895 -0.84632546 0.50562556
vn -0.19284679 -0.79003976 0.58193409
vn -0.21627741 -0.72614555 0.65263828
vn -0.23762516 -0.65525815 0.71705721
vn -0.25668445 -0.57806027 0.77457048
vn -0.27327173 -0.49529534 0.82462421
vn -0.28722725 -0.40776045 0.86673636
vn 0.28722725 0.40776045 -0.86673636
vn 0.30747572 0.31672957 -0.89729653
vn 0.32476303 0.22264840 -0.91921524
vn 0.33892270 0.12642301 -0.93228141
vn 0.34981836 0.02898010 -0.93636920
vn 0.35734507 -0.06874191 -0.93143924
vn 0.36143036 -0.16580189 -0.91753901
vn 0.36203487 -0.26126512 -0.89480238
vn 0.35915279 -0.35421221 -0.86344831
vn 0.35281187 -0.44374805 -0.82377876
vn 0.34307318 -0.52901035 -0.77617578
vn 0.33003051 -0.60917800 -0.72109779
vn 0.31380947 -0.68347893 -0.65907524
vn 0.29456627 -0.75119758 -0.59070544
vn 0.27248623 -0.81168178 -0.51664682
vn 0.24778200 -0.86434905 -0.43761261
vn 0.22069150 -0.90869217 -0.35436395
vn 0.19147562 -0.94428408 -0.26770257
vn 0.16041572 -0.97078202 -0.17846307
vn 0.12781093 -0.98793080 -0.08750487
vn 0.09397525 -0.99556526 0.00429605
vn 0.05923454 -0.99361189 0.09605559
vn 0.02392337 -0.98208949 0.18689007
vn -0.01161820 -0.96110904 0.27592469
vn -0.04704788 -0.93087258 0.36230201
vn -0.08202446 -0.89167130 0.44519016
vn -0.11621110 -0.84388275 0.52379089
vn -0.14927856 -0.78796714 0.59734722
vn -0.18090839 -0.72446297 0.66515077
vn -0.21079598 -0.65398184 0.72654856
vn -0.23865348 -0.57720250 0.78094929
vn -0.26421262 -0.49486438 0.82782905
vn -0.28722725 -0.40776045 0.86673636
vn 0.28722725 0.40776045 -0.86673636
vn 0.31632650 0.31801829 -0.89375719
vn 0.34237936 0.22521345 -0.91217064
vn 0.36513492 0.13023967 -0.92179939
vn 0.38437403 0.03401161 -0.92255071
vn 0.39991140 -0.06254400 -0.91441737
vn 0.41159741 -0.15849727 -0.89747768
vn 0.41931952 -0.25292413 -0.87189479
vn 0.42300334 -0.34491519 -0.83791508
vn 0.42261342 -0.43358453 -0.79586579
vn 0.41815349 -0.51807821 -0.74615188
vn 0.40966652 -0.59758252 -0.68925211
vn 0.39723424 -0.67133178 -0.62571447
vn 0.38097637 -0.73861575 -0.55615086
vn 0.36104949 -0.79878644 -0.48123122
vn 0.33764551 -0.85126439 -0.40167705
vn 0.31098982 -0.89554419 -0.31825451
vn 0.28133912 -0.93119942 -0.23176701
vn 0.24897898 -0.95788668 -0.14304746
vn 0.21422103 -0.97534897 -0.05295029
vn 0.17740002 -0.98341812 0.03765682
vn 0.13887055 -0.98201641 0.12790127
vn 0.09900367 -0.97115735 0.21691397
vn 0.05818334 -0.95094552 0.30383766
vn 0.01680267 -0.92157555 0.38783524
vn -0.02473981 -0.88333031 0.46809774
vn -0.06604404 -0.83657812 0.54385221
vn -0.10671223 -0.78176922 0.61436909
vn -0.14635272 -0.71943146 0.67896926
vn -0.18458376 -0.65016518 0.73703058
vn -0.22103715 -0.57463746 0.78799389
vn -0.25536184 -0.49357566 0.83136839
vn -0.28722725 -0.40776045 0.86673636
vn 0.28722725 0.40776045 -0.86673636
vn 0.32488372 0.32015238 -0.88991742
vn 0.35941139 0.22946106 -0.90452809
vn 0.39047773 0.13655991 -0.91042766
vn 0.41778356 0.04234361 -0.90755932
vn 0.44106590 -0.05228048 -0.89595068
vn 0.46010054 -0.14640109 -0.87571355
vn 0.47470415 -0.23911177 -0.84704282
vn 0.48473611 -0.32951967 -0.81021460
vn 0.49009979 -0.41675412 -0.76558357
vn 0.49074354 -0.49997499 -0.71357955
vn 0.48666117 -0.57838084 -0.65470338
vn 0.47789198 -0.65121656 -0.58952205
vn 0.46452043 -0.71778071 -0.51866330
vn 0.44667530 -0.77743224 -0.44280954
vn 0.42452843 -0.82959667 -0.36269128
vn 0.39829313 -0.87377164 -0.27908011
vn 0.36822205 -0.90953170 -0.19278124
vn 0.33460478 -0.93653248 -0.10462579
vn 0.29776509 -0.95451394 -0.01546273
vn 0.25805776 -0.96330290 0.07384924
vn 0.21586520 -0.96281473 0.16245001
vn 0.17159373 -0.95305413 0.24948629
vn 0.12566972 -0.93411510 0.33411989
vn 0.07853544 -0.90618003 0.41553572
vn 0.03064482 -0.86951795 0.49294972
vn -0.01754092 -0.82448194 0.56561635
vn -0.06555773 -0.77150571 0.63283578
vn -0.11294319 -0.71109947 0.69396065
vn -0.15924095 -0.64384494 0.74840231
vn -0.20400512 -0.57038984 0.79563644
vn -0.24680462 -0.49144157 0.83520816
vn -0.28722725 -0.40776045 0.86673636
vn 0.28722725 0.40776045 -0.86673636
vn 0.33306497 0.32311127 -0.88581422
vn 0.37569510 0.23535034 -0.89636120
vn 0.41470708 0.14532286 -0.89827574
vn 0.44972520 0.05389585 -0.89153939
vn 0.48041222 -0.03805022 -0.87621703
vn 0.50647261 -0.12962984 -0.85245621
vn 0.52765540 -0.21996105 -0.82048578
vn 0.54375657 -0.30817392 -0.78061363
vn 0.55462107 -0.39341890 -0.73322373
vn 0.56014426 -0.47487504 -0.67877249
vn 0.56027296 -0.55175788 -0.61778430
vn 0.55500593 -0.62332699 -0.55084651
vn 0.54439388 -0.68889312 -0.47860377
vn 0.52853903 -0.74782483 -0.40175181
vn 0.50759405 -0.79955458 -0.32103076
vn 0.48176067 -0.84358418 -0.23721801
vn 0.45128766 -0.87948961 -0.15112073
vn 0.41646851 -0.90692507 -0.06356806
vn 0.37763854 -0.92562634 0.02459680
vn 0.33517171 -0.93541333 0.11252478
vn 0.28947699 -0.93619178 0.19936908
vn 0.24099445 -0.92795418 0.28429335
vn 0.19019099 -0.91077988 0.36647972
vn 0.13755590 -0.88483428 0.44513669
vn 0.08359607 -0.85036723 0.51950675
vn 0.02883116 -0.80771069 0.58887368
vn -0.02621141 -0.75727545 0.65256943
vn -0.08100155 -0.69954723 0.70998058
vn -0.13501160 -0.63508199 0.76055423
vn -0.18772141 -0.56450056 0.80380333
vn -0.23862337 -0.48848268 0.83931136
vn -0.28722725 -0.40776045 0.86673636
vn 0.28722725 0.40776045 -0.86673636
vn 0.34079146 0.32686646 -0.88148709
vn 0.39107366 0.24282457 -0.88774862
vn 0.43758961 0.15644414 -0.88546065
vn 0.47989134 0.06855707 -0.87464520
vn 0.51757145 -0.01999024 -0.85540645
vn 0.55026706 -0.10834503 -0.82792966
vn 0.57766330 -0.19565641 -0.79247946
vn 0.59949632 -0.28108350 -0.74939724
vn 0.61555587 -0.36380361 -0.69909792
vn 0.62568728 -0.44302009 -0.64206591
vn 0.62979298 -0.51797004 -0.57885045
vn 0.62783343 -0.58793166 -0.51006034
vn 0.61982749 -0.65223118 -0.43635808
vn 0.60585229 -0.71024935 -0.35845344
vn 0.58604239 -0.76142743 -0.27709671
vn 0.56058858 -0.80527255 -0.19307138
vn 0.52973600 -0.84136246 -0.10718667
vn 0.49378177 -0.86934958 -0.02026969
vn 0.45307216 -0.88896440 0.06684249
vn 0.40799921 -0.90001800 0.15331095
vn 0.35899700 -0.90240393 0.23830294
vn 0.30653746 -0.89609923 0.32099994
vn 0.25112580 -0.88116459 0.40060553
vn 0.19329565 -0.85774386 0.47635308
vn 0.13360397 -0.82606259 0.54751308
vn 0.07262560 -0.78642589 0.61340024
vn 0.01094781 -0.73921547 0.67338001
vn -0.05083541 -0.68488600 0.72687477
vn -0.11212906 -0.62396071 0.77336932
vn -0.17234285 -0.55702633 0.81241591
vn -0.23089688 -0.48472749 0.84363848
vn -0.28722725 -0.40776045 0.86673636
vn 0.28722725 0.40776045 -0.86673636
vn 0.34798877 0.33138180 -0.87697772
vn 0.40539898 0.25181176 -0.87877329
vn 0.45890497 0.16981664 -0.87210581
vn 0.50799145 0.08618609 -0.85703946
vn 0.55218570 0.00172552 -0.83371936
vn 0.59106210 -0.08275167 -0.80237008
vn 0.62424625 -0.16643191 -0.76329355
vn 0.65141857 -0.24850932 -0.71686607
vn 0.67231736 -0.32819345 -0.66353479
vn 0.68674138 -0.40471691 -0.60381330
vn 0.69455170 -0.47734271 -0.53827676
vn 0.69567311 -0.54537144 -0.46755632
vn 0.69009480 -0.60814795 -0.39233306
vn 0.67787051 -0.66506766 -0.31333142
vn 0.65911795 -0.71558241 -0.23131222
vn 0.63401772 -0.75920571 -0.14706536
vn 0.60281156 -0.79551744 -0.06140218
vn 0.56579999 -0.82416790 0.02485233
vn 0.52333946 -0.84488118 0.11086751
vn 0.47583889 -0.85745778 0.19581497
vn 0.42375572 -0.86177660 0.27887662
vn 0.36759156 -0.85779604 0.35925254
vn 0.30788729 -0.84555444 0.43616866
vn 0.24521790 -0.82516969 0.50888424
vn 0.18018692 -0.79683809 0.57669899
vn 0.11342065 -0.76083252 0.63895981
vn 0.04556207 -0.71749971 0.69506710
vn -0.02273530 -0.66725698 0.74448051
vn -0.09081371 -0.61058821 0.78672416
vn -0.15801753 -0.54803914 0.82139124
vn -0.22369957 -0.48021215 0.84814786
vn -0.28722725 -0.40776045 0.86673636
vn 0.28722725 0.40776045 -0.86673636
vn 0.35458760 0.33661380 -0.87232951
vn 0.41853308 0.26222538 -0.86952166
vn 0.47844786 0.18531158 -0.85833983
vn 0.53375493 0.10661312 -0.83889172
vn 0.58392164 0.02688793 -0.81136463
vn 0.62846487 -0.05309621 -0.77602365
vn 0.66695564 -0.13256900 -0.73320913
vn 0.69902326 -0.21076509 -0.68333342
vn 0.72435890 -0.28693138 -0.62687683
vn 0.74271858 -0.36033438 -0.56438307
vn 0.75392546 -0.43026715 -0.49645400
vn 0.75787164 -0.49605622 -0.42374380
vn 0.75451909 -0.55706800 -0.34695272
vn 0.74390011 -0.61271490 -0.26682029
vn 0.72611697 -0.66246103 -0.18411824
vn 0.70134093 -0.70582730 -0.09964303
vn 0.66981059 -0.74239606 -0.01420820
vn 0.63182960 -0.77181514 0.07136346
vn 0.58776375 -0.79380122 0.15624785
vn 0.53803742 -0.80814256 0.23962749
vn 0.48312949 -0.81470105 0.32069939
vn 0.42356876 -0.81341352 0.39868277
vn 0.35992883 -0.80429237 0.47282663
vn 0.29282259 -0.78742545 0.54241690
vn 0.22289631 -0.76297519 0.60678340
vn 0.15082341 -0.73117706 0.66530625
vn 0.07729801 -0.69233730 0.71742183
vn 0.00302818 -0.64682995 0.76262825
vn -0.07127081 -0.59509327 0.80049014
vn -0.14488343 -0.53762552 0.83064288
vn -0.21710074 -0.47498015 0.85279607
vn -0.28722725 -0.40776045 0.86673636
vn 0.28722725 0.40776045 -0.86673636
vn 0.36052439 0.34251207 -0.86758725
vn 0.43034949 0.27396511 -0.86008280
vn 0.49603009 0.20277972 -0.84429529
vn 0.55693365 0.12964145 -0.82037675
vn 0.61247363 0.05525466 -0.78855753
vn 0.66211515 -0.01966426 -0.74914407
vn 0.70538015 -0.09439381 -0.70251595
vn 0.74185195 -0.16821429 -0.64912221
vn 0.77117930 -0.24041477 -0.58947707
vn 0.79307978 -0.31029993 -0.52415495
vn 0.80734247 -0.37719674 -0.45378492
vn 0.81383001 -0.44046093 -0.37904470
vn 0.81247992 -0.49948324 -0.30065407
vn 0.80330521 -0.55369525 -0.21936798
vn 0.78639422 -0.60257488 -0.13596926
vn 0.76190983 -0.64565138 -0.05126107
vn 0.73008784 -0.68250991 0.03394078
vn 0.69123469 -0.71279549 0.11881577
vn 0.64572458 -0.73621646 0.20254650
vn 0.59399579 -0.75254727 0.28432659
vn 0.53654650 -0.76163063 0.36336846
vn 0.47392997 -0.76337907 0.43891090
vn 0.40674923 -0.75777576 0.51022638
vn 0.33565128 -0.74487465 0.57662811
vn 0.26132082 -0.72479999 0.63747659
vn 0.18447370 -0.69774511 0.69218582
vn 0.10584999 -0.66397057 0.74022893
vn 0.02620690 -0.62380162 0.78114322
vn -0.05368859 -0.57762513 0.81453468
vn -0.13306702 -0.52588579 0.84008173
vn -0.21116395 -0.46908188 0.85753833
vn -0.28722725 -0.40776045 0.86673636
vn 0.28722725 0.40776045 -0.86673636
vn 0.36574197 0.34901981 -0.86279660
vn 0.44073440 0.28691792 -0.85054764
vn 0.51148232 0.22205285 -0.83010744
vn 0.57730438 0.15504929 -0.80167286
vn 0.63756669 0.08655252 -0.76551772
vn 0.69168888 0.01722221 -0.72199023
vn 0.73914973 -0.05227397 -0.67150958
vn 0.77949216 -0.12126672 -0.61456192
vn 0.81232765 -0.18909160 -0.55169570
vn 0.83733999 -0.25509543 -0.48351635
vn 0.85428829 -0.31864255 -0.41068047
vn 0.86300932 -0.37912097 -0.33388951
vn 0.86341910 -0.43594825 -0.25388301
vn 0.85551368 -0.48857710 -0.17143149
vn 0.83936920 -0.53650069 -0.08732898
vn 0.81514113 -0.57925749 -0.00238545
vn 0.78306281 -0.61643572 0.08258106
vn 0.74344317 -0.64767734 0.16675227
vn 0.69666376 -0.67268147 0.24931756
vn 0.64317510 -0.69120731 0.32948178
vn 0.58349231 -0.70307645 0.40647292
vn 0.51819017 -0.70817457 0.47954950
vn 0.44789758 -0.70645259 0.54800775
vn 0.37329149 -0.69792708 0.61118839
vn 0.29509040 -0.68268016 0.66848296
vn 0.21404742 -0.66085865 0.71933966
vn 0.13094305 -0.63267271 0.76326874
vn 0.04657763 -0.59839378 0.79984711
vn -0.03823636 -0.55835200 0.82872253
vn -0.12268211 -0.51293298 0.84961689
vn -0.20594637 -0.46257414 0.86232897
vn -0.28722725 -0.40776045 0.86673636
vn 0.28722725 0.40776045 -0.86673636
vn 0.37019009 0.35607435 -0.85800370
vn 0.44958781 0.30095905 -0.84100800
vn 0.52465574 0.24294535 -0.81591293
vn 0.59467096 0.18259196 -0.78296017
vn 0.65895916 0.12048010 -0.74246708
vn 0.71690124 0.05720796 -0.69482362
vn 0.76793916 -0.00661513 -0.64048864
vn 0.81158140 -0.07037451 -0.57998539
vn 0.84740768 -0.13345614 -0.51389657
vn 0.87507295 -0.19525252 -0.44285865
vn 0.89431079 -0.25516851 -0.36755575
vn 0.90493594 -0.31262709 -0.28871310
vn 0.90684605 -0.36707490 -0.20708997
vn 0.90002274 -0.41798758 -0.12347246
vn 0.88453172 -0.46487481 -0.03866584
vn 0.86052218 -0.50728504 0.04651315
vn 0.82822534 -0.54480983 0.13124420
vn 0.78795223 -0.57708781 0.21471129
vn 0.74009071 -0.60380812 0.29611060
vn 0.68510172 -0.62471343 0.37465820
vn 0.62351482 -0.63960241 0.44959763
vn 0.55592313 -0.64833166 0.52020720
vn 0.48297760 -0.65081713 0.58580688
vn 0.40538073 -0.64703487 0.64576492
vn 0.32387983 -0.63702131 0.69950390
vn 0.23925978 -0.62087289 0.74650627
vn 0.15233553 -0.59874512 0.78631938
vn 0.06394421 -0.57085112 0.81855980
vn -0.02506294 -0.53745950 0.84291704
vn -0.11382871 -0.49889185 0.85915653
vn -0.20149825 -0.45551960 0.86712188
vn -0.28722725 -0.40776045 0.86673636
vn 0.28722725 0.40776045 -0.86673636
vn 0.37382592 0.36360774 -0.85325471
vn 0.45682444 0.31595328 -0.83155575
vn 0.53542349 0.26525602 -0.80184845
vn 0.60886612 0.21200420 -0.76441891
vn 0.67644503 0.15671066 -0.71962760
vn 0.73750942 0.09990792 -0.66790588
vn 0.79147118 0.04214300 -0.60975187
vn 0.83781064 -0.01602777 -0.54572561
vn 0.87608153 -0.07404419 -0.47644371
vn 0.90591527 -0.13134752 -0.40257340
vn 0.92702456 -0.18738591 -0.32482609
vn 0.93920609 -0.24161966 -0.24395053
vn 0.94234255 -0.29352649 -0.16072559
vn 0.93640374 -0.34260649 -0.07595277
vn 0.92144685 -0.38838701 0.00955151
vn 0.89761592 -0.43042715 0.09496380
vn 0.86514046 -0.46832204 0.17946155
vn 0.82433323 -0.50170673 0.26223098
vn 0.77558721 -0.53025971 0.34247498
vn 0.71937187 -0.55370600 0.41942076
vn 0.65622858 -0.57181980 0.49232729
vn 0.58676546 -0.58442666 0.56049244
vn 0.51165146 -0.59140518 0.62325974
vn 0.43160997 -0.59268814 0.68002471
vn 0.34741185 -0.58826318 0.73024067
vn 0.25986796 -0.57817294 0.77342401
vn 0.16982140 -0.56251457 0.80915886
vn 0.07813937 -0.54143887 0.83710106
vn -0.01429519 -0.51514883 0.85698152
vn -0.10659208 -0.48389762 0.86860879
vn -0.19786242 -0.44798621 0.87187087
vn -0.28722725 -0.40776045 0.86673636
vn 0.28722725 0.40776045 -0.86673636
vn 0.37661443 0.37154743 -0.84859536
vn 0.46237460 0.33175621 -0.82228191
vn 0.54368186 0.28876999 -0.78804945
vn 0.61975316 0.24300276 -0.74622763
vn 0.68985590 0.19489528 -0.69721924
vn 0.75331495 0.14491085 -0.64149624
vn 0.80951917 0.09353085 -0.57959529
vn 0.85792727 0.04125009 -0.51211251
vn 0.89807307 -0.01142792 -0.43969781
vn 0.92956993 -0.06399588 -0.36304858
vn 0.95211452 -0.11594752 -0.28290300
vn 0.96548974 -0.16678252 -0.20003290
vn 0.96956675 -0.21601132 -0.11523638
vn 0.96430631 -0.26315981 -0.02933007
vn 0.94975907 -0.30777392 0.05685871
vn 0.92606514 -0.34942401 0.14249990
vn 0.89345269 -0.38770895 0.22676875
vn 0.85223580 -0.42226004 0.30885368
vn 0.80281141 -0.45274454 0.38796419
vn 0.74565552 -0.47886886 0.46333839
vn 0.68131855 -0.50038141 0.53425039
vn 0.61042011 -0.51707502 0.60001726
vn 0.53364299 -0.52878891 0.66000564
vn 0.45172660 -0.53541027 0.71363781
vn 0.36545984 -0.53687534 0.76039725
vn 0.27567350 -0.53317000 0.79983365
vn 0.18323227 -0.52432995 0.83156722
vn 0.08902641 -0.51044032 0.85529234
vn -0.00603682 -0.49163486 0.87078052
vn -0.10104191 -0.46809469 0.87788262
vn -0.19507391 -0.44004652 0.87653022
vn -0.28722725 -0.40776045 0.86673636
vn 0.28722725 0.40776045 -0.86673636
vn 0.37852877 0.37981697 -0.84407052
vn 0.46618485 0.34821564 -0.81327581
vn 0.54935132 0.31326081 -0.77464882
vn 0.62722724 0.27528910 -0.72856153
vn 0.69906261 0.23466621 -0.67545780
vn 0.76416563 0.19178335 -0.61584904
vn 0.82190931 0.14705352 -0.55030932
vn 0.87173756 0.10090748 -0.47946981
vn 0.91317050 0.05378964 -0.40401275
vn 0.94580911 0.00615379 -0.32466483
vn 0.96933906 -0.04154134 -0.24219021
vn 0.98353375 -0.08883639 -0.15738316
vn 0.98825647 -0.13527591 -0.07106043
vn 0.98346173 -0.18041264 0.01594666
vn 0.96919573 -0.22381190 0.10280016
vn 0.94559584 -0.26505573 0.18866365
vn 0.91288934 -0.30374693 0.27271020
vn 0.87139122 -0.33951287 0.35413041
vn 0.82150113 -0.37200913 0.43214014
vn 0.76369953 -0.40092273 0.50598813
vn 0.69854309 -0.42597523 0.57496318
vn 0.62665930 -0.44692535 0.63840101
vn 0.54874043 -0.46357134 0.69569070
vn 0.46553689 -0.47575288 0.74628051
vn 0.37784998 -0.48335267 0.78968322
vn 0.28652417 -0.48629750 0.82548085
vn 0.19243897 -0.48455902 0.85332866
vn 0.09650049 -0.47815397 0.87295844
vn -0.00036736 -0.46714404 0.88418115
vn -0.09723166 -0.45163526 0.88688872
vn -0.19315957 -0.43177698 0.88105506
vn -0.28722725 -0.40776045 0.86673636
vn 0.28722725 0.40776045 -0.86673636
vn 0.37955051 0.38833671 -0.83972377
vn 0.46821849 0.36517307 -0.80462418
vn 0.55237728 0.33849262 -0.76177562
vn 0.63121636 0.30855229 -0.71159074
vn 0.70397649 0.27564044 -0.65455286
vn 0.76995694 0.24007402 -0.59121127
vn 0.82852229 0.20219556 -0.52217600
vn 0.87910851 0.16236985 -0.44811188
vn 0.92122844 0.12098042 -0.36973220
vn 0.95447643 0.07842588 -0.28779180
vn 0.97853230 0.03511607 -0.20307981
vn 0.99316436 -0.00853194 -0.11641205
vn 0.99823170 -0.05209778 -0.02862317
vn 0.99368553 -0.09516189 0.05944136
vn 0.97956963 -0.13730953 0.14693343
vn 0.95601993 -0.17813482 0.23301046
vn 0.92326324 -0.21724456 0.31684347
vn 0.88161502 -0.25426212 0.39762511
vn 0.83147637 -0.28883100 0.47457740
vn 0.77333014 -0.32061828 0.54695924
vn 0.70773632 -0.34931783 0.61407357
vn 0.63532661 -0.37465326 0.67527404
vn 0.55679836 -0.39638057 0.72997125
vn 0.47290784 -0.41429052 0.77763844
vn 0.38446296 -0.42821062 0.81781654
vn 0.29231549 -0.43800683 0.85011862
vn 0.19735286 -0.44358479 0.87423360
vn 0.10048961 -0.44489078 0.88992923
vn 0.00265860 -0.44191223 0.89705435
vn -0.09519802 -0.43467783 0.89554035
vn -0.19213783 -0.42325724 0.88540181
vn -0.28722725 -0.40776045 0.86673636
vn 0.28722725 0.40776045 -0.86673636
vn 0.37966981 0.39702460 -0.83559697
vn 0.46845594 0.38246519 -0.79641033
vn 0.55273058 0.36422242 -0.74955382
vn 0.63168213 0.34247199 -0.69547870
vn 0.70455023 0.31742338 -0.63470574
vn 0.77063313 0.28931780 -0.56782021
vn 0.82929441 0.25842593 -0.49546627
vn 0.87996913 0.22504528 -0.41834071
vn 0.92216927 0.18949732 -0.33718630
vn 0.95548841 0.15212440 -0.25278461
vn 0.97960568 0.11328643 -0.16594846
vn 0.99428881 0.07335746 -0.07751414
vn 0.99939640 0.03272201 0.01166669
vn 0.99487925 -0.00822856 0.10073516
vn 0.98078087 -0.04909989 0.18883349
vn 0.95723703 -0.08949837 0.27511326
vn 0.92447448 -0.12903492 0.35874353
vn 0.88280874 -0.16732880 0.43891891
vn 0.83264106 -0.20401121 0.51486726
vn 0.77445459 -0.23872888 0.58585715
vn 0.70880971 -0.27114746 0.65120492
vn 0.63633860 -0.30095474 0.71028124
vn 0.55773920 -0.32786367 0.76251715
vn 0.47376846 -0.35161508 0.80740961
vn 0.38523508 -0.37198026 0.84452627
vn 0.29299167 -0.38876305 0.87350968
vn 0.19792660 -0.40180185 0.89408072
vn 0.10095538 -0.41097108 0.90604127
vn 0.00301190 -0.41618243 0.90927615
vn -0.09496058 -0.41738572 0.90375420
vn -0.19201853 -0.41456935 0.88952860
vn -0.28722725 -0.40776045 0.86673636
vn 0.28722725 0.40776045 -0.86673636
vn 0.37888551 0.40579698 -0.83172987
vn 0.46689490 0.39992545 -0.78871337
vn 0.55040784 0.39020242 -0.73810113
vn 0.62862004 0.37672154 -0.68038057
vn 0.70077830 0.35961261 -0.61610758
vn 0.76618767 0.33904043 -0.54590113
vn 0.82421824 0.31520309 -0.47043735
vn 0.87431114 0.28833018 -0.39044301
vn 0.91598394 0.25868049 -0.30668849
vn 0.94883531 0.22653957 -0.21998039
vn 0.97254889 0.19221695 -0.13115375
vn 0.98689628 0.15604317 -0.04106404
vn 0.99173933 0.11836661 0.04942115
vn 0.98703138 0.07955012 0.13943038
vn 0.97281778 0.03996751 0.22809682
vn 0.94923542 -0.00000000 0.31456656
vn 0.91651140 -0.03996751 0.39800686
vn 0.87496087 -0.07955012 0.47761413
vn 0.82498399 -0.11836661 0.55262172
vn 0.76706207 -0.15604317 0.62230725
vn 0.70175291 -0.19221695 0.68599963
vn 0.62968550 -0.22653957 0.74308546
vn 0.55155386 -0.25868049 0.79301497
vn 0.46811047 -0.28833018 0.83530731
vn 0.38015891 -0.31520309 0.86955518
vn 0.28854621 -0.33904043 0.89542876
vn 0.19415466 -0.35961261 0.91267888
vn 0.09789329 -0.37672154 0.92113940
vn 0.00068916 -0.39020242 0.92072884
vn -0.09652161 -0.39992545 0.91145116
vn -0.19280283 -0.40579698 0.89339570
vn -0.28722725 -0.40776045 0.86673636
f 1/1/1 34/34/34 35/35/35
f 1/1/1 35/35/35 2/2/2
f 2/2/2 35/35/35 36/36/36
f 2/2/2 36/36/36 3/3/3
f 3/3/3 36/36/36 37/37/37
f 3/3/3 37/37/37 4/4/4
f 4/4/4 37/37/37 38/38/38
f 4/4/4 38/38/38 5/5/5
f 5/5/5 38/38/38 39/39/39
f 5/5/5 39/39/39 6/6/6
f 6/6/6 39/39/39 40/40/40
f 6/6/6 40/40/40 7/7/7
f 7/7/7 40/40/40 41/41/41
f 7/7/7 41/41/41 8/8/8
f 8/8/8 41/41/41 42/42/42
f 8/8/8 42/42/42 9/9/9
f 9/9/9 42/42/42 43/43/43
f 9/9/9 43/43/43 10/10/10
f 10/10/10 43/43/43 44/44/44
f 10/10/10 44/44/44 11/11/11
f 11/11/11 44/44/44 45/45/45
f 11/11/11 45/45/45 12/12/12
f 12/12/12 45/45/45 46/46/46
f 12/12/12 46/46/46 13/13/13
f 13/13/13 46/46/46 47/47/47
f 13/13/13 47/47/47 14/14/14
f 14/14/14 47/47/47 48/48/48
f 14/14/14 48/48/48 15/15/15
f 15/15/15 48/48/48 49/49/49
f 15/15/15 49/49/49 16/16/16
f 16/16/16 49/49/49 50/50/50
f 16/16/16 50/50/50 17/17/17
f 17/17/17 50/50/50 51/51/51
f 17/17/17 51/51/51 18/18/18
f 18/18/18 51/51/51 52/52/52
f 18/18/18 52/52/52 19/19/19
f 19/19/19 52/52/52 53/53/53
f 19/19/19 53/53/53 20/20/20
f 20/20/20 53/53/53 54/54/54
f 20/20/20 54/54/54 21/21/21
f 21/21/21 54/54/54 55/55/55
f 21/21/21 55/55/55 22/22/22
f 22/22/22 55/55/55 56/56/56
f 22/22/22 56/56/56 23/23/23
f 23/23/23 56/56/56 57/57/57
f 23/23/23 57/57/57 24/24/24
f 24/24/24 57/57/57 58/58/58
f 24/24/24 58/58/58 25/25/25
f 25/25/25 58/58/58 59/59/59
f 25/25/25 59/59/59 26/26/26
f 26/26/26 59/59/59 60/60/60
f 26/26/26 60/60/60 27/27/27
f 27/27/27 60/60/60 61/61/61
f 27/27/27 61/61/61 28/28/28
f 28/28/28 61/61/61 62/62/62
f 28/28/28 62/62/62 29/29/29
f 29/29/29 62/62/62 63/63/63
f 29/29/29 63/63/63 30/30/30
f 30/30/30 63/63/63 64/64/64
f 30/30/30 64/64/64 31/31/31
f 31/31/31 64/64/64 65/65/65
f 31/31/31 65/65/65 32/32/32
f 32/32/32 65/65/65 66/66/66
f 32/32/32 66/66/66 33/33/33
f 34/34/34 67/67/67 68/68/68
f 34/34/34 68/68/68 35/35/35
f 35/35/35 68/68/68 69/69/69
f 35/35/35 69/69/69 36/36/36
f 36/36/36 69/69/69 70/70/70
f 36/36/36 70/70/70 37/37/37
f 37/37/37 70/70/70 71/71/71
f 37/37/37 71/71/71 38/38/38
f 38/38/38 71/71/71 72/72/72
f 38/38/38 72/72/72 39/39/39
f 39/39/39 72/72/72 73/73/73
f 39/39/39 73/73/73 40/40/40
f 40/40/40 73/73/73 74/74/74
f 40/40/40 74/74/74 41/41/41
f 41/41/41 74/74/74 75/75/75
f 41/41/41 75/75/75 42/42/42
f 42/42/42 75/75/75 76/76/76
f 42/42/42 76/76/76 43/43/43
f 43/43/43 76/76/76 77/77/77
f 43/43/43 77/77/77 44/44/44
f 44/44/44 77/77/77 78/78/78
f 44/44/44 78/78/78 45/45/45
f 45/45/45 78/78/78 79/79/79
f 45/45/45 79/79/79 46/46/46
f 46/46/46 79/79/79 80/80/80
f 46/46/46 80/80/80 47/47/47
f 47/47/47 80/80/80 81/81/81
f 47/47/47 81/81/81 48/48/48
f 48/48/48 81/81/81 82/82/82
f 48/48/48 82/82/82 49/49/49
f 49/49/49 82/82/82 83/83/83
f 49/49/49 83/83/83 50/50/50
f 50/50/50 83/83/83 84/84/84
f 50/50/50 84/84/84 51/51/51
f 51/51/51 84/84/84 85/85/85
f 51/51/51 85/85/85 52/52/52
f 52/52/52 85/85/85 86/86/86
f 52/52/52 86/86/86 53/53/53
f 53/53/53 86/86/86 87/87/87
f 53/53/53 87/87/87 54/54/54
f 54/54/54 87/87/87 88/88/88
f 54/54/54 88/88/88 55/55/55
f 55/55/55 88/88/88 89/89/89
f 55/55/55 89/89/89 56/56/56
f 56/56/56 89/89/89 90/90/90
f 56/56/56 90/90/90 57/57/57
f 57/57/57 90/90/90 91/91/91
f 57/57/57 91/91/91 58/58/58
f 58/58/58 91/91/91 92/92/92
f 58/58/58 92/92/92 59/59/59
f 59/59/59 92/92/92 93/93/93
f 59/59/59 93/93/93 60/60/60
f 60/60/60 93/93/93 94/94/94
f 60/60/60 94/94/94 61/61/61
f 61/61/61 94/94/94 95/95/95
f 61/61/61 95/95/95 62/62/62
f 62/62/62 95/95/95 96/96/96
f 62/62/62 96/96/96 63/63/63
f 63/63/63 96/96/96 97/97/97
f 63/63/63 97/97/97 64/64/64
f 64/64/64 97/97/97 98/98/98
f 64/64/64 98/98/98 65/65/65
f 65/65/65 98/98/98 99/99/99
f 65/65/65 99/99/99 66/66/66
f 67/67/67 100/100/100 101/101/101
f 67/67/67 101/101/101 68/68/68
f 68/68/68 101/101/101 102/102/102
f 68/68/68 102/102/102 69/69/69
f 69/69/69 102/102/102 103/103/103
f 69/69/69 103/103/103 70/70/70
f 70/70/70 103/103/103 104/104/104
f 70/70/70 104/104/104 71/71/71
f 71/71/71 104/104/104 105/105/105
f 71/71/71 105/105/105 72/72/72
f 72/72/72 105/105/105 106/106/106
f 72/72/72 106/106/106 73/73/73
f 73/73/73 106/106/106 107/107/107
f 73/73/73 107/107/107 74/74/74
f 74/74/74 107/107/107 108/108/108
f 74/74/74 108/108/108 75/75/75
f 75/75/75 108/108/108 109/109/109
f 75/75/75 109/109/109 76/76/76
f 76/76/76 109/109/109 110/110/110
f 76/76/76 110/110/110 77/77/77
f 77/77/77 110/110/110 111/111/111
f 77/77/77 111/111/111 78/78/78
f 78/78/78 111/111/111 112/112/112
f 78/78/78 112/112/112 79/79/79
f 79/79/79 112/112/112 113/113/113
f 79/79/79 113/113/113 80/80/80
f 80/80/80 113/113/113 114/114/114
f 80/80/80 114/114/114 81/81/81
f 81/81/81 114/114/114 115/115/115
f 81/81/81 115/115/115 82/82/82
f 82/82/82 115/115/115 116/116/116
f 82/82/82 116/116/116 83/83/83
f 83/83/83 116/116/116 117/117/117
f 83/83/83 117/117/117 84/84/84
f 84/84/84 117/117/117 118/118/118
f 84/84/84 118/118/118 85/85/85
f 85/85/85 118/118/118 119/119/119
f 85/85/85 119/119/119 86/86/86
f 86/86/86 119/119/119 120/120/120
f 86/86/86 120/120/120 87/87/87
f 87/87/87 120/120/120 121/121/121
f 87/87/87 121/121/121 88/88/88
f 88/88/88 121/121/121 122/122/122
f 88/88/88 122/122/122 89/89/89
f 89/89/89 122/122/122 123/123/123
f 89/89/89 123/123/123 90/90/90
f 90/90/90 123/123/123 124/124/124
f 90/90/90 124/124/124 91/91/91
f 91/91/91 124/124/124 125/125/125
f 91/91/91 125/125/125 92/92/92
f 92/92/92 125/125/125 126/126/126
f 92/92/92 126/126/126 93/93/93
f 93/93/93 126/126/126 127/127/127
f 93/93/93 127/127/127 94/94/94
f 94/94/94 127/127/127 128/128/128
f 94/94/94 128/128/128 95/95/95
f 95/95/95 128/128/128 129/129/129
f 95/95/95 129/129/129 96/96/96
f 96/96/96 129/129/129 130/130/130
f 96/96/96 130/130/130 97/97/97
f 97/97/97 130/130/130 131/131/131
f 97/97/97 131/131/131 98/98/98
f 98/98/98 131/131/131 132/132/132
f 98/98/98 132/132/132 99/99/99
f 100/100/100 133/133/133 134/134/134
f 100/100/100 134/134/134 101/101/101
f 101/101/101 134/134/134 135/135/135
f 101/101/101 135/135/135 102/102/102
f 102/102/102 135/135/135 136/136/136
f 102/102/102 136/136/136 103/103/103
f 103/103/103 136/136/136 137/137/137
f 103/103/103 137/137/137 104/104/104
f 104/104/104 137/137/137 138/138/138
f 104/104/104 138/138/138 105/105/105
f 105/105/105 138/138/138 139/139/139
f 105/105/105 139/139/139 106/106/106
f 106/106/106 139/139/139 140/140/140
f 106/106/106 140/140/140 107/107/107
f 107/107/107 140/140/140 141/141/141
f 107/107/107 141/141/141 108/108/108
f 108/108/108 141/141/141 142/142/142
f 108/108/108 142/142/142 109/109/109
f 109/109/109 142/142/142 143/143/143
f 109/109/109 143/143/143 110/110/110
f 110/110/110 143/143/143 144/144/144
f 110/110/110 144/144/144 111/111/111
f 111/111/111 144/144/144 145/145/145
f 111/111/111 145/145/145 112/112/112
f 112/112/112 145/145/145 146/146/146
f 112/112/112 146/146/146 113/113/113
f 113/113/113 146/146/146 147/147/147
f 113/113/113 147/147/147 114/114/114
f 114/114/114 147/147/147 148/148/148
f 114/114/114 148/148/148 115/115/115
f 115/115/115 148/148/148 149/149/149
f 115/115/115 149/149/149 116/116/116
f 116/116/116 149/149/149 150/150/150
f 116/116/116 150/150/150 117/117/117
f 117/117/117 150/150/150 151/151/151
f 117/117/117 151/151/151 118/118/118
f 118/118/118 151/151/151 152/152/152
f 118/118/118 152/152/152 119/119/119
f 119/119/119 152/152/152 153/153/153
f 119/119/119 153/153/153 120/120/120
f 120/120/120 153/153/153 154/154/154
f 120/120/120 154/154/154 121/121/121
f 121/121/121 154/154/154 155/155/155
f 121/121/121 155/155/155 122/122/122
f 122/122/122 155/155/155 156/156/156
f 122/122/122 156/156/156 123/123/123
f 123/123/123 156/156/156 157/157/157
f 123/123/123 157/157/157 124/124/124
f 124/124/124 157/157/157 158/158/158
f 124/124/124 158/158/158 125/125/125
f 125/125/125 158/158/158 159/159/159
f 125/125/125 159/159/159 126/126/126
f 126/126/126 159/159/159 160/160/160
f 126/126/126 160/160/160 127/127/127
f 127/127/127 160/160/160 161/161/161
f 127/127/127 161/161/161 128/128/128
f 128/128/128 161/161/161 162/162/162
f 128/128/128 162/162/162 129/129/129
f 129/129/129 162/162/162 163/163/163
f 129/129/129 163/163/163 130/130/130
f 130/130/130 163/163/163 164/164/164
f 130/130/130 164/164/164 131/131/131
f 131/131/131 164/164/164 165/165/165
f 131/131/131 165/165/165 132/132/132
f 133/133/133 166/166/166 167/167/167
f 133/133/133 167/167/167 134/134/134
f 134/134/134 167/167/167 168/168/168
f 134/134/134 168/168/168 135/135/135
f 135/135/135 168/168/168 169/169/169
f 135/135/135 169/169/169 136/136/136
f 136/136/136 169/169/169 170/170/170
f 136/136/136 170/170/170 137/137/137
f 137/137/137 170/170/170 171/171/171
f 137/137/137 171/171/171 138/138/138
f 138/138/138 171/171/171 172/172/172
f 138/138/138 172/172/172 139/139/139
f 139/139/139 172/172/172 173/173/173
f 139/139/139 173/173/173 140/140/140
f 140/140/140 173/173/173 174/174/174
f 140/140/140 174/174/174 141/141/141
f 141/141/141 174/174/174 175/175/175
f 141/141/141 175/175/175 142/142/142
f 142/142/142 175/175/175 176/176/176
f 142/142/142 176/176/176 143/143/143
f 143/143/143 176/176/176 177/177/177
f 143/143/143 177/177/177 144/144/144
f 144/144/144 177/177/177 178/178/178
f 144/144/144 178/178/178 145/145/145
f 145/145/145 178/178/178 179/179/179
f 145/145/145 179/179/179 146/146/146
f 146/146/146 179/179/179 180/180/180
f 146/146/146 180/180/180 147/147/147
f 147/147/147 180/180/180 181/181/181
f 147/147/147 181/181/181 148/148/148
f 148/148/148 181/181/181 182/182/182
f 148/148/148 182/182/182 149/149/149
f 149/149/149 182/182/182 183/183/183
f 149/149/149 183/183/183 150/150/150
f 150/150/150 183/183/183 184/184/184
f 150/150/150 184/184/184 151/151/151
f 151/151/151 184/184/184 185/185/185
f 151/151/151 185/185/185 152/152/152
f 152/152/152 185/185/185 186/186/186
f 152/152/152 186/186/186 153/153/153
f 153/153/153 186/186/186 187/187/187
f 153/153/153 187/187/187 154/154/154
f 154/154/154 187/187/187 188/188/188
f 154/154/154 188/188/188 155/155/155
f 155/155/155 188/188/188 189/189/189
f 155/155/155 189/189/189 156/156/156
f 156/156/156 189/189/189 190/190/190
f 156/156/156 190/190/190 157/157/157
f 157/157/157 190/190/190 191/191/191
f 157/157/157 191/191/191 158/158/158
f 158/158/158 191/191/191 192/192/192
f 158/158/158 192/192/192 159/159/159
f 159/159/159 192/192/192 193/193/193
f 159/159/159 193/193/193 160/160/160
f 160/160/160 193/193/193 194/194/194
f 160/160/160 194/194/194 161/161/161
f 161/161/161 194/194/194 195/195/195
f 161/161/161 195/195/195 162/162/162
f 162/162/162 195/195/195 196/196/196
f 162/162/162 196/196/196 163/163/163
f 163/163/163 196/196/196 197/197/197
f 163/163/163 197/197/197 164/164/164
f 164/164/164 197/197/197 198/198/198
f 164/164/164 198/198/198 165/165/165
f 166/166/166 199/199/199 200/200/200
f 166/166/166 200/200/200 167/167/167
f 167/167/167 200/200/200 201/201/201
f 167/167/167 201/201/201 168/168/168
f 168/168/168 201/201/201 202/202/202
f 168/168/168 202/202/202 169/169/169
f 169/169/169 202/202/202 203/203/203
f 169/169/169 203/203/203 170/170/170
f 170/170/170 203/203/203 204/204/204
f 170/170/170 204/204/204 171/171/171
f 171/171/171 204/204/204 205/205/205
f 171/171/171 205/205/205 172/172/172
f 172/172/172 205/205/205 206/206/206
f 172/172/172 206/206/206 173/173/173
f 173/173/173 206/206/206 207/207/207
f 173/173/173 207/207/207 174/174/174
f 174/174/174 207/207/207 208/208/208
f 174/174/174 208/208/208 175/175/175
f 175/175/175 208/208/208 209/209/209
f 175/175/175 209/209/209 176/176/176
f 176/176/176 209/209/209 210/210/210
f 176/176/176 210/210/210 177/177/177
f 177/177/177 210/210/210 211/211/211
f 177/177/177 211/211/211 178/178/178
f 178/178/178 211/211/211 212/212/212
f 178/178/178 212/212/212 179/179/179
f 179/179/179 212/212/212 213/213/213
f 179/179/179 213/213/213 180/180/180
f 180/180/180 213/213/213 214/214/214
f 180/180/180 214/214/214 181/181/181
f 181/181/181 214/214/214 215/215/215
f 181/181/181 215/215/215 182/182/182
f 182/182/182 215/215/215 216/216/216
f 182/182/182 216/216/216 183/183/183
f 183/183/183 216/216/216 217/217/217
f 183/183/183 217/217/217 184/184/184
f 184/184/184 217/217/217 218/218/218
f 184/184/184 218/218/218 185/185/185
f 185/185/185 218/218/218 219/219/219
f 185/185/185 219/219/219 186/186/186
f 186/186/186 219/219/219 220/220/220
f 186/186/186 220/220/220 187/187/187
f 187/187/187 220/220/220 221/221/221
f 187/187/187 221/221/221 188/188/188
f 188/188/188 221/221/221 222/222/222
f 188/188/188 222/222/222 189/189/189
f 189/189/189 222/222/222 223/223/223
f 189/189/189 223/223/223 190/190/190
f 190/190/190 223/223/223 224/224/224
f 190/190/190 224/224/224 191/191/191
f 191/191/191 224/224/224 225/225/225
f 191/191/191 225/225/225 192/192/192
f 192/192/192 225/225/225 226/226/226
f 192/192/192 226/226/226 193/193/193
f 193/193/193 226/226/226 227/227/227
f 193/193/193 227/227/227 194/194/194
f 194/194/194 227/227/227 228/228/228
f 194/194/194 228/228/228 195/195/195
f 195/195/195 228/228/228 229/229/229
f 195/195/195 229/229/229 196/196/196
f 196/196/196 229/229/229 230/230/230
f 196/196/196 230/230/230 197/197/197
f 197/197/197 230/230/230 231/231/231
f 197/197/197 231/231/231 198/198/198
f 199/199/199 232/232/232 233/233/233
f 199/199/199 233/233/233 200/200/200
f 200/200/200 233/233/233 234/234/234
f 200/200/200 234/234/234 201/201/201
f 201/201/201 234/234/234 235/235/235
f 201/201/201 235/235/235 202/202/202
f 202/202/202 235/235/235 236/236/236
f 202/202/202 236/236/236 203/203/203
f 203/203/203 236/236/236 237/237/237
f 203/203/203 237/237/237 204/204/204
f 204/204/204 237/237/237 238/238/238
f 204/204/204 238/238/238 205/205/205
f 205/205/205 238/238/238 239/239/239
f 205/205/205 239/239/239 206/206/206
f 206/206/206 239/239/239 240/240/240
f 206/206/206 240/240/240 207/207/207
f 207/207/207 240/240/240 241/241/241
f 207/207/207 241/241/241 208/208/208
f 208/208/208 241/241/241 242/242/242
f 208/208/208 242/242/242 209/209/209
f 209/209/209 242/242/242 243/243/243
f 209/209/209 243/243/243 210/210/210
f 210/210/210 243/243/243 244/244/244
f 210/210/210 244/244/244 211/211/211
f 211/211/211 244/244/244 245/245/245
f 211/211/211 245/245/245 212/212/212
f 212/212/212 245/245/245 246/246/246
f 212/212/212 246/246/246 213/213/213
f 213/213/213 246/246/246 247/247/247
f 213/213/213 247/247/247 214/214/214
f 214/214/214 247/247/247 248/248/248
f 214/214/214 248/248/248 215/215/215
f 215/215/215 248/248/248 249/249/249
f 215/215/215 249/249/249 216/216/216
f 216/216/216 249/249/249 250/250/250
f 216/216/216 250/250/250 217/217/217
f 217/217/217 250/250/250 251/251/251
f 217/217/217 251/251/251 218/218/218
f 218/218/218 251/251/251 252/252/252
f 218/218/218 252/252/252 219/219/219
f 219/219/219 252/252/252 253/253/253
f 219/219/219 253/253/253 220/220/220
f 220/220/220 253/253/253 254/254/254
f 220/220/220 254/254/254 221/221/221
f 221/221/221 254/254/254 255/255/255
f 221/221/221 255/255/255 222/222/222
f 222/222/222 255/255/255 256/256/256
f 222/222/222 256/256/256 223/223/223
f 223/223/223 256/256/256 257/257/257
f 223/223/223 257/257/257 224/224/224
f 224/224/224 257/257/257 258/258/258
f 224/224/224 258/258/258 225/225/225
f 225/225/225 258/258/258 259/259/259
f 225/225/225 259/259/259 226/226/226
f 226/226/226 259/259/259 260/260/260
f 226/226/226 260/260/260 227/227/227
f 227/227/227 260/260/260 261/261/261
f 227/227/227 261/261/261 228/228/228
f 228/228/228 261/261/261 262/262/262
f 228/228/228 262/262/262 229/229/229
f 229/229/229 262/262/262 263/263/263
f 229/229/229 263/263/263 230/230/230
f 230/230/230 263/263/263 264/264/264
f 230/230/230 264/264/264 231/231/231
f 232/232/232 265/265/265 266/266/266
f 232/232/232 266/266/266 233/233/233
f 233/233/233 266/266/266 267/267/267
f 233/233/233 267/267/267 234/234/234
f 234/234/234 267/267/267 268/268/268
f 234/234/234 268/268/268 235/235/235
f 235/235/235 268/268/268 269/269/269
f 235/235/235 269/269/269 236/236/236
f 236/236/236 269/269/269 270/270/270
f 236/236/236 270/270/270 237/237/237
f 237/237/237 270/270/270 271/271/271
f 237/237/237 271/271/271 238/238/238
f 238/238/238 271/271/271 272/272/272
f 238/238/238 272/272/272 239/239/239
f 239/239/239 272/272/272 273/273/273
f 239/239/239 273/273/273 240/240/240
f 240/240/240 273/273/273 274/274/274
f 240/240/240 274/274/274 241/241/241
f 241/241/241 274/274/274 275/275/275
f 241/241/241 275/275/275 242/242/242
f 242/242/242 275/275/275 276/276/276
f 242/242/242 276/276/276 243/243/243
f 243/243/243 276/276/276 277/277/277
f 243/243/243 277/277/277 244/244/244
f 244/244/244 277/277/277 278/278/278
f 244/244/244 278/278/278 245/245/245
f 245/245/245 278/278/278 279/279/279
f 245/245/245 279/279/279 246/246/246
f 246/246/246 279/279/279 280/280/280
f 246/246/246 280/280/280 247/247/247
f 247/247/247 280/280/280 281/281/281
f 247/247/247 281/281/281 248/248/248
f 248/248/248 281/281/281 282/282/282
f 248/248/248 282/282/282 249/249/249
f 249/249/249 282/282/282 283/283/283
f 249/249/249 283/283/283 250/250/250
f 250/250/250 283/283/283 284/284/284
f 250/250/250 284/284/284 251/251/251
f 251/251/251 284/284/284 285/285/285
f 251/251/251 285/285/285 252/252/252
f 252/252/252 285/285/285 286/286/286
f 252/252/252 286/286/286 253/253/253
f 253/253/253 286/286/286 287/287/287
f 253/253/253 287/287/287 254/254/254
f 254/254/254 287/287/287 288/288/288
f 254/254/254 288/288/288 255/255/255
f 255/255/255 288/288/288 289/289/289
f 255/255/255 289/289/289 256/256/256
f 256/256/256 289/289/289 290/290/290
f 256/256/256 290/290/290 257/257/257
f 257/257/257 290/290/290 291/291/291
f 257/257/257 291/291/291 258/258/258
f 258/258/258 291/291/291 292/292/292
f 258/258/258 292/292/292 259/259/259
f 259/259/259 292/292/292 293/293/293
f 259/259/259 293/293/293 260/260/260
f 260/260/260 293/293/293 294/294/294
f 260/260/260 294/294/294 261/261/261
f 261/261/261 294/294/294 295/295/295
f 261/261/261 295/295/295 262/262/262
f 262/262/262 295/295/295 296/296/296
f 262/262/262 296/296/296 263/263/263
f 263/263/263 296/296/296 297/297/297
f 263/263/263 297/297/297 264/264/264
f 265/265/265 298/298/298 299/299/299
f 265/265/265 299/299/299 266/266/266
f 266/266/266 299/299/299 300/300/300
f 266/266/266 300/300/300 267/267/267
f 267/267/267 300/300/300 301/301/301
f 267/267/267 301/301/301 268/268/268
f 268/268/268 301/301/301 302/302/302
f 268/268/268 302/302/302 269/269/269
f 269/269/269 302/302/302 303/303/303
f 269/269/269 303/303/303 270/270/270
f 270/270/270 303/303/303 304/304/304
f 270/270/270 304/304/304 271/271/271
f 271/271/271 304/304/304 305/305/305
f 271/271/271 305/305/305 272/272/272
f 272/272/272 305/305/305 306/306/306
f 272/272/272 306/306/306 273/273/273
f 273/273/273 306/306/306 307/307/307
f 273/273/273 307/307/307 274/274/274
f 274/274/274 307/307/307 308/308/308
f 274/274/274 308/308/308 275/275/275
f 275/275/275 308/308/308 309/309/309
f 275/275/275 309/309/309 276/276/276
f 276/276/276 309/309/309 310/310/310
f 276/276/276 310/310/310 277/277/277
f 277/277/277 310/310/310 311/311/311
f 277/277/277 311/311/311 278/278/278
f 278/278/278 311/311/311 312/312/312
f 278/278/278 312/312/312 279/279/279
f 279/279/279 312/312/312 313/313/313
f 279/279/279 313/313/313 280/280/280
f 280/280/280 313/313/313 314/314/314
f 280/280/280 314/314/314 281/281/281
f 281/281/281 314/314/314 315/315/315
f 281/281/281 315/315/315 282/282/282
f 282/282/282 315/315/315 316/316/316
f 282/282/282 316/316/316 283/283/283
f 283/283/283 316/316/316 317/317/317
f 283/283/283 317/317/317 284/284/284
f 284/284/284 317/317/317 318/318/318
f 284/284/284 318/318/318 285/285/285
f 285/285/285 318/318/318 319/319/319
f 285/285/285 319/319/319 286/286/286
f 286/286/286 319/319/319 320/320/320
f 286/286/286 320/320/320 287/287/287
f 287/287/287 320/320/320 321/321/321
f 287/287/287 321/321/321 288/288/288
f 288/288/288 321/321/321 322/322/322
f 288/288/288 322/322/322 289/289/289
f 289/289/289 322/322/322 323/323/323
f 289/289/289 323/323/323 290/290/290
f 290/290/290 323/323/323 324/324/324
f 290/290/290 324/324/324 291/291/291
f 291/291/291 324/324/324 325/325/325
f 291/291/291 325/325/325 292/292/292
f 292/292/292 325/325/325 326/326/326
f 292/292/292 326/326/326 293/293/293
f 293/293/293 326/326/326 327/327/327
f 293/293/293 327/327/327 294/294/294
f 294/294/294 327/327/327 328/328/328
f 294/294/294 328/328/328 295/295/295
f 295/295/295 328/328/328 329/329/329
f 295/295/295 329/329/329 296/296/296
f 296/296/296 329/329/329 330/330/330
f 296/296/296 330/330/330 297/297/297
f 298/298/298 331/331/331 332/332/332
f 298/298/298 332/332/332 299/299/299
f 299/299/299 332/332/332 333/333/333
f 299/299/299 333/333/333 300/300/300
f 300/300/300 333/333/333 334/334/334
f 300/300/300 334/334/334 301/301/301
f 301/301/301 334/334/334 335/335/335
f 301/301/301 335/335/335 302/302/302
f 302/302/302 335/335/335 336/336/336
f 302/302/302 336/336/336 303/303/303
f 303/303/303 336/336/336 337/337/337
f 303/303/303 337/337/337 304/304/304
f 304/304/304 337/337/337 338/338/338
f 304/304/304 338/338/338 305/305/305
f 305/305/305 338/338/338 339/339/339
f 305/305/305 339/339/339 306/306/306
f 306/306/306 339/339/339 340/340/340
f 306/306/306 340/340/340 307/307/307
f 307/307/307 340/340/340 341/341/341
f 307/307/307 341/341/341 308/308/308
f 308/308/308 341/341/341 342/342/342
f 308/308/308 342/342/342 309/309/309
f 309/309/309 342/342/342 343/343/343
f 309/309/309 343/343/343 310/310/310
f 310/310/310 343/343/343 344/344/344
f 310/310/310 344/344/344 311/311/311
f 311/311/311 344/344/344 345/345/345
f 311/311/311 345/345/345 312/312/312
f 312/312/312 345/345/345 346/346/346
f 312/312/312 346/346/346 313/313/313
f 313/313/313 346/346/346 347/347/347
f 313/313/313 347/347/347 314/314/314
f 314/314/314 347/347/347 348/348/348
f 314/314/314 348/348/348 315/315/315
f 315/315/315 348/348/348 349/349/349
f 315/315/315 349/349/349 316/316/316
f 316/316/316 349/349/349 350/350/350
f 316/316/316 350/350/350 317/317/317
f 317/317/317 350/350/350 351/351/351
f 317/317/317 351/351/351 318/318/318
f 318/318/318 351/351/351 352/352/352
f 318/318/318 352/352/352 319/319/319
f 319/319/319 352/352/352 353/353/353
f 319/319/319 353/353/353 320/320/320
f 320/320/320 353/353/353 354/354/354
f 320/320/320 354/354/354 321/321/321
f 321/321/321 354/354/354 355/355/355
f 321/321/321 355/355/355 322/322/322
f 322/322/322 355/355/355 356/356/356
f 322/322/322 356/356/356 323/323/323
f 323/323/323 356/356/356 357/357/357
f 323/323/323 357/357/357 324/324/324
f 324/324/324 357/357/357 358/358/358
f 324/324/324 358/358/358 325/325/325
f 325/325/325 358/358/358 359/359/359
f 325/325/325 359/359/359 326/326/326
f 326/326/326 359/359/359 360/360/360
f 326/326/326 360/360/360 327/327/327
f 327/327/327 360/360/360 361/361/361
f 327/327/327 361/361/361 328/328/328
f 328/328/328 361/361/361 362/362/362
f 328/328/328 362/362/362 329/329/329
f 329/329/329 362/362/362 363/363/363
f 329/329/329 363/363/363 330/330/330
f 331/331/331 364/364/364 365/365/365
f 331/331/331 365/365/365 332/332/332
f 332/332/332 365/365/365 366/366/366
f 332/332/332 366/366/366 333/333/333
f 333/333/333 366/366/366 367/367/367
f 333/333/333 367/367/367 334/334/334
f 334/334/334 367/367/367 368/368/368
f 334/334/334 368/368/368 335/335/335
f 335/335/335 368/368/368 369/369/369
f 335/335/335 369/369/369 336/336/336
f 336/336/336 369/369/369 370/370/370
f 336/336/336 370/370/370 337/337/337
f 337/337/337 370/370/370 371/371/371
f 337/337/337 371/371/371 338/338/338
f 338/338/338 371/371/371 372/372/372
f 338/338/338 372/372/372 339/339/339
f 339/339/339 372/372/372 373/373/373
f 339/339/339 373/373/373 340/340/340
f 340/340/340 373/373/373 374/374/374
f 340/340/340 374/374/374 341/341/341
f 341/341/341 374/374/374 375/375/375
f 341/341/341 375/375/375 342/342/342
f 342/342/342 375/375/375 376/376/376
f 342/342/342 376/376/376 343/343/343
f 343/343/343 376/376/376 377/377/377
f 343/343/343 377/377/377 344/344/344
f 344/344/344 377/377/377 378/378/378
f 344/344/344 378/378/378 345/345/345
f 345/345/345 378/378/378 379/379/379
f 345/345/345 379/379/379 346/346/346
f 346/346/346 379/379/379 380/380/380
f 346/346/346 380/380/380 347/347/347
f 347/347/347 380/380/380 381/381/381
f 347/347/347 381/381/381 348/348/348
f 348/348/348 381/381/381 382/382/382
f 348/348/348 382/382/382 349/349/349
f 349/349/349 382/382/382 383/383/383
f 349/349/349 383/383/383 350/350/350
f 350/350/350 383/383/383 384/384/384
f 350/350/350 384/384/384 351/351/351
f 351/351/351 384/384/384 385/385/385
f 351/351/351 385/385/385 352/352/352
f 352/352/352 385/385/385 386/386/386
f 352/352/352 386/386/386 353/353/353
f 353/353/353 386/386/386 387/387/387
f 353/353/353 387/387/387 354/354/354
f 354/354/354 387/387/387 388/388/388
f 354/354/354 388/388/388 355/355/355
f 355/355/355 388/388/388 389/389/389
f 355/355/355 389/389/389 356/356/356
f 356/356/356 389/389/389 390/390/390
f 356/356/356 390/390/390 357/357/357
f 357/357/357 390/390/390 391/391/391
f 357/357/357 391/391/391 358/358/358
f 358/358/358 391/391/391 392/392/392
f 358/358/358 392/392/392 359/359/359
f 359/359/359 392/392/392 393/393/393
f 359/359/359 393/393/393 360/360/360
f 360/360/360 393/393/393 394/394/394
f 360/360/360 394/394/394 361/361/361
f 361/361/361 394/394/394 395/395/395
f 361/361/361 395/395/395 362/362/362
f 362/362/362 395/395/395 396/396/396
f 362/362/362 396/396/396 363/363/363
f 364/364/364 397/397/397 398/398/398
f 364/364/364 398/398/398 365/365/365
f 365/365/365 398/398/398 399/399/399
f 365/365/365 399/399/399 366/366/366
f 366/366/366 399/399/399 400/400/400
f 366/366/366 400/400/400 367/367/367
f 367/367/367 400/400/400 401/401/401
f 367/367/367 401/401/401 368/368/368
f 368/368/368 401/401/401 402/402/402
f 368/368/368 402/402/402 369/369/369
f 369/369/369 402/402/402 403/403/403
f 369/369/369 403/403/403 370/370/370
f 370/370/370 403/403/403 404/404/404
f 370/370/370 404/404/404 371/371/371
f 371/371/371 404/404/404 405/405/405
f 371/371/371 405/405/405 372/372/372
f 372/372/372 405/405/405 406/406/406
f 372/372/372 406/406/406 373/373/373
f 373/373/373 406/406/406 407/407/407
f 373/373/373 407/407/407 374/374/374
f 374/374/374 407/407/407 408/408/408
f 374/374/374 408/408/408 375/375/375
f 375/375/375 408/408/408 409/409/409
f 375/375/375 409/409/409 376/376/376
f 376/376/376 409/409/409 410/410/410
f 376/376/376 410/410/410 377/377/377
f 377/377/377 410/410/410 411/411/411
f 377/377/377 411/411/411 378/378/378
f 378/378/378 411/411/411 412/412/412
f 378/378/378 412/412/412 379/379/379
f 379/379/379 412/412/412 413/413/413
f 379/379/379 413/413/413 380/380/380
f 380/380/380 413/413/413 414/414/414
f 380/380/380 414/414/414 381/381/381
f 381/381/381 414/414/414 415/415/415
f 381/381/381 415/415/415 382/382/382
f 382/382/382 415/415/415 416/416/416
f 382/382/382 416/416/416 383/383/383
f 383/383/383 416/416/416 417/417/417
f 383/383/383 417/417/417 384/384/384
f 384/384/384 417/417/417 418/418/418
f 384/384/384 418/418/418 385/385/385
f 385/385/385 418/418/418 419/419/419
f 385/385/385 419/419/419 386/386/386
f 386/386/386 419/419/419 420/420/420
f 386/386/386 420/420/420 387/387/387
f 387/387/387 420/420/420 421/421/421
f 387/387/387 421/421/421 388/388/388
f 388/388/388 421/421/421 422/422/422
f 388/388/388 422/422/422 389/389/389
f 389/389/389 422/422/422 423/423/423
f 389/389/389 423/423/423 390/390/390
f 390/390/390 423/423/423 424/424/424
f 390/390/390 424/424/424 391/391/391
f 391/391/391 424/424/424 425/425/425
f 391/391/391 425/425/425 392/392/392
f 392/392/392 425/425/425 426/426/426
f 392/392/392 426/426/426 393/393/393
f 393/393/393 426/426/426 427/427/427
f 393/393/393 427/427/427 394/394/394
f 394/394/394 427/427/427 428/428/428
f 394/394/394 428/428/428 395/395/395
f 395/395/395 428/428/428 429/429/429
f 395/395/395 429/429/429 396/396/396
f 397/397/397 430/430/430 431/431/431
f 397/397/397 431/431/431 398/398/398
f 398/398/398 431/431/431 432/432/432
f 398/398/398 432/432/432 399/399/399
f 399/399/399 432/432/432 433/433/433
f 399/399/399 433/433/433 400/400/400
f 400/400/400 433/433/433 434/434/434
f 400/400/400 434/434/434 401/401/401
f 401/401/401 434/434/434 435/435/435
f 401/401/401 435/435/435 402/402/402
f 402/402/402 435/435/435 436/436/436
f 402/402/402 436/436/436 403/403/403
f 403/403/403 436/436/436 437/437/437
f 403/403/403 437/437/437 404/404/404
f 404/404/404 437/437/437 438/438/438
f 404/404/404 438/438/438 405/405/405
f 405/405/405 438/438/438 439/439/439
f 405/405/405 439/439/439 406/406/406
f 406/406/406 439/439/439 440/440/440
f 406/406/406 440/440/440 407/407/407
f 407/407/407 440/440/440 441/441/441
f 407/407/407 441/441/441 408/408/408
f 408/408/408 441/441/441 442/442/442
f 408/408/408 442/442/442 409/409/409
f 409/409/409 442/442/442 443/443/443
f 409/409/409 443/443/443 410/410/410
f 410/410/410 443/443/443 444/444/444
f 410/410/410 444/444/444 411/411/411
f 411/411/411 444/444/444 445/445/445
f 411/411/411 445/445/445 412/412/412
f 412/412/412 445/445/445 446/446/446
f 412/412/412 446/446/446 413/413/413
f 413/413/413 446/446/446 447/447/447
f 413/413/413 447/447/447 414/414/414
f 414/414/414 447/447/447 448/448/448
f 414/414/414 448/448/448 415/415/415
f 415/415/415 448/448/448 449/449/449
f 415/415/415 449/449/449 416/416/416
f 416/416/416 449/449/449 450/450/450
f 416/416/416 450/450/450 417/417/417
f 417/417/417 450/450/450 451/451/451
f 417/417/417 451/451/451 418/418/418
f 418/418/418 451/451/451 452/452/452
f 418/418/418 452/452/452 419/419/419
f 419/419/419 452/452/452 453/453/453
f 419/419/419 453/453/453 420/420/420
f 420/420/420 453/453/453 454/454/454
f 420/420/420 454/454/454 421/421/421
f 421/421/421 454/454/454 455/455/455
f 421/421/421 455/455/455 422/422/422
f 422/422/422 455/455/455 456/456/456
f 422/422/422 456/456/456 423/423/423
f 423/423/423 456/456/456 457/457/457
f 423/423/423 457/457/457 424/424/424
f 424/424/424 457/457/457 458/458/458
f 424/424/424 458/458/458 425/425/425
f 425/425/425 458/458/458 459/459/459
f 425/425/425 459/459/459 426/426/426
f 426/426/426 459/459/459 460/460/460
f 426/426/426 460/460/460 427/427/427
f 427/427/427 460/460/460 461/461/461
f 427/427/427 461/461/461 428/428/428
f 428/428/428 461/461/461 462/462/462
f 428/428/428 462/462/462 429/429/429
f 430/430/430 463/463/463 464/464/464
f 430/430/430 464/464/464 431/431/431
f 431/431/431 464/464/464 465/465/465
f 431/431/431 465/465/465 432/432/432
f 432/432/432 465/465/465 466/466/466
f 432/432/432 466/466/466 433/433/433
f 433/433/433 466/466/466 467/467/467
f 433/433/433 467/467/467 434/434/434
f 434/434/434 467/467/467 468/468/468
f 434/434/434 468/468/468 435/435/435
f 435/435/435 468/468/468 469/469/469
f 435/435/435 469/469/469 436/436/436
f 436/436/436 469/469/469 470/470/470
f 436/436/436 470/470/470 437/437/437
f 437/437/437 470/470/470 471/471/471
f 437/437/437 471/471/471 438/438/438
f 438/438/438 471/471/471 472/472/472
f 438/438/438 472/472/472 439/439/439
f 439/439/439 472/472/472 473/473/473
f 439/439/439 473/473/473 440/440/440
f 440/440/440 473/473/473 474/474/474
f 440/440/440 474/474/474 441/441/441
f 441/441/441 474/474/474 475/475/475
f 441/441/441 475/475/475 442/442/442
f 442/442/442 475/475/475 476/476/476
f 442/442/442 476/476/476 443/443/443
f 443/443/443 476/476/476 477/477/477
f 443/443/443 477/477/477 444/444/444
f 444/444/444 477/477/477 478/478/478
f 444/444/444 478/478/478 445/445/445
f 445/445/445 478/478/478 479/479/479
f 445/445/445 479/479/479 446/446/446
f 446/446/446 479/479/479 480/480/480
f 446/446/446 480/480/480 447/447/447
f 447/447/447 480/480/480 481/481/481
f 447/447/447 481/481/481 448/448/448
f 448/448/448 481/481/481 482/482/482
f 448/448/448 482/482/482 449/449/449
f 449/449/449 482/482/482 483/483/483
f 449/449/449 483/483/483 450/450/450
f 450/450/450 483/483/483 484/484/484
f 450/450/450 484/484/484 451/451/451
f 451/451/451 484/484/484 485/485/485
f 451/451/451 485/485/485 452/452/452
f 452/452/452 485/485/485 486/486/486
f 452/452/452 486/486/486 453/453/453
f 453/453/453 486/486/486 487/487/487
f 453/453/453 487/487/487 454/454/454
f 454/454/454 487/487/487 488/488/488
f 454/454/454 488/488/488 455/455/455
f 455/455/455 488/488/488 489/489/489
f 455/455/455 489/489/489 456/456/456
f 456/456/456 489/489/489 490/490/490
f 456/456/456 490/490/490 457/457/457
f 457/457/457 490/490/490 491/491/491
f 457/457/457 491/491/491 458/458/458
f 458/458/458 491/491/491 492/492/492
f 458/458/458 492/492/492 459/459/459
f 459/459/459 492/492/492 493/493/493
f 459/459/459 493/493/493 460/460/460
f 460/460/460 493/493/493 494/494/494
f 460/460/460 494/494/494 461/461/461
f 461/461/461 494/494/494 495/495/495
f 461/461/461 495/495/495 462/462/462
f 463/463/463 496/496/496 497/497/497
f 463/463/463 497/497/497 464/464/464
f 464/464/464 497/497/497 498/498/498
f 464/464/464 498/498/498 465/465/465
f 465/465/465 498/498/498 499/499/499
f 465/465/465 499/499/499 466/466/466
f 466/466/466 499/499/499 500/500/500
f 466/466/466 500/500/500 467/467/467
f 467/467/467 500/500/500 501/501/501
f 467/467/467 501/501/501 468/468/468
f 468/468/468 501/501/501 502/502/502
f 468/468/468 502/502/502 469/469/469
f 469/469/469 502/502/502 503/503/503
f 469/469/469 503/503/503 470/470/470
f 470/470/470 503/503/503 504/504/504
f 470/470/470 504/504/504 471/471/471
f 471/471/471 504/504/504 505/505/505
f 471/471/471 505/505/505 472/472/472
f 472/472/472 505/505/505 506/506/506
f 472/472/472 506/506/506 473/473/473
f 473/473/473 506/506/506 507/507/507
f 473/473/473 507/507/507 474/474/474
f 474/474/474 507/507/507 508/508/508
f 474/474/474 508/508/508 475/475/475
f 475/475/475 508/508/508 509/509/509
f 475/475/475 509/509/509 476/476/476
f 476/476/476 509/509/509 510/510/510
f 476/476/476 510/510/510 477/477/477
f 477/477/477 510/510/510 511/511/511
f 477/477/477 511/511/511 478/478/478
f 478/478/478 511/511/511 512/512/512
f 478/478/478 512/512/512 479/479/479
f 479/479/479 512/512/512 513/513/513
f 479/479/479 513/513/513 480/480/480
f 480/480/480 513/513/513 514/514/514
f 480/480/480 514/514/514 481/481/481
f 481/481/481 514/514/514 515/515/515
f 481/481/481 515/515/515 482/482/482
f 482/482/482 515/515/515 516/516/516
f 482/482/482 516/516/516 483/483/483
f 483/483/483 516/516/516 517/517/517
f 483/483/483 517/517/517 484/484/484
f 484/484/484 517/517/517 518/518/518
f 484/484/484 518/518/518 485/485/485
f 485/485/485 518/518/518 519/519/519
f 485/485/485 519/519/519 486/486/486
f 486/486/486 519/519/519 520/520/520
f 486/486/486 520/520/520 487/487/487
f 487/487/487 520/520/520 521/521/521
f 487/487/487 521/521/521 488/488/488
f 488/488/488 521/521/521 522/522/522
f 488/488/488 522/522/522 489/489/489
f 489/489/489 522/522/522 523/523/523
f 489/489/489 523/523/523 490/490/490
f 490/490/490 523/523/523 524/524/524
f 490/490/490 524/524/524 491/491/491
f 491/491/491 524/524/524 525/525/525
f 491/491/491 525/525/525 492/492/492
f 492/492/492 525/525/525 526/526/526
f 492/492/492 526/526/526 493/493/493
f 493/493/493 526/526/526 527/527/527
f 493/493/493 527/527/527 494/494/494
f 494/494/494 527/527/527 528/528/528
f 494/494/494 528/528/528 495/495/495
f 496/496/496 529/529/529 530/530/530
f 496/496/496 530/530/530 497/497/497
f 497/497/497 530/530/530 531/531/531
f 497/497/497 531/531/531 498/498/498
f 498/498/498 531/531/531 532/532/532
f 498/498/498 532/532/532 499/499/499
f 499/499/499 532/532/532 533/533/533
f 499/499/499 533/533/533 500/500/500
f 500/500/500 533/533/533 534/534/534
f 500/500/500 534/534/534 501/501/501
f 501/501/501 534/534/534 535/535/535
f 501/501/501 535/535/535 502/502/502
f 502/502/502 535/535/535 536/536/536
f 502/502/502 536/536/536 503/503/503
f 503/503/503 536/536/536 537/537/537
f 503/503/503 537/537/537 504/504/504
f 504/504/504 537/537/537 538/538/538
f 504/504/504 538/538/538 505/505/505
f 505/505/505 538/538/538 539/539/539
f 505/505/505 539/539/539 506/506/506
f 506/506/506 539/539/539 540/540/540
f 506/506/506 540/540/540 507/507/507
f 507/507/507 540/540/540 541/541/541
f 507/507/507 541/541/541 508/508/508
f 508/508/508 541/541/541 542/542/542
f 508/508/508 542/542/542 509/509/509
f 509/509/509 542/542/542 543/543/543
f 509/509/509 543/543/543 510/510/510
f 510/510/510 543/543/543 544/544/544
f 510/510/510 544/544/544 511/511/511
f 511/511/511 544/544/544 545/545/545
f 511/511/511 545/545/545 512/512/512
f 512/512/512 545/545/545 546/546/546
f 512/512/512 546/546/546 513/513/513
f 513/513/513 546/546/546 547/547/547
f 513/513/513 547/547/547 514/514/514
f 514/514/514 547/547/547 548/548/548
f 514/514/514 548/548/548 515/515/515
f 515/515/515 548/548/548 549/549/549
f 515/515/515 549/549/549 516/516/516
f 516/516/516 549/549/549 550/550/550
f 516/516/516 550/550/550 517/517/517
f 517/517/517 550/550/550 551/551/551
f 517/517/517 551/551/551 518/518/518
f 518/518/518 551/551/551 552/552/552
f 518/518/518 552/552/552 519/519/519
f 519/519/519 552/552/552 553/553/553
f 519/519/519 553/553/553 520/520/520
f 520/520/520 553/553/553 554/554/554
f 520/520/520 554/554/554 521/521/521
f 521/521/521 554/554/554 555/555/555
f 521/521/521 555/555/555 522/522/522
f 522/522/522 555/555/555 556/556/556
f 522/522/522 556/556/556 523/523/523
f 523/523/523 556/556/556 557/557/557
f 523/523/523 557/557/557 524/524/524
f 524/524/524 557/557/557 558/558/558
f 524/524/524 558/558/558 525/525/525
f 525/525/525 558/558/558 559/559/559
f 525/525/525 559/559/559 526/526/526
f 526/526/526 559/559/559 560/560/560
f 526/526/526 560/560/560 527/527/527
f 527/527/527 560/560/560 561/561/561
f 527/527/527 561/561/561 528/528/528
f 529/529/529 562/562/562 563/563/563
f 529/529/529 563/563/563 530/530/530
f 530/530/530 563/563/563 564/564/564
f 530/530/530 564/564/564 531/531/531
f 531/531/531 564/564/564 565/565/565
f 531/531/531 565/565/565 532/532/532
f 532/532/532 565/565/565 566/566/566
f 532/532/532 566/566/566 533/533/533
f 533/533/533 566/566/566 567/567/567
f 533/533/533 567/567/567 534/534/534
f 534/534/534 567/567/567 568/568/568
f 534/534/534 568/568/568 535/535/535
f 535/535/535 568/568/568 569/569/569
f 535/535/535 569/569/569 536/536/536
f 536/536/536 569/569/569 570/570/570
f 536/536/536 570/570/570 537/537/537
f 537/537/537 570/570/570 571/571/571
f 537/537/537 571/571/571 538/538/538
f 538/538/538 571/571/571 572/572/572
f 538/538/538 572/572/572 539/539/539
f 539/539/539 572/572/572 573/573/573
f 539/539/539 573/573/573 540/540/540
f 540/540/540 573/573/573 574/574/574
f 540/540/540 574/574/574 541/541/541
f 541/541/541 574/574/574 575/575/575
f 541/541/541 575/575/575 542/542/542
f 542/542/542 575/575/575 576/576/576
f 542/542/542 576/576/576 543/543/543
f 543/543/543 576/576/576 577/577/577
f 543/543/543 577/577/577 544/544/544
f 544/544/544 577/577/577 578/578/578
f 544/544/544 578/578/578 545/545/545
f 545/545/545 578/578/578 579/579/579
f 545/545/545 579/579/579 546/546/546
f 546/546/546 579/579/579 580/580/580
f 546/546/546 580/580/580 547/547/547
f 547/547/547 580/580/580 581/581/581
f 547/547/547 581/581/581 548/548/548
f 548/548/548 581/581/581 582/582/582
f 548/548/548 582/582/582 549/549/549
f 549/549/549 582/582/582 583/583/583
f 549/549/549 583/583/583 550/550/550
f 550/550/550 583/583/583 584/584/584
f 550/550/550 584/584/584 551/551/551
f 551/551/551 584/584/584 585/585/585
f 551/551/551 585/585/585 552/552/552
f 552/552/552 585/585/585 586/586/586
f 552/552/552 586/586/586 553/553/553
f 553/553/553 586/586/586 587/587/587
f 553/553/553 587/587/587 554/554/554
f 554/554/554 587/587/587 588/588/588
f 554/554/554 588/588/588 555/555/555
f 555/555/555 588/588/588 589/589/589
f 555/555/555 589/589/589 556/556/556
f 556/556/556 589/589/589 590/590/590
f 556/556/556 590/590/590 557/557/557
f 557/557/557 590/590/590 591/591/591
f 557/557/557 591/591/591 558/558/558
f 558/558/558 591/591/591 592/592/592
f 558/558/558 592/592/592 559/559/559
f 559/559/559 592/592/592 593/593/593
f 559/559/559 593/593/593 560/560/560
f 560/560/560 593/593/593 594/594/594
f 560/560/560 594/594/594 561/561/561
f 562/562/562 595/595/595 596/596/596
f 562/562/562 596/596/596 563/563/563
f 563/563/563 596/596/596 597/597/597
f 563/563/563 597/597/597 564/564/564
f 564/564/564 597/597/597 598/598/598
f 564/564/564 598/598/598 565/565/565
f 565/565/565 598/598/598 599/599/599
f 565/565/565 599/599/599 566/566/566
f 566/566/566 599/599/599 600/600/600
f 566/566/566 600/600/600 567/567/567
f 567/567/567 600/600/600 601/601/601
f 567/567/567 601/601/601 568/568/568
f 568/568/568 601/601/601 602/602/602
f 568/568/568 602/602/602 569/569/569
f 569/569/569 602/602/602 603/603/603
f 569/569/569 603/603/603 570/570/570
f 570/570/570 603/603/603 604/604/604
f 570/570/570 604/604/604 571/571/571
f 571/571/571 604/604/604 605/605/605
f 571/571/571 605/605/605 572/572/572
f 572/572/572 605/605/605 606/606/606
f 572/572/572 606/606/606 573/573/573
f 573/573/573 606/606/606 607/607/607
f 573/573/573 607/607/607 574/574/574
f 574/574/574 607/607/607 608/608/608
f 574/574/574 608/608/608 575/575/575
f 575/575/575 608/608/608 609/609/609
f 575/575/575 609/609/609 576/576/576
f 576/576/576 609/609/609 610/610/610
f 576/576/576 610/610/610 577/577/577
f 577/577/577 610/610/610 611/611/611
f 577/577/577 611/611/611 578/578/578
f 578/578/578 611/611/611 612/612/612
f 578/578/578 612/612/612 579/579/579
f 579/579/579 612/612/612 613/613/613
f 579/579/579 613/613/613 580/580/580
f 580/580/580 613/613/613 614/614/614
f 580/580/580 614/614/614 581/581/581
f 581/581/581 614/614/614 615/615/615
f 581/581/581 615/615/615 582/582/582
f 582/582/582 615/615/615 616/616/616
f 582/582/582 616/616/616 583/583/583
f 583/583/583 616/616/616 617/617/617
f 583/583/583 617/617/617 584/584/584
f 584/584/584 617/617/617 618/618/618
f 584/584/584 618/618/618 585/585/585
f 585/585/585 618/618/618 619/619/619
f 585/585/585 619/619/619 586/586/586
f 586/586/586 619/619/619 620/620/620
f 586/586/586 620/620/620 587/587/587
f 587/587/587 620/620/620 621/621/621
f 587/587/587 621/621/621 588/588/588
f 588/588/588 621/621/621 622/622/622
f 588/588/588 622/622/622 589/589/589
f 589/589/589 622/622/622 623/623/623
f 589/589/589 623/623/623 590/590/590
f 590/590/590 623/623/623 624/624/624
f 590/590/590 624/624/624 591/591/591
f 591/591/591 624/624/624 625/625/625
f 591/591/591 625/625/625 592/592/592
f 592/592/592 625/625/625 626/626/626
f 592/592/592 626/626/626 593/593/593
f 593/593/593 626/626/626 627/627/627
f 593/593/593 627/627/627 594/594/594
f 595/595/595 628/628/628 629/629/629
f 595/595/595 629/629/629 596/596/596
f 596/596/596 629/629/629 630/630/630
f 596/596/596 630/630/630 597/597/597
f 597/597/597 630/630/630 631/631/631
f 597/597/597 631/631/631 598/598/598
f 598/598/598 631/631/631 632/632/632
f 598/598/598 632/632/632 599/599/599
f 599/599/599 632/632/632 633/633/633
f 599/599/599 633/633/633 600/600/600
f 600/600/600 633/633/633 634/634/634
f 600/600/600 634/634/634 601/601/601
f 601/601/601 634/634/634 635/635/635
f 601/601/601 635/635/635 602/602/602
f 602/602/602 635/635/635 636/636/636
f 602/602/602 636/636/636 603/603/603
f 603/603/603 636/636/636 637/637/637
f 603/603/603 637/637/637 604/604/604
f 604/604/604 637/637/637 638/638/638
f 604/604/604 638/638/638 605/605/605
f 605/605/605 638/638/638 639/639/639
f 605/605/605 639/639/639 606/606/606
f 606/606/606 639/639/639 640/640/640
f 606/606/606 640/640/640 607/607/607
f 607/607/607 640/640/640 641/641/641
f 607/607/607 641/641/641 608/608/608
f 608/608/608 641/641/641 642/642/642
f 608/608/608 642/642/642 609/609/609
f 609/609/609 642/642/642 643/643/643
f 609/609/609 643/643/643 610/610/610
f 610/610/610 643/643/643 644/644/644
f 610/610/610 644/644/644 611/611/611
f 611/611/611 644/644/644 645/645/645
f 611/611/611 645/645/645 612/612/612
f 612/612/612 645/645/645 646/646/646
f 612/612/612 646/646/646 613/613/613
f 613/613/613 646/646/646 647/647/647
f 613/613/613 647/647/647 614/614/614
f 614/614/614 647/647/647 648/648/648
f 614/614/614 648/648/648 615/615/615
f 615/615/615 648/648/648 649/649/649
f 615/615/615 649/649/649 616/616/616
f 616/616/616 649/649/649 650/650/650
f 616/616/616 650/650/650 617/617/617
f 617/617/617 650/650/650 651/651/651
f 617/617/617 651/651/651 618/618/618
f 618/618/618 651/651/651 652/652/652
f 618/618/618 652/652/652 619/619/619
f 619/619/619 652/652/652 653/653/653
f 619/619/619 653/653/653 620/620/620
f 620/620/620 653/653/653 654/654/654
f 620/620/620 654/654/654 621/621/621
f 621/621/621 654/654/654 655/655/655
f 621/621/621 655/655/655 622/622/622
f 622/622/622 655/655/655 656/656/656
f 622/622/622 656/656/656 623/623/623
f 623/623/623 656/656/656 657/657/657
f 623/623/623 657/657/657 624/624/624
f 624/624/624 657/657/657 658/658/658
f 624/624/624 658/658/658 625/625/625
f 625/625/625 658/658/658 659/659/659
f 625/625/625 659/659/659 626/626/626
f 626/626/626 659/659/659 660/660/660
f 626/626/626 660/660/660 627/627/627
f 628/628/628 661/661/661 662/662/662
f 628/628/628 662/662/662 629/629/629
f 629/629/629 662/662/662 663/663/663
f 629/629/629 663/663/663 630/630/630
f 630/630/630 663/663/663 664/664/664
f 630/630/630 664/664/664 631/631/631
f 631/631/631 664/664/664 665/665/665
f 631/631/631 665/665/665 632/632/632
f 632/632/632 665/665/665 666/666/666
f 632/632/632 666/666/666 633/633/633
f 633/633/633 666/666/666 667/667/667
f 633/633/633 667/667/667 634/634/634
f 634/634/634 667/667/667 668/668/668
f 634/634/634 668/668/668 635/635/635
f 635/635/635 668/668/668 669/669/669
f 635/635/635 669/669/669 636/636/636
f 636/636/636 669/669/669 670/670/670
f 636/636/636 670/670/670 637/637/637
f 637/637/637 670/670/670 671/671/671
f 637/637/637 671/671/671 638/638/638
f 638/638/638 671/671/671 672/672/672
f 638/638/638 672/672/672 639/639/639
f 639/639/639 672/672/672 673/673/673
f 639/639/639 673/673/673 640/640/640
f 640/640/640 673/673/673 674/674/674
f 640/640/640 674/674/674 641/641/641
f 641/641/641 674/674/674 675/675/675
f 641/641/641 675/675/675 642/642/642
f 642/642/642 675/675/675 676/676/676
f 642/642/642 676/676/676 643/643/643
f 643/643/643 676/676/676 677/677/677
f 643/643/643 677/677/677 644/644/644
f 644/644/644 677/677/677 678/678/678
f 644/644/644 678/678/678 645/645/645
f 645/645/645 678/678/678 679/679/679
f 645/645/645 679/679/679 646/646/646
f 646/646/646 679/679/679 680/680/680
f 646/646/646 680/680/680 647/647/647
f 647/647/647 680/680/680 681/681/681
f 647/647/647 681/681/681 648/648/648
f 648/648/648 681/681/681 682/682/682
f 648/648/648 682/682/682 649/649/649
f 649/649/649 682/682/682 683/683/683
f 649/649/649 683/683/683 650/650/650
f 650/650/650 683/683/683 684/684/684
f 650/650/650 684/684/684 651/651/651
f 651/651/651 684/684/684 685/685/685
f 651/651/651 685/685/685 652/652/652
f 652/652/652 685/685/685 686/686/686
f 652/652/652 686/686/686 653/653/653
f 653/653/653 686/686/686 687/687/687
f 653/653/653 687/687/687 654/654/654
f 654/654/654 687/687/687 688/688/688
f 654/654/654 688/688/688 655/655/655
f 655/655/655 688/688/688 689/689/689
f 655/655/655 689/689/689 656/656/656
f 656/656/656 689/689/689 690/690/690
f 656/656/656 690/690/690 657/657/657
f 657/657/657 690/690/690 691/691/691
f 657/657/657 691/691/691 658/658/658
f 658/658/658 691/691/691 692/692/692
f 658/658/658 692/692/692 659/659/659
f 659/659/659 692/692/692 693/693/693
f 659/659/659 693/693/693 660/660/660
f 661/661/661 694/694/694 695/695/695
f 661/661/661 695/695/695 662/662/662
f 662/662/662 695/695/695 696/696/696
f 662/662/662 696/696/696 663/663/663
f 663/663/663 696/696/696 697/697/697
f 663/663/663 697/697/697 664/664/664
f 664/664/664 697/697/697 698/698/698
f 664/664/664 698/698/698 665/665/665
f 665/665/665 698/698/698 699/699/699
f 665/665/665 699/699/699 666/666/666
f 666/666/666 699/699/699 700/700/700
f 666/666/666 700/700/700 667/667/667
f 667/667/667 700/700/700 701/701/701
f 667/667/667 701/701/701 668/668/668
f 668/668/668 701/701/701 702/702/702
f 668/668/668 702/702/702 669/669/669
f 669/669/669 702/702/702 703/703/703
f 669/669/669 703/703/703 670/670/670
f 670/670/670 703/703/703 704/704/704
f 670/670/670 704/704/704 671/671/671
f 671/671/671 704/704/704 705/705/705
f 671/671/671 705/705/705 672/672/672
f 672/672/672 705/705/705 706/706/706
f 672/672/672 706/706/706 673/673/673
f 673/673/673 706/706/706 707/707/707
f 673/673/673 707/707/707 674/674/674
f 674/674/674 707/707/707 708/708/708
f 674/674/674 708/708/708 675/675/675
f 675/675/675 708/708/708 709/709/709
f 675/675/675 709/709/709 676/676/676
f 676/676/676 709/709/709 710/710/710
f 676/676/676 710/710/710 677/677/677
f 677/677/677 710/710/710 711/711/711
f 677/677/677 711/711/711 678/678/678
f 678/678/678 711/711/711 712/712/712
f 678/678/678 712/712/712 679/679/679
f 679/679/679 712/712/712 713/713/713
f 679/679/679 713/713/713 680/680/680
f 680/680/680 713/713/713 714/714/714
f 680/680/680 714/714/714 681/681/681
f 681/681/681 714/714/714 715/715/715
f 681/681/681 715/715/715 682/682/682
f 682/682/682 715/715/715 716/716/716
f 682/682/682 716/716/716 683/683/683
f 683/683/683 716/716/716 717/717/717
f 683/683/683 717/717/717 684/684/684
f 684/684/684 717/717/717 718/718/718
f 684/684/684 718/718/718 685/685/685
f 685/685/685 718/718/718 719/719/719
f 685/685/685 719/719/719 686/686/686
f 686/686/686 719/719/719 720/720/720
f 686/686/686 720/720/720 687/687/687
f 687/687/687 720/720/720 721/721/721
f 687/687/687 721/721/721 688/688/688
f 688/688/688 721/721/721 722/722/722
f 688/688/688 722/722/722 689/689/689
f 689/689/689 722/722/722 723/723/723
f 689/689/689 723/723/723 690/690/690
f 690/690/690 723/723/723 724/724/724
f 690/690/690 724/724/724 691/691/691
f 691/691/691 724/724/724 725/725/725
f 691/691/691 725/725/725 692/692/692
f 692/692/692 725/725/725 726/726/726
f 692/692/692 726/726/726 693/693/693
f 694/694/694 727/727/727 728/728/728
f 694/694/694 728/728/728 695/695/695
f 695/695/695 728/728/728 729/729/729
f 695/695/695 729/729/729 696/696/696
f 696/696/696 729/729/729 730/730/730
f 696/696/696 730/730/730 697/697/697
f 697/697/697 730/730/730 731/731/731
f 697/697/697 731/731/731 698/698/698
f 698/698/698 731/731/731 732/732/732
f 698/698/698 732/732/732 699/699/699
f 699/699/699 732/732/732 733/733/733
f 699/699/699 733/733/733 700/700/700
f 700/700/700 733/733/733 734/734/734
f 700/700/700 734/734/734 701/701/701
f 701/701/701 734/734/734 735/735/735
f 701/701/701 735/735/735 702/702/702
f 702/702/702 735/735/735 736/736/736
f 702/702/702 736/736/736 703/703/703
f 703/703/703 736/736/736 737/737/737
f 703/703/703 737/737/737 704/704/704
f 704/704/704 737/737/737 738/738/738
f 704/704/704 738/738/738 705/705/705
f 705/705/705 738/738/738 739/739/739
f 705/705/705 739/739/739 706/706/706
f 706/706/706 739/739/739 740/740/740
f 706/706/706 740/740/740 707/707/707
f 707/707/707 740/740/740 741/741/741
f 707/707/707 741/741/741 708/708/708
f 708/708/708 741/741/741 742/742/742
f 708/708/708 742/742/742 709/709/709
f 709/709/709 742/742/742 743/743/743
f 709/709/709 743/743/743 710/710/710
f 710/710/710 743/743/743 744/744/744
f 710/710/710 744/744/744 711/711/711
f 711/711/711 744/744/744 745/745/745
f 711/711/711 745/745/745 712/712/712
f 712/712/712 745/745/745 746/746/746
f 712/712/712 746/746/746 713/713/713
f 713/713/713 746/746/746 747/747/747
f 713/713/713 747/747/747 714/714/714
f 714/714/714 747/747/747 748/748/748
f 714/714/714 748/748/748 715/715/715
f 715/715/715 748/748/748 749/749/749
f 715/715/715 749/749/749 716/716/716
f 716/716/716 749/749/749 750/750/750
f 716/716/716 750/750/750 717/717/717
f 717/717/717 750/750/750 751/751/751
f 717/717/717 751/751/751 718/718/718
f 718/718/718 751/751/751 752/752/752
f 718/718/718 752/752/752 719/719/719
f 719/719/719 752/752/752 753/753/753
f 719/719/719 753/753/753 720/720/720
f 720/720/720 753/753/753 754/754/754
f 720/720/720 754/754/754 721/721/721
f 721/721/721 754/754/754 755/755/755
f 721/721/721 755/755/755 722/722/722
f 722/722/722 755/755/755 756/756/756
f 722/722/722 756/756/756 723/723/723
f 723/723/723 756/756/756 757/757/757
f 723/723/723 757/757/757 724/724/724
f 724/724/724 757/757/757 758/758/758
f 724/724/724 758/758/758 725/725/725
f 725/725/725 758/758/758 759/759/759
f 725/725/725 759/759/759 726/726/726
f 727/727/727 760/760/760 761/761/761
f 727/727/727 761/761/761 728/728/728
f 728/728/728 761/761/761 762/762/762
f 728/728/728 762/762/762 729/729/729
f 729/729/729 762/762/762 763/763/763
f 729/729/729 763/763/763 730/730/730
f 730/730/730 763/763/763 764/764/764
f 730/730/730 764/764/764 731/731/731
f 731/731/731 764/764/764 765/765/765
f 731/731/731 765/765/765 732/732/732
f 732/732/732 765/765/765 766/766/766
f 732/732/732 766/766/766 733/733/733
f 733/733/733 766/766/766 767/767/767
f 733/733/733 767/767/767 734/734/734
f 734/734/734 767/767/767 768/768/768
f 734/734/734 768/768/768 735/735/735
f 735/735/735 768/768/768 769/769/769
f 735/735/735 769/769/769 736/736/736
f 736/736/736 769/769/769 770/770/770
f 736/736/736 770/770/770 737/737/737
f 737/737/737 770/770/770 771/771/771
f 737/737/737 771/771/771 738/738/738
f 738/738/738 771/771/771 772/772/772
f 738/738/738 772/772/772 739/739/739
f 739/739/739 772/772/772 773/773/773
f 739/739/739 773/773/773 740/740/740
f 740/740/740 773/773/773 774/774/774
f 740/740/740 774/774/774 741/741/741
f 741/741/741 774/774/774 775/775/775
f 741/741/741 775/775/775 742/742/742
f 742/742/742 775/775/775 776/776/776
f 742/742/742 776/776/776 743/743/743
f 743/743/743 776/776/776 777/777/777
f 743/743/743 777/777/777 744/744/744
f 744/744/744 777/777/777 778/778/778
f 744/744/744 778/778/778 745/745/745
f 745/745/745 778/778/778 779/779/779
f 745/745/745 779/779/779 746/746/746
f 746/746/746 779/779/779 780/780/780
f 746/746/746 780/780/780 747/747/747
f 747/747/747 780/780/780 781/781/781
f 747/747/747 781/781/781 748/748/748
f 748/748/748 781/781/781 782/782/782
f 748/748/748 782/782/782 749/749/749
f 749/749/749 782/782/782 783/783/783
f 749/749/749 783/783/783 750/750/750
f 750/750/750 783/783/783 784/784/784
f 750/750/750 784/784/784 751/751/751
f 751/751/751 784/784/784 785/785/785
f 751/751/751 785/785/785 752/752/752
f 752/752/752 785/785/785 786/786/786
f 752/752/752 786/786/786 753/753/753
f 753/753/753 786/786/786 787/787/787
f 753/753/753 787/787/787 754/754/754
f 754/754/754 787/787/787 788/788/788
f 754/754/754 788/788/788 755/755/755
f 755/755/755 788/788/788 789/789/789
f 755/755/755 789/789/789 756/756/756
f 756/756/756 789/789/789 790/790/790
f 756/756/756 790/790/790 757/757/757
f 757/757/757 790/790/790 791/791/791
f 757/757/757 791/791/791 758/758/758
f 758/758/758 791/791/791 792/792/792
f 758/758/758 792/792/792 759/759/759
f 760/760/760 793/793/793 794/794/794
f 760/760/760 794/794/794 761/761/761
f 761/761/761 794/794/794 795/795/795
f 761/761/761 795/795/795 762/762/762
f 762/762/762 795/795/795 796/796/796
f 762/762/762 796/796/796 763/763/763
f 763/763/763 796/796/796 797/797/797
f 763/763/763 797/797/797 764/764/764
f 764/764/764 797/797/797 798/798/798
f 764/764/764 798/798/798 765/765/765
f 765/765/765 798/798/798 799/799/799
f 765/765/765 799/799/799 766/766/766
f 766/766/766 799/799/799 800/800/800
f 766/766/766 800/800/800 767/767/767
f 767/767/767 800/800/800 801/801/801
f 767/767/767 801/801/801 768/768/768
f 768/768/768 801/801/801 802/802/802
f 768/768/768 802/802/802 769/769/769
f 769/769/769 802/802/802 803/803/803
f 769/769/769 803/803/803 770/770/770
f 770/770/770 803/803/803 804/804/804
f 770/770/770 804/804/804 771/771/771
f 771/771/771 804/804/804 805/805/805
f 771/771/771 805/805/805 772/772/772
f 772/772/772 805/805/805 806/806/806
f 772/772/772 806/806/806 773/773/773
f 773/773/773 806/806/806 807/807/807
f 773/773/773 807/807/807 774/774/774
f 774/774/774 807/807/807 808/808/808
f 774/774/774 808/808/808 775/775/775
f 775/775/775 808/808/808 809/809/809
f 775/775/775 809/809/809 776/776/776
f 776/776/776 809/809/809 810/810/810
f 776/776/776 810/810/810 777/777/777
f 777/777/777 810/810/810 811/811/811
f 777/777/777 811/811/811 778/778/778
f 778/778/778 811/811/811 812/812/812
f 778/778/778 812/812/812 779/779/779
f 779/779/779 812/812/812 813/813/813
f 779/779/779 813/813/813 780/780/780
f 780/780/780 813/813/813 814/814/814
f 780/780/780 814/814/814 781/781/781
f 781/781/781 814/814/814 815/815/815
f 781/781/781 815/815/815 782/782/782
f 782/782/782 815/815/815 816/816/816
f 782/782/782 816/816/816 783/783/783
f 783/783/783 816/816/816 817/817/817
f 783/783/783 817/817/817 784/784/784
f 784/784/784 817/817/817 818/818/818
f 784/784/784 818/818/818 785/785/785
f 785/785/785 818/818/818 819/819/819
f 785/785/785 819/819/819 786/786/786
f 786/786/786 819/819/819 820/820/820
f 786/786/786 820/820/820 787/787/787
f 787/787/787 820/820/820 821/821/821
f 787/787/787 821/821/821 788/788/788
f 788/788/788 821/821/821 822/822/822
f 788/788/788 822/822/822 789/789/789
f 789/789/789 822/822/822 823/823/823
f 789/789/789 823/823/823 790/790/790
f 790/790/790 823/823/823 824/824/824
f 790/790/790 824/824/824 791/791/791
f 791/791/791 824/824/824 825/825/825
f 791/791/791 825/825/825 792/792/792
f 793/793/793 826/826/826 827/827/827
f 793/793/793 827/827/827 794/794/794
f 794/794/794 827/827/827 828/828/828
f 794/794/794 828/828/828 795/795/795
f 795/795/795 828/828/828 829/829/829
f 795/795/795 829/829/829 796/796/796
f 796/796/796 829/829/829 830/830/830
f 796/796/796 830/830/830 797/797/797
f 797/797/797 830/830/830 831/831/831
f 797/797/797 831/831/831 798/798/798
f 798/798/798 831/831/831 832/832/832
f 798/798/798 832/832/832 799/799/799
f 799/799/799 832/832/832 833/833/833
f 799/799/799 833/833/833 800/800/800
f 800/800/800 833/833/833 834/834/834
f 800/800/800 834/834/834 801/801/801
f 801/801/801 834/834/834 835/835/835
f 801/801/801 835/835/835 802/802/802
f 802/802/802 835/835/835 836/836/836
f 802/802/802 836/836/836 803/803/803
f 803/803/803 836/836/836 837/837/837
f 803/803/803 837/837/837 804/804/804
f 804/804/804 837/837/837 838/838/838
f 804/804/804 838/838/838 805/805/805
f 805/805/805 838/838/838 839/839/839
f 805/805/805 839/839/839 806/806/806
f 806/806/806 839/839/839 840/840/840
f 806/806/806 840/840/840 807/807/807
f 807/807/807 840/840/840 841/841/841
f 807/807/807 841/841/841 808/808/808
f 808/808/808 841/841/841 842/842/842
f 808/808/808 842/842/842 809/809/809
f 809/809/809 842/842/842 843/843/843
f 809/809/809 843/843/843 810/810/810
f 810/810/810 843/843/843 844/844/844
f 810/810/810 844/844/844 811/811/811
f 811/811/811 844/844/844 845/845/845
f 811/811/811 845/845/845 812/812/812
f 812/812/812 845/845/845 846/846/846
f 812/812/812 846/846/846 813/813/813
f 813/813/813 846/846/846 847/847/847
f 813/813/813 847/847/847 814/814/814
f 814/814/814 847/847/847 848/848/848
f 814/814/814 848/848/848 815/815/815
f 815/815/815 848/848/848 849/849/849
f 815/815/815 849/849/849 816/816/816
f 816/816/816 849/849/849 850/850/850
f 816/816/816 850/850/850 817/817/817
f 817/817/817 850/850/850 851/851/851
f 817/817/817 851/851/851 818/818/818
f 818/818/818 851/851/851 852/852/852
f 818/818/818 852/852/852 819/819/819
f 819/819/819 852/852/852 853/853/853
f 819/819/819 853/853/853 820/820/820
f 820/820/820 853/853/853 854/854/854
f 820/820/820 854/854/854 821/821/821
f 821/821/821 854/854/854 855/855/855
f 821/821/821 855/855/855 822/822/822
f 822/822/822 855/855/855 856/856/856
f 822/822/822 856/856/856 823/823/823
f 823/823/823 856/856/856 857/857/857
f 823/823/823 857/857/857 824/824/824
f 824/824/824 857/857/857 858/858/858
f 824/824/824 858/858/858 825/825/825
f 826/826/826 859/859/859 860/860/860
f 826/826/826 860/860/860 827/827/827
f 827/827/827 860/860/860 861/861/861
f 827/827/827 861/861/861 828/828/828
f 828/828/828 861/861/861 862/862/862
f 828/828/828 862/862/862 829/829/829
f 829/829/829 862/862/862 863/863/863
f 829/829/829 863/863/863 830/830/830
f 830/830/830 863/863/863 864/864/864
f 830/830/830 864/864/864 831/831/831
f 831/831/831 864/864/864 865/865/865
f 831/831/831 865/865/865 832/832/832
f 832/832/832 865/865/865 866/866/866
f 832/832/832 866/866/866 833/833/833
f 833/833/833 866/866/866 867/867/867
f 833/833/833 867/867/867 834/834/834
f 834/834/834 867/867/867 868/868/868
f 834/834/834 868/868/868 835/835/835
f 835/835/835 868/868/868 869/869/869
f 835/835/835 869/869/869 836/836/836
f 836/836/836 869/869/869 870/870/870
f 836/836/836 870/870/870 837/837/837
f 837/837/837 870/870/870 871/871/871
f 837/837/837 871/871/871 838/838/838
f 838/838/838 871/871/871 872/872/872
f 838/838/838 872/872/872 839/839/839
f 839/839/839 872/872/872 873/873/873
f 839/839/839 873/873/873 840/840/840
f 840/840/840 873/873/873 874/874/874
f 840/840/840 874/874/874 841/841/841
f 841/841/841 874/874/874 875/875/875
f 841/841/841 875/875/875 842/842/842
f 842/842/842 875/875/875 876/876/876
f 842/842/842 876/876/876 843/843/843
f 843/843/843 876/876/876 877/877/877
f 843/843/843 877/877/877 844/844/844
f 844/844/844 877/877/877 878/878/878
f 844/844/844 878/878/878 845/845/845
f 845/845/845 878/878/878 879/879/879
f 845/845/845 879/879/879 846/846/846
f 846/846/846 879/879/879 880/880/880
f 846/846/846 880/880/880 847/847/847
f 847/847/847 880/880/880 881/881/881
f 847/847/847 881/881/881 848/848/848
f 848/848/848 881/881/881 882/882/882
f 848/848/848 882/882/882 849/849/849
f 849/849/849 882/882/882 883/883/883
f 849/849/849 883/883/883 850/850/850
f 850/850/850 883/883/883 884/884/884
f 850/850/850 884/884/884 851/851/851
f 851/851/851 884/884/884 885/885/885
f 851/851/851 885/885/885 852/852/852
f 852/852/852 885/885/885 886/886/886
f 852/852/852 886/886/886 853/853/853
f 853/853/853 886/886/886 887/887/887
f 853/853/853 887/887/887 854/854/854
f 854/854/854 887/887/887 888/888/888
f 854/854/854 888/888/888 855/855/855
f 855/855/855 888/888/888 889/889/889
f 855/855/855 889/889/889 856/856/856
f 856/856/856 889/889/889 890/890/890
f 856/856/856 890/890/890 857/857/857
f 857/857/857 890/890/890 891/891/891
f 857/857/857 891/891/891 858/858/858
f 859/859/859 892/892/892 893/893/893
f 859/859/859 893/893/893 860/860/860
f 860/860/860 893/893/893 894/894/894
f 860/860/860 894/894/894 861/861/861
f 861/861/861 894/894/894 895/895/895
f 861/861/861 895/895/895 862/862/862
f 862/862/862 895/895/895 896/896/896
f 862/862/862 896/896/896 863/863/863
f 863/863/863 896/896/896 897/897/897
f 863/863/863 897/897/897 864/864/864
f 864/864/864 897/897/897 898/898/898
f 864/864/864 898/898/898 865/865/865
f 865/865/865 898/898/898 899/899/899
f 865/865/865 899/899/899 866/866/866
f 866/866/866 899/899/899 900/900/900
f 866/866/866 900/900/900 867/867/867
f 867/867/867 900/900/900 901/901/901
f 867/867/867 901/901/901 868/868/868
f 868/868/868 901/901/901 902/902/902
f 868/868/868 902/902/902 869/869/869
f 869/869/869 902/902/902 903/903/903
f 869/869/869 903/903/903 870/870/870
f 870/870/870 903/903/903 904/904/904
f 870/870/870 904/904/904 871/871/871
f 871/871/871 904/904/904 905/905/905
f 871/871/871 905/905/905 872/872/872
f 872/872/872 905/905/905 906/906/906
f 872/872/872 906/906/906 873/873/873
f 873/873/873 906/906/906 907/907/907
f 873/873/873 907/907/907 874/874/874
f 874/874/874 907/907/907 908/908/908
f 874/874/874 908/908/908 875/875/875
f 875/875/875 908/908/908 909/909/909
f 875/875/875 909/909/909 876/876/876
f 876/876/876 909/909/909 910/910/910
f 876/876/876 910/910/910 877/877/877
f 877/877/877 910/910/910 911/911/911
f 877/877/877 911/911/911 878/878/878
f 878/878/878 911/911/911 912/912/912
f 878/878/878 912/912/912 879/879/879
f 879/879/879 912/912/912 913/913/913
f 879/879/879 913/913/913 880/880/880
f 880/880/880 913/913/913 914/914/914
f 880/880/880 914/914/914 881/881/881
f 881/881/881 914/914/914 915/915/915
f 881/881/881 915/915/915 882/882/882
f 882/882/882 915/915/915 916/916/916
f 882/882/882 916/916/916 883/883/883
f 883/883/883 916/916/916 917/917/917
f 883/883/883 917/917/917 884/884/884
f 884/884/884 917/917/917 918/918/918
f 884/884/884 918/918/918 885/885/885
f 885/885/885 918/918/918 919/919/919
f 885/885/885 919/919/919 886/886/886
f 886/886/886 919/919/919 920/920/920
f 886/886/886 920/920/920 887/887/887
f 887/887/887 920/920/920 921/921/921
f 887/887/887 921/921/921 888/888/888
f 888/888/888 921/921/921 922/922/922
f 888/888/888 922/922/922 889/889/889
f 889/889/889 922/922/922 923/923/923
f 889/889/889 923/923/923 890/890/890
f 890/890/890 923/923/923 924/924/924
f 890/890/890 924/924/924 891/891/891
f 892/892/892 925/925/925 926/926/926
f 892/892/892 926/926/926 893/893/893
f 893/893/893 926/926/926 927/927/927
f 893/893/893 927/927/927 894/894/894
f 894/894/894 927/927/927 928/928/928
f 894/894/894 928/928/928 895/895/895
f 895/895/895 928/928/928 929/929/929
f 895/895/895 929/929/929 896/896/896
f 896/896/896 929/929/929 930/930/930
f 896/896/896 930/930/930 897/897/897
f 897/897/897 930/930/930 931/931/931
f 897/897/897 931/931/931 898/898/898
f 898/898/898 931/931/931 932/932/932
f 898/898/898 932/932/932 899/899/899
f 899/899/899 932/932/932 933/933/933
f 899/899/899 933/933/933 900/900/900
f 900/900/900 933/933/933 934/934/934
f 900/900/900 934/934/934 901/901/901
f 901/901/901 934/934/934 935/935/935
f 901/901/901 935/935/935 902/902/902
f 902/902/902 935/935/935 936/936/936
f 902/902/902 936/936/936 903/903/903
f 903/903/903 936/936/936 937/937/937
f 903/903/903 937/937/937 904/904/904
f 904/904/904 937/937/937 938/938/938
f 904/904/904 938/938/938 905/905/905
f 905/905/905 938/938/938 939/939/939
f 905/905/905 939/939/939 906/906/906
f 906/906/906 939/939/939 940/940/940
f 906/906/906 940/940/940 907/907/907
f 907/907/907 940/940/940 941/941/941
f 907/907/907 941/941/941 908/908/908
f 908/908/908 941/941/941 942/942/942
f 908/908/908 942/942/942 909/909/909
f 909/909/909 942/942/942 943/943/943
f 909/909/909 943/943/943 910/910/910
f 910/910/910 943/943/943 944/944/944
f 910/910/910 944/944/944 911/911/911
f 911/911/911 944/944/944 945/945/945
f 911/911/911 945/945/945 912/912/912
f 912/912/912 945/945/945 946/946/946
f 912/912/912 946/946/946 913/913/913
f 913/913/913 946/946/946 947/947/947
f 913/913/913 947/947/947 914/914/914
f 914/914/914 947/947/947 948/948/948
f 914/914/914 948/948/948 915/915/915
f 915/915/915 948/948/948 949/949/949
f 915/915/915 949/949/949 916/916/916
f 916/916/916 949/949/949 950/950/950
f 916/916/916 950/950/950 917/917/917
f 917/917/917 950/950/950 951/951/951
f 917/917/917 951/951/951 918/918/918
f 918/918/918 951/951/951 952/952/952
f 918/918/918 952/952/952 919/919/919
f 919/919/919 952/952/952 953/953/953
f 919/919/919 953/953/953 920/920/920
f 920/920/920 953/953/953 954/954/954
f 920/920/920 954/954/954 921/921/921
f 921/921/921 954/954/954 955/955/955
f 921/921/921 955/955/955 922/922/922
f 922/922/922 955/955/955 956/956/956
f 922/922/922 956/956/956 923/923/923
f 923/923/923 956/956/956 957/957/957
f 923/923/923 957/957/957 924/924/924
f 925/925/925 958/958/958 959/959/959
f 925/925/925 959/959/959 926/926/926
f 926/926/926 959/959/959 960/960/960
f 926/926/926 960/960/960 927/927/927
f 927/927/927 960/960/960 961/961/961
f 927/927/927 961/961/961 928/928/928
f 928/928/928 961/961/961 962/962/962
f 928/928/928 962/962/962 929/929/929
f 929/929/929 962/962/962 963/963/963
f 929/929/929 963/963/963 930/930/930
f 930/930/930 963/963/963 964/964/964
f 930/930/930 964/964/964 931/931/931
f 931/931/931 964/964/964 965/965/965
f 931/931/931 965/965/965 932/932/932
f 932/932/932 965/965/965 966/966/966
f 932/932/932 966/966/966 933/933/933
f 933/933/933 966/966/966 967/967/967
f 933/933/933 967/967/967 934/934/934
f 934/934/934 967/967/967 968/968/968
f 934/934/934 968/968/968 935/935/935
f 935/935/935 968/968/968 969/969/969
f 935/935/935 969/969/969 936/936/936
f 936/936/936 969/969/969 970/970/970
f 936/936/936 970/970/970 937/937/937
f 937/937/937 970/970/970 971/971/971
f 937/937/937 971/971/971 938/938/938
f 938/938/938 971/971/971 972/972/972
f 938/938/938 972/972/972 939/939/939
f 939/939/939 972/972/972 973/973/973
f 939/939/939 973/973/973 940/940/940
f 940/940/940 973/973/973 974/974/974
f 940/940/940 974/974/974 941/941/941
f 941/941/941 974/974/974 975/975/975
f 941/941/941 975/975/975 942/942/942
f 942/942/942 975/975/975 976/976/976
f 942/942/942 976/976/976 943/943/943
f 943/943/943 976/976/976 977/977/977
f 943/943/943 977/977/977 944/944/944
f 944/944/944 977/977/977 978/978/978
f 944/944/944 978/978/978 945/945/945
f 945/945/945 978/978/978 979/979/979
f 945/945/945 979/979/979 946/946/946
f 946/946/946 979/979/979 980/980/980
f 946/946/946 980/980/980 947/947/947
f 947/947/947 980/980/980 981/981/981
f 947/947/947 981/981/981 948/948/948
f 948/948/948 981/981/981 982/982/982
f 948/948/948 982/982/982 949/949/949
f 949/949/949 982/982/982 983/983/983
f 949/949/949 983/983/983 950/950/950
f 950/950/950 983/983/983 984/984/984
f 950/950/950 984/984/984 951/951/951
f 951/951/951 984/984/984 985/985/985
f 951/951/951 985/985/985 952/952/952
f 952/952/952 985/985/985 986/986/986
f 952/952/952 986/986/986 953/953/953
f 953/953/953 986/986/986 987/987/987
f 953/953/953 987/987/987 954/954/954
f 954/954/954 987/987/987 988/988/988
f 954/954/954 988/988/988 955/955/955
f 955/955/955 988/988/988 989/989/989
f 955/955/955 989/989/989 956/956/956
f 956/956/956 989/989/989 990/990/990
f 956/956/956 990/990/990 957/957/957
f 958/958/958 991/991/991 992/992/992
f 958/958/958 992/992/992 959/959/959
f 959/959/959 992/992/992 993/993/993
f 959/959/959 993/993/993 960/960/960
f 960/960/960 993/993/993 994/994/994
f 960/960/960 994/994/994 961/961/961
f 961/961/961 994/994/994 995/995/995
f 961/961/961 995/995/995 962/962/962
f 962/962/962 995/995/995 996/996/996
f 962/962/962 996/996/996 963/963/963
f 963/963/963 996/996/996 997/997/997
f 963/963/963 997/997/997 964/964/964
f 964/964/964 997/997/997 998/998/998
f 964/964/964 998/998/998 965/965/965
f 965/965/965 998/998/998 999/999/999
f 965/965/965 999/999/999 966/966/966
f 966/966/966 999/999/999 1000/1000/1000
f 966/966/966 1000/1000/1000 967/967/967
f 967/967/967 1000/1000/1000 1001/1001/1001
f 967/967/967 1001/1001/1001 968/968/968
f 968/968/968 1001/1001/1001 1002/1002/1002
f 968/968/968 1002/1002/1002 969/969/969
f 969/969/969 1002/1002/1002 1003/1003/1003
f 969/969/969 1003/1003/1003 970/970/970
f 970/970/970 1003/1003/1003 1004/1004/1004
f 970/970/970 1004/1004/1004 971/971/971
f 971/971/971 1004/1004/1004 1005/1005/1005
f 971/971/971 1005/1005/1005 972/972/972
f 972/972/972 1005/1005/1005 1006/1006/1006
f 972/972/972 1006/1006/1006 973/973/973
f 973/973/973 1006/1006/1006 1007/1007/1007
f 973/973/973 1007/1007/1007 974/974/974
f 974/974/974 1007/1007/1007 1008/1008/1008
f 974/974/974 1008/1008/1008 975/975/975
f 975/975/975 1008/1008/1008 1009/1009/1009
f 975/975/975 1009/1009/1009 976/976/976
f 976/976/976 1009/1009/1009 1010/1010/1010
f 976/976/976 1010/1010/1010 977/977/977
f 977/977/977 1010/1010/1010 1011/1011/1011
f 977/977/977 1011/1011/1011 978/978/978
f 978/978/978 1011/1011/1011 1012/1012/1012
f 978/978/978 1012/1012/1012 979/979/979
f 979/979/979 1012/1012/1012 1013/1013/1013
f 979/979/979 1013/1013/1013 980/980/980
f 980/980/980 1013/1013/1013 1014/1014/1014
f 980/980/980 1014/1014/1014 981/981/981
f 981/981/981 1014/1014/1014 1015/1015/1015
f 981/981/981 1015/1015/1015 982/982/982
f 982/982/982 1015/1015/1015 1016/1016/1016
f 982/982/982 1016/1016/1016 983/983/983
f 983/983/983 1016/1016/1016 1017/1017/1017
f 983/983/983 1017/1017/1017 984/984/984
f 984/984/984 1017/1017/1017 1018/1018/1018
f 984/984/984 1018/1018/1018 985/985/985
f 985/985/985 1018/1018/1018 1019/1019/1019
f 985/985/985 1019/1019/1019 986/986/986
f 986/986/986 1019/1019/1019 1020/1020/1020
f 986/986/986 1020/1020/1020 987/987/987
f 987/987/987 1020/1020/1020 1021/1021/1021
f 987/987/987 1021/1021/1021 988/988/988
f 988/988/988 1021/1021/1021 1022/1022/1022
f 988/988/988 1022/1022/1022 989/989/989
f 989/989/989 1022/1022/1022 1023/1023/1023
f 989/989/989 1023/1023/1023 990/990/990
f 991/991/991 1024/1024/1024 1025/1025/1025
f 991/991/991 1025/1025/1025 992/992/992
f 992/992/992 1025/1025/1025 1026/1026/1026
f 992/992/992 1026/1026/1026 993/993/993
f 993/993/993 1026/1026/1026 1027/1027/1027
f 993/993/993 1027/1027/1027 994/994/994
f 994/994/994 1027/1027/1027 1028/1028/1028
f 994/994/994 1028/1028/1028 995/995/995
f 995/995/995 1028/1028/1028 1029/1029/1029
f 995/995/995 1029/1029/1029 996/996/996
f 996/996/996 1029/1029/1029 1030/1030/1030
f 996/996/996 1030/1030/1030 997/997/997
f 997/997/997 1030/1030/1030 1031/1031/1031
f 997/997/997 1031/1031/1031 998/998/998
f 998/998/998 1031/1031/1031 1032/1032/1032
f 998/998/998 1032/1032/1032 999/999/999
f 999/999/999 1032/1032/1032 1033/1033/1033
f 999/999/999 1033/1033/1033 1000/1000/1000
f 1000/1000/1000 1033/1033/1033 1034/1034/1034
f 1000/1000/1000 1034/1034/1034 1001/1001/1001
f 1001/1001/1001 1034/1034/1034 1035/1035/1035
f 1001/1001/1001 1035/1035/1035 1002/1002/1002
f 1002/1002/1002 1035/1035/1035 1036/1036/1036
f 1002/1002/1002 1036/1036/1036 1003/1003/1003
f 1003/1003/1003 1036/1036/1036 1037/1037/1037
f 1003/1003/1003 1037/1037/1037 1004/1004/1004
f 1004/1004/1004 1037/1037/1037 1038/1038/1038
f 1004/1004/1004 1038/1038/1038 1005/1005/1005
f 1005/1005/1005 1038/1038/1038 1039/1039/1039
f 1005/1005/1005 1039/1039/1039 1006/1006/1006
f 1006/1006/1006 1039/1039/1039 1040/1040/1040
f 1006/1006/1006 1040/1040/1040 1007/1007/1007
f 1007/1007/1007 1040/1040/1040 1041/1041/1041
f 1007/1007/1007 1041/1041/1041 1008/1008/1008
f 1008/1008/1008 1041/1041/1041 1042/1042/1042
f 1008/1008/1008 1042/1042/1042 1009/1009/1009
f 1009/1009/1009 1042/1042/1042 1043/1043/1043
f 1009/1009/1009 1043/1043/1043 1010/1010/1010
f 1010/1010/1010 1043/1043/1043 1044/1044/1044
f 1010/1010/1010 1044/1044/1044 1011/1011/1011
f 1011/1011/1011 1044/1044/1044 1045/1045/1045
f 1011/1011/1011 1045/1045/1045 1012/1012/1012
f 1012/1012/1012 1045/1045/1045 1046/1046/1046
f 1012/1012/1012 1046/1046/1046 1013/1013/1013
f 1013/1013/1013 1046/1046/1046 1047/1047/1047
f 1013/1013/1013 1047/1047/1047 1014/1014/1014
f 1014/1014/1014 1047/1047/1047 1048/1048/1048
f 1014/1014/1014 1048/1048/1048 1015/1015/1015
f 1015/1015/1015 1048/1048/1048 1049/1049/1049
f 1015/1015/1015 1049/1049/1049 1016/1016/1016
f 1016/1016/1016 1049/1049/1049 1050/1050/1050
f 1016/1016/1016 1050/1050/1050 1017/1017/1017
f 1017/1017/1017 1050/1050/1050 1051/1051/1051
f 1017/1017/1017 1051/1051/1051 1018/1018/1018
f 1018/1018/1018 1051/1051/1051 1052/1052/1052
f 1018/1018/1018 1052/1052/1052 1019/1019/1019
f 1019/1019/1019 1052/1052/1052 1053/1053/1053
f 1019/1019/1019 1053/1053/1053 1020/1020/1020
f 1020/1020/1020 1053/1053/1053 1054/1054/1054
f 1020/1020/1020 1054/1054/1054 1021/1021/1021
f 1021/1021/1021 1054/1054/1054 1055/1055/1055
f 1021/1021/1021 1055/1055/1055 1022/1022/1022
f 1022/1022/1022 1055/1055/1055 1056/1056/1056
f 1022/1022/1022 1056/1056/1056 1023/1023/1023
f 1024/1024/1024 1057/1057/1057 1058/1058/1058
f 1024/1024/1024 1058/1058/1058 1025/1025/1025
f 1025/1025/1025 1058/1058/1058 1059/1059/1059
f 1025/1025/1025 1059/1059/1059 1026/1026/1026
f 1026/1026/1026 1059/1059/1059 1060/1060/1060
f 1026/1026/1026 1060/1060/1060 1027/1027/1027
f 1027/1027/1027 1060/1060/1060 1061/1061/1061
f 1027/1027/1027 1061/1061/1061 1028/1028/1028
f 1028/1028/1028 1061/1061/1061 1062/1062/1062
f 1028/1028/1028 1062/1062/1062 1029/1029/1029
f 1029/1029/1029 1062/1062/1062 1063/1063/1063
f 1029/1029/1029 1063/1063/1063 1030/1030/1030
f 1030/1030/1030 1063/1063/1063 1064/1064/1064
f 1030/1030/1030 1064/1064/1064 1031/1031/1031
f 1031/1031/1031 1064/1064/1064 1065/1065/1065
f 1031/1031/1031 1065/1065/1065 1032/1032/1032
f 1032/1032/1032 1065/1065/1065 1066/1066/1066
f 1032/1032/1032 1066/1066/1066 1033/1033/1033
f 1033/1033/1033 1066/1066/1066 1067/1067/1067
f 1033/1033/1033 1067/1067/1067 1034/1034/1034
f 1034/1034/1034 1067/1067/1067 1068/1068/1068
f 1034/1034/1034 1068/1068/1068 1035/1035/1035
f 1035/1035/1035 1068/1068/1068 1069/1069/1069
f 1035/1035/1035 1069/1069/1069 1036/1036/1036
f 1036/1036/1036 1069/1069/1069 1070/1070/1070
f 1036/1036/1036 1070/1070/1070 1037/1037/1037
f 1037/1037/1037 1070/1070/1070 1071/1071/1071
f 1037/1037/1037 1071/1071/1071 1038/1038/1038
f 1038/1038/1038 1071/1071/1071 1072/1072/1072
f 1038/1038/1038 1072/1072/1072 1039/1039/1039
f 1039/1039/1039 1072/1072/1072 1073/1073/1073
f 1039/1039/1039 1073/1073/1073 1040/1040/1040
f 1040/1040/1040 1073/1073/1073 1074/1074/1074
f 1040/1040/1040 1074/1074/1074 1041/1041/1041
f 1041/1041/1041 1074/1074/1074 1075/1075/1075
f 1041/1041/1041 1075/1075/1075 1042/1042/1042
f 1042/1042/1042 1075/1075/1075 1076/1076/1076
f 1042/1042/1042 1076/1076/1076 1043/1043/1043
f 1043/1043/1043 1076/1076/1076 1077/1077/1077
f 1043/1043/1043 1077/1077/1077 1044/1044/1044
f 1044/1044/1044 1077/1077/1077 1078/1078/1078
f 1044/1044/1044 1078/1078/1078 1045/1045/1045
f 1045/1045/1045 1078/1078/1078 1079/1079/1079
f 1045/1045/1045 1079/1079/1079 1046/1046/1046
f 1046/1046/1046 1079/1079/1079 1080/1080/1080
f 1046/1046/1046 1080/1080/1080 1047/1047/1047
f 1047/1047/1047 1080/1080/1080 1081/1081/1081
f 1047/1047/1047 1081/1081/1081 1048/1048/1048
f 1048/1048/1048 1081/1081/1081 1082/1082/1082
f 1048/1048/1048 1082/1082/1082 1049/1049/1049
f 1049/1049/1049 1082/1082/1082 1083/1083/1083
f 1049/1049/1049 1083/1083/1083 1050/1050/1050
f 1050/1050/1050 1083/1083/1083 1084/1084/1084
f 1050/1050/1050 1084/1084/1084 1051/1051/1051
f 1051/1051/1051 1084/1084/1084 1085/1085/1085
f 1051/1051/1051 1085/1085/1085 1052/1052/1052
f 1052/1052/1052 1085/1085/1085 1086/1086/1086
f 1052/1052/1052 1086/1086/1086 1053/1053/1053
f 1053/1053/1053 1086/1086/1086 1087/1087/1087
f 1053/1053/1053 1087/1087/1087 1054/1054/1054
f 1054/1054/1054 1087/1087/1087 1088/1088/1088
f 1054/1054/1054 1088/1088/1088 1055/1055/1055
f 1055/1055/1055 1088/1088/1088 1089/1089/1089
f 1055/1055/1055 1089/1089/1089 1056/1056/1056
f 1057/1057/1057 1090/1090/1090 1091/1091/1091
f 1057/1057/1057 1091/1091/1091 1058/1058/1058
f 1058/1058/1058 1091/1091/1091 1092/1092/1092
f 1058/1058/1058 1092/1092/1092 1059/1059/1059
f 1059/1059/1059 1092/1092/1092 1093/1093/1093
f 1059/1059/1059 1093/1093/1093 1060/1060/1060
f 1060/1060/1060 1093/1093/1093 1094/1094/1094
f 1060/1060/1060 1094/1094/1094 1061/1061/1061
f 1061/1061/1061 1094/1094/1094 1095/1095/1095
f 1061/1061/1061 1095/1095/1095 1062/1062/1062
f 1062/1062/1062 1095/1095/1095 1096/1096/1096
f 1062/1062/1062 1096/1096/1096 1063/1063/1063
f 1063/1063/1063 1096/1096/1096 1097/1097/1097
f 1063/1063/1063 1097/1097/1097 1064/1064/1064
f 1064/1064/1064 1097/1097/1097 1098/1098/1098
f 1064/1064/1064 1098/1098/1098 1065/1065/1065
f 1065/1065/1065 1098/1098/1098 1099/1099/1099
f 1065/1065/1065 1099/1099/1099 1066/1066/1066
f 1066/1066/1066 1099/1099/1099 1100/1100/1100
f 1066/1066/1066 1100/1100/1100 1067/1067/1067
f 1067/1067/1067 1100/1100/1100 1101/1101/1101
f 1067/1067/1067 1101/1101/1101 1068/1068/1068
f 1068/1068/1068 1101/1101/1101 1102/1102/1102
f 1068/1068/1068 1102/1102/1102 1069/1069/1069
f 1069/1069/1069 1102/1102/1102 1103/1103/1103
f 1069/1069/1069 1103/1103/1103 1070/1070/1070
f 1070/1070/1070 1103/1103/1103 1104/1104/1104
f 1070/1070/1070 1104/1104/1104 1071/1071/1071
f 1071/1071/1071 1104/1104/1104 1105/1105/1105
f 1071/1071/1071 1105/1105/1105 1072/1072/1072
f 1072/1072/1072 1105/1105/1105 1106/1106/1106
f 1072/1072/1072 1106/1106/1106 1073/1073/1073
f 1073/1073/1073 1106/1106/1106 1107/1107/1107
f 1073/1073/1073 1107/1107/1107 1074/1074/1074
f 1074/1074/1074 1107/1107/1107 1108/1108/1108
f 1074/1074/1074 1108/1108/1108 1075/1075/1075
f 1075/1075/1075 1108/1108/1108 1109/1109/1109
f 1075/1075/1075 1109/1109/1109 1076/1076/1076
f 1076/1076/1076 1109/1109/1109 1110/1110/1110
f 1076/1076/1076 1110/1110/1110 1077/1077/1077
f 1077/1077/1077 1110/1110/1110 1111/1111/1111
f 1077/1077/1077 1111/1111/1111 1078/1078/1078
f 1078/1078/1078 1111/1111/1111 1112/1112/1112
f 1078/1078/1078 1112/1112/1112 1079/1079/1079
f 1079/1079/1079 1112/1112/1112 1113/1113/1113
f 1079/1079/1079 1113/1113/1113 1080/1080/1080
f 1080/1080/1080 1113/1113/1113 1114/1114/1114
f 1080/1080/1080 1114/1114/1114 1081/1081/1081
f 1081/1081/1081 1114/1114/1114 1115/1115/1115
f 1081/1081/1081 1115/1115/1115 1082/1082/1082
f 1082/1082/1082 1115/1115/1115 1116/1116/1116
f 1082/1082/1082 1116/1116/1116 1083/1083/1083
f 1083/1083/1083 1116/1116/1116 1117/1117/1117
f 1083/1083/1083 1117/1117/1117 1084/1084/1084
f 1084/1084/1084 1117/1117/1117 1118/1118/1118
f 1084/1084/1084 1118/1118/1118 1085/1085/1085
f 1085/1085/1085 1118/1118/1118 1119/1119/1119
f 1085/1085/1085 1119/1119/1119 1086/1086/1086
f 1086/1086/1086 1119/1119/1119 1120/1120/1120
f 1086/1086/1086 1120/1120/1120 1087/1087/1087
f 1087/1087/1087 1120/1120/1120 1121/1121/1121
f 1087/1087/1087 1121/1121/1121 1088/1088/1088
f 1088/1088/1088 1121/1121/1121 1122/1122/1122
f 1088/1088/1088 1122/1122/1122 1089/1089/1089
f 1090/1090/1090 1123/1123/1123 1124/1124/1124
f 1090/1090/1090 1124/1124/1124 1091/1091/1091
f 1091/1091/1091 1124/1124/1124 1125/1125/1125
f 1091/1091/1091 1125/1125/1125 1092/1092/1092
f 1092/1092/1092 1125/1125/1125 1126/1126/1126
f 1092/1092/1092 1126/1126/1126 1093/1093/1093
f 1093/1093/1093 1126/1126/1126 1127/1127/1127
f 1093/1093/1093 1127/1127/1127 1094/1094/1094
f 1094/1094/1094 1127/1127/1127 1128/1128/1128
f 1094/1094/1094 1128/1128/1128 1095/1095/1095
f 1095/1095/1095 1128/1128/1128 1129/1129/1129
f 1095/1095/1095 1129/1129/1129 1096/1096/1096
f 1096/1096/1096 1129/1129/1129 1130/1130/1130
f 1096/1096/1096 1130/1130/1130 1097/1097/1097
f 1097/1097/1097 1130/1130/1130 1131/1131/1131
f 1097/1097/1097 1131/1131/1131 1098/1098/1098
f 1098/1098/1098 1131/1131/1131 1132/1132/1132
f 1098/1098/1098 1132/1132/1132 1099/1099/1099
f 1099/1099/1099 1132/1132/1132 1133/1133/1133
f 1099/1099/1099 1133/1133/1133 1100/1100/1100
f 1100/1100/1100 1133/1133/1133 1134/1134/1134
f 1100/1100/1100 1134/1134/1134 1101/1101/1101
f 1101/1101/1101 1134/1134/1134 1135/1135/1135
f 1101/1101/1101 1135/1135/1135 1102/1102/1102
f 1102/1102/1102 1135/1135/1135 1136/1136/1136
f 1102/1102/1102 1136/1136/1136 1103/1103/1103
f 1103/1103/1103 1136/1136/1136 1137/1137/1137
f 1103/1103/1103 1137/1137/1137 1104/1104/1104
f 1104/1104/1104 1137/1137/1137 1138/1138/1138
f 1104/1104/1104 1138/1138/1138 1105/1105/1105
f 1105/1105/1105 1138/1138/1138 1139/1139/1139
f 1105/1105/1105 1139/1139/1139 1106/1106/1106
f 1106/1106/1106 1139/1139/1139 1140/1140/1140
f 1106/1106/1106 1140/1140/1140 1107/1107/1107
f 1107/1107/1107 1140/1140/1140 1141/1141/1141
f 1107/1107/1107 1141/1141/1141 1108/1108/1108
f 1108/1108/1108 1141/1141/1141 1142/1142/1142
f 1108/1108/1108 1142/1142/1142 1109/1109/1109
f 1109/1109/1109 1142/1142/1142 1143/1143/1143
f 1109/1109/1109 1143/1143/1143 1110/1110/1110
f 1110/1110/1110 1143/1143/1143 1144/1144/1144
f 1110/1110/1110 1144/1144/1144 1111/1111/1111
f 1111/1111/1111 1144/1144/1144 1145/1145/1145
f 1111/1111/1111 1145/1145/1145 1112/1112/1112
f 1112/1112/1112 1145/1145/1145 1146/1146/1146
f 1112/1112/1112 1146/1146/1146 1113/1113/1113
f 1113/1113/1113 1146/1146/1146 1147/1147/1147
f 1113/1113/1113 1147/1147/1147 1114/1114/1114
f 1114/1114/1114 1147/1147/1147 1148/1148/1148
f 1114/1114/1114 1148/1148/1148 1115/1115/1115
f 1115/1115/1115 1148/1148/1148 1149/1149/1149
f 1115/1115/1115 1149/1149/1149 1116/1116/1116
f 1116/1116/1116 1149/1149/1149 1150/1150/1150
f 1116/1116/1116 1150/1150/1150 1117/1117/1117
f 1117/1117/1117 1150/1150/1150 1151/1151/1151
f 1117/1117/1117 1151/1151/1151 1118/1118/1118
f 1118/1118/1118 1151/1151/1151 1152/1152/1152
f 1118/1118/1118 1152/1152/1152 1119/1119/1119
f 1119/1119/1119 1152/1152/1152 1153/1153/1153
f 1119/1119/1119 1153/1153/1153 1120/1120/1120
f 1120/1120/1120 1153/1153/1153 1154/1154/1154
f 1120/1120/1120 1154/1154/1154 1121/1121/1121
f 1121/1121/1121 1154/1154/1154 1155/1155/1155
f 1121/1121/1121 1155/1155/1155 1122/1122/1122
f 1123/1123/1123 1156/1156/1156 1157/1157/1157
f 1123/1123/1123 1157/1157/1157 1124/1124/1124
f 1124/1124/1124 1157/1157/1157 1158/1158/1158
f 1124/1124/1124 1158/1158/1158 1125/1125/1125
f 1125/1125/1125 1158/1158/1158 1159/1159/1159
f 1125/1125/1125 1159/1159/1159 1126/1126/1126
f 1126/1126/1126 1159/1159/1159 1160/1160/1160
f 1126/1126/1126 1160/1160/1160 1127/1127/1127
f 1127/1127/1127 1160/1160/1160 1161/1161/1161
f 1127/1127/1127 1161/1161/1161 1128/1128/1128
f 1128/1128/1128 1161/1161/1161 1162/1162/1162
f 1128/1128/1128 1162/1162/1162 1129/1129/1129
f 1129/1129/1129 1162/1162/1162 1163/1163/1163
f 1129/1129/1129 1163/1163/1163 1130/1130/1130
f 1130/1130/1130 1163/1163/1163 1164/1164/1164
f 1130/1130/1130 1164/1164/1164 1131/1131/1131
f 1131/1131/1131 1164/1164/1164 1165/1165/1165
f 1131/1131/1131 1165/1165/1165 1132/1132/1132
f 1132/1132/1132 1165/1165/1165 1166/1166/1166
f 1132/1132/1132 1166/1166/1166 1133/1133/1133
f 1133/1133/1133 1166/1166/1166 1167/1167/1167
f 1133/1133/1133 1167/1167/1167 1134/1134/1134
f 1134/1134/1134 1167/1167/1167 1168/1168/1168
f 1134/1134/1134 1168/1168/1168 1135/1135/1135
f 1135/1135/1135 1168/1168/1168 1169/1169/1169
f 1135/1135/1135 1169/1169/1169 1136/1136/1136
f 1136/1136/1136 1169/1169/1169 1170/1170/1170
f 1136/1136/1136 1170/1170/1170 1137/1137/1137
f 1137/1137/1137 1170/1170/1170 1171/1171/1171
f 1137/1137/1137 1171/1171/1171 1138/1138/1138
f 1138/1138/1138 1171/1171/1171 1172/1172/1172
f 1138/1138/1138 1172/1172/1172 1139/1139/1139
f 1139/1139/1139 1172/1172/1172 1173/1173/1173
f 1139/1139/1139 1173/1173/1173 1140/1140/1140
f 1140/1140/1140 1173/1173/1173 1174/1174/1174
f 1140/1140/1140 1174/1174/1174 1141/1141/1141
f 1141/1141/1141 1174/1174/1174 1175/1175/1175
f 1141/1141/1141 1175/1175/1175 1142/1142/1142
f 1142/1142/1142 1175/1175/1175 1176/1176/1176
f 1142/1142/1142 1176/1176/1176 1143/1143/1143
f 1143/1143/1143 1176/1176/1176 1177/1177/1177
f 1143/1143/1143 1177/1177/1177 1144/1144/1144
f 1144/1144/1144 1177/1177/1177 1178/1178/1178
f 1144/1144/1144 1178/1178/1178 1145/1145/1145
f 1145/1145/1145 1178/1178/1178 1179/1179/1179
f 1145/1145/1145 1179/1179/1179 1146/1146/1146
f 1146/1146/1146 1179/1179/1179 1180/1180/1180
f 1146/1146/1146 1180/1180/1180 1147/1147/1147
f 1147/1147/1147 1180/1180/1180 1181/1181/1181
f 1147/1147/1147 1181/1181/1181 1148/1148/1148
f 1148/1148/1148 1181/1181/1181 1182/1182/1182
f 1148/1148/1148 1182/1182/1182 1149/1149/1149
f 1149/1149/1149 1182/1182/1182 1183/1183/1183
f 1149/1149/1149 1183/1183/1183 1150/1150/1150
f 1150/1150/1150 1183/1183/1183 1184/1184/1184
f 1150/1150/1150 1184/1184/1184 1151/1151/1151
f 1151/1151/1151 1184/1184/1184 1185/1185/1185
f 1151/1151/1151 1185/1185/1185 1152/1152/1152
f 1152/1152/1152 1185/1185/1185 1186/1186/1186
f 1152/1152/1152 1186/1186/1186 1153/1153/1153
f 1153/1153/1153 1186/1186/1186 1187/1187/1187
f 1153/1153/1153 1187/1187/1187 1154/1154/1154
f 1154/1154/1154 1187/1187/1187 1188/1188/1188
f 1154/1154/1154 1188/1188/1188 1155/1155/1155
f 1156/1156/1156 1189/1189/1189 1190/1190/1190
f 1156/1156/1156 1190/1190/1190 1157/1157/1157
f 1157/1157/1157 1190/1190/1190 1191/1191/1191
f 1157/1157/1157 1191/1191/1191 1158/1158/1158
f 1158/1158/1158 1191/1191/1191 1192/1192/1192
f 1158/1158/1158 1192/1192/1192 1159/1159/1159
f 1159/1159/1159 1192/1192/1192 1193/1193/1193
f 1159/1159/1159 1193/1193/1193 1160/1160/1160
f 1160/1160/1160 1193/1193/1193 1194/1194/1194
f 1160/1160/1160 1194/1194/1194 1161/1161/1161
f 1161/1161/1161 1194/1194/1194 1195/1195/1195
f 1161/1161/1161 1195/1195/1195 1162/1162/1162
f 1162/1162/1162 1195/1195/1195 1196/1196/1196
f 1162/1162/1162 1196/1196/1196 1163/1163/1163
f 1163/1163/1163 1196/1196/1196 1197/1197/1197
f 1163/1163/1163 1197/1197/1197 1164/1164/1164
f 1164/1164/1164 1197/1197/1197 1198/1198/1198
f 1164/1164/1164 1198/1198/1198 1165/1165/1165
f 1165/1165/1165 1198/1198/1198 1199/1199/1199
f 1165/1165/1165 1199/1199/1199 1166/1166/1166
f 1166/1166/1166 1199/1199/1199 1200/1200/1200
f 1166/1166/1166 1200/1200/1200 1167/1167/1167
f 1167/1167/1167 1200/1200/1200 1201/1201/1201
f 1167/1167/1167 1201/1201/1201 1168/1168/1168
f 1168/1168/1168 1201/1201/1201 1202/1202/1202
f 1168/1168/1168 1202/1202/1202 1169/1169/1169
f 1169/1169/1169 1202/1202/1202 1203/1203/1203
f 1169/1169/1169 1203/1203/1203 1170/1170/1170
f 1170/1170/1170 1203/1203/1203 1204/1204/1204
f 1170/1170/1170 1204/1204/1204 1171/1171/1171
f 1171/1171/1171 1204/1204/1204 1205/1205/1205
f 1171/1171/1171 1205/1205/1205 1172/1172/1172
f 1172/1172/1172 1205/1205/1205 1206/1206/1206
f 1172/1172/1172 1206/1206/1206 1173/1173/1173
f 1173/1173/1173 1206/1206/1206 1207/1207/1207
f 1173/1173/1173 1207/1207/1207 1174/1174/1174
f 1174/1174/1174 1207/1207/1207 1208/1208/1208
f 1174/1174/1174 1208/1208/1208 1175/1175/1175
f 1175/1175/1175 1208/1208/1208 1209/1209/1209
f 1175/1175/1175 1209/1209/1209 1176/1176/1176
f 1176/1176/1176 1209/1209/1209 1210/1210/1210
f 1176/1176/1176 1210/1210/1210 1177/1177/1177
f 1177/1177/1177 1210/1210/1210 1211/1211/1211
f 1177/1177/1177 1211/1211/1211 1178/1178/1178
f 1178/1178/1178 1211/1211/1211 1212/1212/1212
f 1178/1178/1178 1212/1212/1212 1179/1179/1179
f 1179/1179/1179 1212/1212/1212 1213/1213/1213
f 1179/1179/1179 1213/1213/1213 1180/1180/1180
f 1180/1180/1180 1213/1213/1213 1214/1214/1214
f 1180/1180/1180 1214/1214/1214 1181/1181/1181
f 1181/1181/1181 1214/1214/1214 1215/1215/1215
f 1181/1181/1181 1215/1215/1215 1182/1182/1182
f 1182/1182/1182 1215/1215/1215 1216/1216/1216
f 1182/1182/1182 1216/1216/1216 1183/1183/1183
f 1183/1183/1183 1216/1216/1216 1217/1217/1217
f 1183/1183/1183 1217/1217/1217 1184/1184/1184
f 1184/1184/1184 1217/1217/1217 1218/1218/1218
f 1184/1184/1184 1218/1218/1218 1185/1185/1185
f 1185/1185/1185 1218/1218/1218 1219/1219/1219
f 1185/1185/1185 1219/1219/1219 1186/1186/1186
f 1186/1186/1186 1219/1219/1219 1220/1220/1220
f 1186/1186/1186 1220/1220/1220 1187/1187/1187
f 1187/1187/1187 1220/1220/1220 1221/1221/1221
f 1187/1187/1187 1221/1221/1221 1188/1188/1188
f 1189/1189/1189 1222/1222/1222 1223/1223/1223
f 1189/1189/1189 1223/1223/1223 1190/1190/1190
f 1190/1190/1190 1223/1223/1223 1224/1224/1224
f 1190/1190/1190 1224/1224/1224 1191/1191/1191
f 1191/1191/1191 1224/1224/1224 1225/1225/1225
f 1191/1191/1191 1225/1225/1225 1192/1192/1192
f 1192/1192/1192 1225/1225/1225 1226/1226/1226
f 1192/1192/1192 1226/1226/1226 1193/1193/1193
f 1193/1193/1193 1226/1226/1226 1227/1227/1227
f 1193/1193/1193 1227/1227/1227 1194/1194/1194
f 1194/1194/1194 1227/1227/1227 1228/1228/1228
f 1194/1194/1194 1228/1228/1228 1195/1195/1195
f 1195/1195/1195 1228/1228/1228 1229/1229/1229
f 1195/1195/1195 1229/1229/1229 1196/1196/1196
f 1196/1196/1196 1229/1229/1229 1230/1230/1230
f 1196/1196/1196 1230/1230/1230 1197/1197/1197
f 1197/1197/1197 1230/1230/1230 1231/1231/1231
f 1197/1197/1197 1231/1231/1231 1198/1198/1198
f 1198/1198/1198 1231/1231/1231 1232/1232/1232
f 1198/1198/1198 1232/1232/1232 1199/1199/1199
f 1199/1199/1199 1232/1232/1232 1233/1233/1233
f 1199/1199/1199 1233/1233/1233 1200/1200/1200
f 1200/1200/1200 1233/1233/1233 1234/1234/1234
f 1200/1200/1200 1234/1234/1234 1201/1201/1201
f 1201/1201/1201 1234/1234/1234 1235/1235/1235
f 1201/1201/1201 1235/1235/1235 1202/1202/1202
f 1202/1202/1202 1235/1235/1235 1236/1236/1236
f 1202/1202/1202 1236/1236/1236 1203/1203/1203
f 1203/1203/1203 1236/1236/1236 1237/1237/1237
f 1203/1203/1203 1237/1237/1237 1204/1204/1204
f 1204/1204/1204 1237/1237/1237 1238/1238/1238
f 1204/1204/1204 1238/1238/1238 1205/1205/1205
f 1205/1205/1205 1238/1238/1238 1239/1239/1239
f 1205/1205/1205 1239/1239/1239 1206/1206/1206
f 1206/1206/1206 1239/1239/1239 1240/1240/1240
f 1206/1206/1206 1240/1240/1240 1207/1207/1207
f 1207/1207/1207 1240/1240/1240 1241/1241/1241
f 1207/1207/1207 1241/1241/1241 1208/1208/1208
f 1208/1208/1208 1241/1241/1241 1242/1242/1242
f 1208/1208/1208 1242/1242/1242 1209/1209/1209
f 1209/1209/1209 1242/1242/1242 1243/1243/1243
f 1209/1209/1209 1243/1243/1243 1210/1210/1210
f 1210/1210/1210 1243/1243/1243 1244/1244/1244
f 1210/1210/1210 1244/1244/1244 1211/1211/1211
f 1211/1211/1211 1244/1244/1244 1245/1245/1245
f 1211/1211/1211 1245/1245/1245 1212/1212/1212
f 1212/1212/1212 1245/1245/1245 1246/1246/1246
f 1212/1212/1212 1246/1246/1246 1213/1213/1213
f 1213/1213/1213 1246/1246/1246 1247/1247/1247
f 1213/1213/1213 1247/1247/1247 1214/1214/1214
f 1214/1214/1214 1247/1247/1247 1248/1248/1248
f 1214/1214/1214 1248/1248/1248 1215/1215/1215
f 1215/1215/1215 1248/1248/1248 1249/1249/1249
f 1215/1215/1215 1249/1249/1249 1216/1216/1216
f 1216/1216/1216 1249/1249/1249 1250/1250/1250
f 1216/1216/1216 1250/1250/1250 1217/1217/1217
f 1217/1217/1217 1250/1250/1250 1251/1251/1251
f 1217/1217/1217 1251/1251/1251 1218/1218/1218
f 1218/1218/1218 1251/1251/1251 1252/1252/1252
f 1218/1218/1218 1252/1252/1252 1219/1219/1219
f 1219/1219/1219 1252/1252/1252 1253/1253/1253
f 1219/1219/1219 1253/1253/1253 1220/1220/1220
f 1220/1220/1220 1253/1253/1253 1254/1254/1254
f 1220/1220/1220 1254/1254/1254 1221/1221/1221
f 1222/1222/1222 1255/1255/1255 1256/1256/1256
f 1222/1222/1222 1256/1256/1256 1223/1223/1223
f 1223/1223/1223 1256/1256/1256 1257/1257/1257
f 1223/1223/1223 1257/1257/1257 1224/1224/1224
f 1224/1224/1224 1257/1257/1257 1258/1258/1258
f 1224/1224/1224 1258/1258/1258 1225/1225/1225
f 1225/1225/1225 1258/1258/1258 1259/1259/1259
f 1225/1225/1225 1259/1259/1259 1226/1226/1226
f 1226/1226/1226 1259/1259/1259 1260/1260/1260
f 1226/1226/1226 1260/1260/1260 1227/1227/1227
f 1227/1227/1227 1260/1260/1260 1261/1261/1261
f 1227/1227/1227 1261/1261/1261 1228/1228/1228
f 1228/1228/1228 1261/1261/1261 1262/1262/1262
f 1228/1228/1228 1262/1262/1262 1229/1229/1229
f 1229/1229/1229 1262/1262/1262 1263/1263/1263
f 1229/1229/1229 1263/1263/1263 1230/1230/1230
f 1230/1230/1230 1263/1263/1263 1264/1264/1264
f 1230/1230/1230 1264/1264/1264 1231/1231/1231
f 1231/1231/1231 1264/1264/1264 1265/1265/1265
f 1231/1231/1231 1265/1265/1265 1232/1232/1232
f 1232/1232/1232 1265/1265/1265 1266/1266/1266
f 1232/1232/1232 1266/1266/1266 1233/1233/1233
f 1233/1233/1233 1266/1266/1266 1267/1267/1267
f 1233/1233/1233 1267/1267/1267 1234/1234/1234
f 1234/1234/1234 1267/1267/1267 1268/1268/1268
f 1234/1234/1234 1268/1268/1268 1235/1235/1235
f 1235/1235/1235 1268/1268/1268 1269/1269/1269
f 1235/1235/1235 1269/1269/1269 1236/1236/1236
f 1236/1236/1236 1269/1269/1269 1270/1270/1270
f 1236/1236/1236 1270/1270/1270 1237/1237/1237
f 1237/1237/1237 1270/1270/1270 1271/1271/1271
f 1237/1237/1237 1271/1271/1271 1238/1238/1238
f 1238/1238/1238 1271/1271/1271 1272/1272/1272
f 1238/1238/1238 1272/1272/1272 1239/1239/1239
f 1239/1239/1239 1272/1272/1272 1273/1273/1273
f 1239/1239/1239 1273/1273/1273 1240/1240/1240
f 1240/1240/1240 1273/1273/1273 1274/1274/1274
f 1240/1240/1240 1274/1274/1274 1241/1241/1241
f 1241/1241/1241 1274/1274/1274 1275/1275/1275
f 1241/1241/1241 1275/1275/1275 1242/1242/1242
f 1242/1242/1242 1275/1275/1275 1276/1276/1276
f 1242/1242/1242 1276/1276/1276 1243/1243/1243
f 1243/1243/1243 1276/1276/1276 1277/1277/1277
f 1243/1243/1243 1277/1277/1277 1244/1244/1244
f 1244/1244/1244 1277/1277/1277 1278/1278/1278
f 1244/1244/1244 1278/1278/1278 1245/1245/1245
f 1245/1245/1245 1278/1278/1278 1279/1279/1279
f 1245/1245/1245 1279/1279/1279 1246/1246/1246
f 1246/1246/1246 1279/1279/1279 1280/1280/1280
f 1246/1246/1246 1280/1280/1280 1247/1247/1247
f 1247/1247/1247 1280/1280/1280 1281/1281/1281
f 1247/1247/1247 1281/1281/1281 1248/1248/1248
f 1248/1248/1248 1281/1281/1281 1282/1282/1282
f 1248/1248/1248 1282/1282/1282 1249/1249/1249
f 1249/1249/1249 1282/1282/1282 1283/1283/1283
f 1249/1249/1249 1283/1283/1283 1250/1250/1250
f 1250/1250/1250 1283/1283/1283 1284/1284/1284
f 1250/1250/1250 1284/1284/1284 1251/1251/1251
f 1251/1251/1251 1284/1284/1284 1285/1285/1285
f 1251/1251/1251 1285/1285/1285 1252/1252/1252
f 1252/1252/1252 1285/1285/1285 1286/1286/1286
f 1252/1252/1252 1286/1286/1286 1253/1253/1253
f 1253/1253/1253 1286/1286/1286 1287/1287/1287
f 1253/1253/1253 1287/1287/1287 1254/1254/1254
f 1255/1255/1255 1288/1288/1288 1289/1289/1289
f 1255/1255/1255 1289/1289/1289 1256/1256/1256
f 1256/1256/1256 1289/1289/1289 1290/1290/1290
f 1256/1256/1256 1290/1290/1290 1257/1257/1257
f 1257/1257/1257 1290/1290/1290 1291/1291/1291
f 1257/1257/1257 1291/1291/1291 1258/1258/1258
f 1258/1258/1258 1291/1291/1291 1292/1292/1292
f 1258/1258/1258 1292/1292/1292 1259/1259/1259
f 1259/1259/1259 1292/1292/1292 1293/1293/1293
f 1259/1259/1259 1293/1293/1293 1260/1260/1260
f 1260/1260/1260 1293/1293/1293 1294/1294/1294
f 1260/1260/1260 1294/1294/1294 1261/1261/1261
f 1261/1261/1261 1294/1294/1294 1295/1295/1295
f 1261/1261/1261 1295/1295/1295 1262/1262/1262
f 1262/1262/1262 1295/1295/1295 1296/1296/1296
f 1262/1262/1262 1296/1296/1296 1263/1263/1263
f 1263/1263/1263 1296/1296/1296 1297/1297/1297
f 1263/1263/1263 1297/1297/1297 1264/1264/1264
f 1264/1264/1264 1297/1297/1297 1298/1298/1298
f 1264/1264/1264 1298/1298/1298 1265/1265/1265
f 1265/1265/1265 1298/1298/1298 1299/1299/1299
f 1265/1265/1265 1299/1299/1299 1266/1266/1266
f 1266/1266/1266 1299/1299/1299 1300/1300/1300
f 1266/1266/1266 1300/1300/1300 1267/1267/1267
f 1267/1267/1267 1300/1300/1300 1301/1301/1301
f 1267/1267/1267 1301/1301/1301 1268/1268/1268
f 1268/1268/1268 1301/1301/1301 1302/1302/1302
f 1268/1268/1268 1302/1302/1302 1269/1269/1269
f 1269/1269/1269 1302/1302/1302 1303/1303/1303
f 1269/1269/1269 1303/1303/1303 1270/1270/1270
f 1270/1270/1270 1303/1303/1303 1304/1304/1304
f 1270/1270/1270 1304/1304/1304 1271/1271/1271
f 1271/1271/1271 1304/1304/1304 1305/1305/1305
f 1271/1271/1271 1305/1305/1305 1272/1272/1272
f 1272/1272/1272 1305/1305/1305 1306/1306/1306
f 1272/1272/1272 1306/1306/1306 1273/1273/1273
f 1273/1273/1273 1306/1306/1306 1307/1307/1307
f 1273/1273/1273 1307/1307/1307 1274/1274/1274
f 1274/1274/1274 1307/1307/1307 1308/1308/1308
f 1274/1274/1274 1308/1308/1308 1275/1275/1275
f 1275/1275/1275 1308/1308/1308 1309/1309/1309
f 1275/1275/1275 1309/1309/1309 1276/1276/1276
f 1276/1276/1276 1309/1309/1309 1310/1310/1310
f 1276/1276/1276 1310/1310/1310 1277/1277/1277
f 1277/1277/1277 1310/1310/1310 1311/1311/1311
f 1277/1277/1277 1311/1311/1311 1278/1278/1278
f 1278/1278/1278 1311/1311/1311 1312/1312/1312
f 1278/1278/1278 1312/1312/1312 1279/1279/1279
f 1279/1279/1279 1312/1312/1312 1313/1313/1313
f 1279/1279/1279 1313/1313/1313 1280/1280/1280
f 1280/1280/1280 1313/1313/1313 1314/1314/1314
f 1280/1280/1280 1314/1314/1314 1281/1281/1281
f 1281/1281/1281 1314/1314/1314 1315/1315/1315
f 1281/1281/1281 1315/1315/1315 1282/1282/1282
f 1282/1282/1282 1315/1315/1315 1316/1316/1316
f 1282/1282/1282 1316/1316/1316 1283/1283/1283
f 1283/1283/1283 1316/1316/1316 1317/1317/1317
f 1283/1283/1283 1317/1317/1317 1284/1284/1284
f 1284/1284/1284 1317/1317/1317 1318/1318/1318
f 1284/1284/1284 1318/1318/1318 1285/1285/1285
f 1285/1285/1285 1318/1318/1318 1319/1319/1319
f 1285/1285/1285 1319/1319/1319 1286/1286/1286
f 1286/1286/1286 1319/1319/1319 1320/1320/1320
f 1286/1286/1286 1320/1320/1320 1287/1287/1287
f 1288/1288/1288 1321/1321/1321 1322/1322/1322
f 1288/1288/1288 1322/1322/1322 1289/1289/1289
f 1289/1289/1289 1322/1322/1322 1323/1323/1323
f 1289/1289/1289 1323/1323/1323 1290/1290/1290
f 1290/1290/1290 1323/1323/1323 1324/1324/1324
f 1290/1290/1290 1324/1324/1324 1291/1291/1291
f 1291/1291/1291 1324/1324/1324 1325/1325/1325
f 1291/1291/1291 1325/1325/1325 1292/1292/1292
f 1292/1292/1292 1325/1325/1325 1326/1326/1326
f 1292/1292/1292 1326/1326/1326 1293/1293/1293
f 1293/1293/1293 1326/1326/1326 1327/1327/1327
f 1293/1293/1293 1327/1327/1327 1294/1294/1294
f 1294/1294/1294 1327/1327/1327 1328/1328/1328
f 1294/1294/1294 1328/1328/1328 1295/1295/1295
f 1295/1295/1295 1328/1328/1328 1329/1329/1329
f 1295/1295/1295 1329/1329/1329 1296/1296/1296
f 1296/1296/1296 1329/1329/1329 1330/1330/1330
f 1296/1296/1296 1330/1330/1330 1297/1297/1297
f 1297/1297/1297 1330/1330/1330 1331/1331/1331
f 1297/1297/1297 1331/1331/1331 1298/1298/1298
f 1298/1298/1298 1331/1331/1331 1332/1332/1332
f 1298/1298/1298 1332/1332/1332 1299/1299/1299
f 1299/1299/1299 1332/1332/1332 1333/1333/1333
f 1299/1299/1299 1333/1333/1333 1300/1300/1300
f 1300/1300/1300 1333/1333/1333 1334/1334/1334
f 1300/1300/1300 1334/1334/1334 1301/1301/1301
f 1301/1301/1301 1334/1334/1334 1335/1335/1335
f 1301/1301/1301 1335/1335/1335 1302/1302/1302
f 1302/1302/1302 1335/1335/1335 1336/1336/1336
f 1302/1302/1302 1336/1336/1336 1303/1303/1303
f 1303/1303/1303 1336/1336/1336 1337/1337/1337
f 1303/1303/1303 1337/1337/1337 1304/1304/1304
f 1304/1304/1304 1337/1337/1337 1338/1338/1338
f 1304/1304/1304 1338/1338/1338 1305/1305/1305
f 1305/1305/1305 1338/1338/1338 1339/1339/1339
f 1305/1305/1305 1339/1339/1339 1306/1306/1306
f 1306/1306/1306 1339/1339/1339 1340/1340/1340
f 1306/1306/1306 1340/1340/1340 1307/1307/1307
f 1307/1307/1307 1340/1340/1340 1341/1341/1341
f 1307/1307/1307 1341/1341/1341 1308/1308/1308
f 1308/1308/1308 1341/1341/1341 1342/1342/1342
f 1308/1308/1308 1342/1342/1342 1309/1309/1309
f 1309/1309/1309 1342/1342/1342 1343/1343/1343
f 1309/1309/1309 1343/1343/1343 1310/1310/1310
f 1310/1310/1310 1343/1343/1343 1344/1344/1344
f 1310/1310/1310 1344/1344/1344 1311/1311/1311
f 1311/1311/1311 1344/1344/1344 1345/1345/1345
f 1311/1311/1311 1345/1345/1345 1312/1312/1312
f 1312/1312/1312 1345/1345/1345 1346/1346/1346
f 1312/1312/1312 1346/1346/1346 1313/1313/1313
f 1313/1313/1313 1346/1346/1346 1347/1347/1347
f 1313/1313/1313 1347/1347/1347 1314/1314/1314
f 1314/1314/1314 1347/1347/1347 1348/1348/1348
f 1314/1314/1314 1348/1348/1348 1315/1315/1315
f 1315/1315/1315 1348/1348/1348 1349/1349/1349
f 1315/1315/1315 1349/1349/1349 1316/1316/1316
f 1316/1316/1316 1349/1349/1349 1350/1350/1350
f 1316/1316/1316 1350/1350/1350 1317/1317/1317
f 1317/1317/1317 1350/1350/1350 1351/1351/1351
f 1317/1317/1317 1351/1351/1351 1318/1318/1318
f 1318/1318/1318 1351/1351/1351 1352/1352/1352
f 1318/1318/1318 1352/1352/1352 1319/1319/1319
f 1319/1319/1319 1352/1352/1352 1353/1353/1353
f 1319/1319/1319 1353/1353/1353 1320/1320/1320
f 1321/1321/1321 1354/1354/1354 1355/1355/1355
f 1321/1321/1321 1355/1355/1355 1322/1322/1322
f 1322/1322/1322 1355/1355/1355 1356/1356/1356
f 1322/1322/1322 1356/1356/1356 1323/1323/1323
f 1323/1323/1323 1356/1356/1356 1357/1357/1357
f 1323/1323/1323 1357/1357/1357 1324/1324/1324
f 1324/1324/1324 1357/1357/1357 1358/1358/1358
f 1324/1324/1324 1358/1358/1358 1325/1325/1325
f 1325/1325/1325 1358/1358/1358 1359/1359/1359
f 1325/1325/1325 1359/1359/1359 1326/1326/1326
f 1326/1326/1326 1359/1359/1359 1360/1360/1360
f 1326/1326/1326 1360/1360/1360 1327/1327/1327
f 1327/1327/1327 1360/1360/1360 1361/1361/1361
f 1327/1327/1327 1361/1361/1361 1328/1328/1328
f 1328/1328/1328 1361/1361/1361 1362/1362/1362
f 1328/1328/1328 1362/1362/1362 1329/1329/1329
f 1329/1329/1329 1362/1362/1362 1363/1363/1363
f 1329/1329/1329 1363/1363/1363 1330/1330/1330
f 1330/1330/1330 1363/1363/1363 1364/1364/1364
f 1330/1330/1330 1364/1364/1364 1331/1331/1331
f 1331/1331/1331 1364/1364/1364 1365/1365/1365
f 1331/1331/1331 1365/1365/1365 1332/1332/1332
f 1332/1332/1332 1365/1365/1365 1366/1366/1366
f 1332/1332/1332 1366/1366/1366 1333/1333/1333
f 1333/1333/1333 1366/1366/1366 1367/1367/1367
f 1333/1333/1333 1367/1367/1367 1334/1334/1334
f 1334/1334/1334 1367/1367/1367 1368/1368/1368
f 1334/1334/1334 1368/1368/1368 1335/1335/1335
f 1335/1335/1335 1368/1368/1368 1369/1369/1369
f 1335/1335/1335 1369/1369/1369 1336/1336/1336
f 1336/1336/1336 1369/1369/1369 1370/1370/1370
f 1336/1336/1336 1370/1370/1370 1337/1337/1337
f 1337/1337/1337 1370/1370/1370 1371/1371/1371
f 1337/1337/1337 1371/1371/1371 1338/1338/1338
f 1338/1338/1338 1371/1371/1371 1372/1372/1372
f 1338/1338/1338 1372/1372/1372 1339/1339/1339
f 1339/1339/1339 1372/1372/1372 1373/1373/1373
f 1339/1339/1339 1373/1373/1373 1340/1340/1340
f 1340/1340/1340 1373/1373/1373 1374/1374/1374
f 1340/1340/1340 1374/1374/1374 1341/1341/1341
f 1341/1341/1341 1374/1374/1374 1375/1375/1375
f 1341/1341/1341 1375/1375/1375 1342/1342/1342
f 1342/1342/1342 1375/1375/1375 1376/1376/1376
f 1342/1342/1342 1376/1376/1376 1343/1343/1343
f 1343/1343/1343 1376/1376/1376 1377/1377/1377
f 1343/1343/1343 1377/1377/1377 1344/1344/1344
f 1344/1344/1344 1377/1377/1377 1378/1378/1378
f 1344/1344/1344 1378/1378/1378 1345/1345/1345
f 1345/1345/1345 1378/1378/1378 1379/1379/1379
f 1345/1345/1345 1379/1379/1379 1346/1346/1346
f 1346/1346/1346 1379/1379/1379 1380/1380/1380
f 1346/1346/1346 1380/1380/1380 1347/1347/1347
f 1347/1347/1347 1380/1380/1380 1381/1381/1381
f 1347/1347/1347 1381/1381/1381 1348/1348/1348
f 1348/1348/1348 1381/1381/1381 1382/1382/1382
f 1348/1348/1348 1382/1382/1382 1349/1349/1349
f 1349/1349/1349 1382/1382/1382 1383/1383/1383
f 1349/1349/1349 1383/1383/1383 1350/1350/1350
f 1350/1350/1350 1383/1383/1383 1384/1384/1384
f 1350/1350/1350 1384/1384/1384 1351/1351/1351
f 1351/1351/1351 1384/1384/1384 1385/1385/1385
f 1351/1351/1351 1385/1385/1385 1352/1352/1352
f 1352/1352/1352 1385/1385/1385 1386/1386/1386
f 1352/1352/1352 1386/1386/1386 1353/1353/1353
f 1354/1354/1354 1387/1387/1387 1388/1388/1388
f 1354/1354/1354 1388/1388/1388 1355/1355/1355
f 1355/1355/1355 1388/1388/1388 1389/1389/1389
f 1355/1355/1355 1389/1389/1389 1356/1356/1356
f 1356/1356/1356 1389/1389/1389 1390/1390/1390
f 1356/1356/1356 1390/1390/1390 1357/1357/1357
f 1357/1357/1357 1390/1390/1390 1391/1391/1391
f 1357/1357/1357 1391/1391/1391 1358/1358/1358
f 1358/1358/1358 1391/1391/1391 1392/1392/1392
f 1358/1358/1358 1392/1392/1392 1359/1359/1359
f 1359/1359/1359 1392/1392/1392 1393/1393/1393
f 1359/1359/1359 1393/1393/1393 1360/1360/1360
f 1360/1360/1360 1393/1393/1393 1394/1394/1394
f 1360/1360/1360 1394/1394/1394 1361/1361/1361
f 1361/1361/1361 1394/1394/1394 1395/1395/1395
f 1361/1361/1361 1395/1395/1395 1362/1362/1362
f 1362/1362/1362 1395/1395/1395 1396/1396/1396
f 1362/1362/1362 1396/1396/1396 1363/1363/1363
f 1363/1363/1363 1396/1396/1396 1397/1397/1397
f 1363/1363/1363 1397/1397/1397 1364/1364/1364
f 1364/1364/1364 1397/1397/1397 1398/1398/1398
f 1364/1364/1364 1398/1398/1398 1365/1365/1365
f 1365/1365/1365 1398/1398/1398 1399/1399/1399
f 1365/1365/1365 1399/1399/1399 1366/1366/1366
f 1366/1366/1366 1399/1399/1399 1400/1400/1400
f 1366/1366/1366 1400/1400/1400 1367/1367/1367
f 1367/1367/1367 1400/1400/1400 1401/1401/1401
f 1367/1367/1367 1401/1401/1401 1368/1368/1368
f 1368/1368/1368 1401/1401/1401 1402/1402/1402
f 1368/1368/1368 1402/1402/1402 1369/1369/1369
f 1369/1369/1369 1402/1402/1402 1403/1403/1403
f 1369/1369/1369 1403/1403/1403 1370/1370/1370
f 1370/1370/1370 1403/1403/1403 1404/1404/1404
f 1370/1370/1370 1404/1404/1404 1371/1371/1371
f 1371/1371/1371 1404/1404/1404 1405/1405/1405
f 1371/1371/1371 1405/1405/1405 1372/1372/1372
f 1372/1372/1372 1405/1405/1405 1406/1406/1406
f 1372/1372/1372 1406/1406/1406 1373/1373/1373
f 1373/1373/1373 1406/1406/1406 1407/1407/1407
f 1373/1373/1373 1407/1407/1407 1374/1374/1374
f 1374/1374/1374 1407/1407/1407 1408/1408/1408
f 1374/1374/1374 1408/1408/1408 1375/1375/1375
f 1375/1375/1375 1408/1408/1408 1409/1409/1409
f 1375/1375/1375 1409/1409/1409 1376/1376/1376
f 1376/1376/1376 1409/1409/1409 1410/1410/1410
f 1376/1376/1376 1410/1410/1410 1377/1377/1377
f 1377/1377/1377 1410/1410/1410 1411/1411/1411
f 1377/1377/1377 1411/1411/1411 1378/1378/1378
f 1378/1378/1378 1411/1411/1411 1412/1412/1412
f 1378/1378/1378 1412/1412/1412 1379/1379/1379
f 1379/1379/1379 1412/1412/1412 1413/1413/1413
f 1379/1379/1379 1413/1413/1413 1380/1380/1380
f 1380/1380/1380 1413/1413/1413 1414/1414/1414
f 1380/1380/1380 1414/1414/1414 1381/1381/1381
f 1381/1381/1381 1414/1414/1414 1415/1415/1415
f 1381/1381/1381 1415/1415/1415 1382/1382/1382
f 1382/1382/1382 1415/1415/1415 1416/1416/1416
f 1382/1382/1382 1416/1416/1416 1383/1383/1383
f 1383/1383/1383 1416/1416/1416 1417/1417/1417
f 1383/1383/1383 1417/1417/1417 1384/1384/1384
f 1384/1384/1384 1417/1417/1417 1418/1418/1418
f 1384/1384/1384 1418/1418/1418 1385/1385/1385
f 1385/1385/1385 1418/1418/1418 1419/1419/1419
f 1385/1385/1385 1419/1419/1419 1386/1386/1386
f 1387/1387/1387 1420/1420/1420 1421/1421/1421
f 1387/1387/1387 1421/1421/1421 1388/1388/1388
f 1388/1388/1388 1421/1421/1421 1422/1422/1422
f 1388/1388/1388 1422/1422/1422 1389/1389/1389
f 1389/1389/1389 1422/1422/1422 1423/1423/1423
f 1389/1389/1389 1423/1423/1423 1390/1390/1390
f 1390/1390/1390 1423/1423/1423 1424/1424/1424
f 1390/1390/1390 1424/1424/1424 1391/1391/1391
f 1391/1391/1391 1424/1424/1424 1425/1425/1425
f 1391/1391/1391 1425/1425/1425 1392/1392/1392
f 1392/1392/1392 1425/1425/1425 1426/1426/1426
f 1392/1392/1392 1426/1426/1426 1393/1393/1393
f 1393/1393/1393 1426/1426/1426 1427/1427/1427
f 1393/1393/1393 1427/1427/1427 1394/1394/1394
f 1394/1394/1394 1427/1427/1427 1428/1428/1428
f 1394/1394/1394 1428/1428/1428 1395/1395/1395
f 1395/1395/1395 1428/1428/1428 1429/1429/1429
f 1395/1395/1395 1429/1429/1429 1396/1396/1396
f 1396/1396/1396 1429/1429/1429 1430/1430/1430
f 1396/1396/1396 1430/1430/1430 1397/1397/1397
f 1397/1397/1397 1430/1430/1430 1431/1431/1431
f 1397/1397/1397 1431/1431/1431 1398/1398/1398
f 1398/1398/1398 1431/1431/1431 1432/1432/1432
f 1398/1398/1398 1432/1432/1432 1399/1399/1399
f 1399/1399/1399 1432/1432/1432 1433/1433/1433
f 1399/1399/1399 1433/1433/1433 1400/1400/1400
f 1400/1400/1400 1433/1433/1433 1434/1434/1434
f 1400/1400/1400 1434/1434/1434 1401/1401/1401
f 1401/1401/1401 1434/1434/1434 1435/1435/1435
f 1401/1401/1401 1435/1435/1435 1402/1402/1402
f 1402/1402/1402 1435/1435/1435 1436/1436/1436
f 1402/1402/1402 1436/1436/1436 1403/1403/1403
f 1403/1403/1403 1436/1436/1436 1437/1437/1437
f 1403/1403/1403 1437/1437/1437 1404/1404/1404
f 1404/1404/1404 1437/1437/1437 1438/1438/1438
f 1404/1404/1404 1438/1438/1438 1405/1405/1405
f 1405/1405/1405 1438/1438/1438 1439/1439/1439
f 1405/1405/1405 1439/1439/1439 1406/1406/1406
f 1406/1406/1406 1439/1439/1439 1440/1440/1440
f 1406/1406/1406 1440/1440/1440 1407/1407/1407
f 1407/1407/1407 1440/1440/1440 1441/1441/1441
f 1407/1407/1407 1441/1441/1441 1408/1408/1408
f 1408/1408/1408 1441/1441/1441 1442/1442/1442
f 1408/1408/1408 1442/1442/1442 1409/1409/1409
f 1409/1409/1409 1442/1442/1442 1443/1443/1443
f 1409/1409/1409 1443/1443/1443 1410/1410/1410
f 1410/1410/1410 1443/1443/1443 1444/1444/1444
f 1410/1410/1410 1444/1444/1444 1411/1411/1411
f 1411/1411/1411 1444/1444/1444 1445/1445/1445
f 1411/1411/1411 1445/1445/1445 1412/1412/1412
f 1412/1412/1412 1445/1445/1445 1446/1446/1446
f 1412/1412/1412 1446/1446/1446 1413/1413/1413
f 1413/1413/1413 1446/1446/1446 1447/1447/1447
f 1413/1413/1413 1447/1447/1447 1414/1414/1414
f 1414/1414/1414 1447/1447/1447 1448/1448/1448
f 1414/1414/1414 1448/1448/1448 1415/1415/1415
f 1415/1415/1415 1448/1448/1448 1449/1449/1449
f 1415/1415/1415 1449/1449/1449 1416/1416/1416
f 1416/1416/1416 1449/1449/1449 1450/1450/1450
f 1416/1416/1416 1450/1450/1450 1417/1417/1417
f 1417/1417/1417 1450/1450/1450 1451/1451/1451
f 1417/1417/1417 1451/1451/1451 1418/1418/1418
f 1418/1418/1418 1451/1451/1451 1452/1452/1452
f 1418/1418/1418 1452/1452/1452 1419/1419/1419
f 1420/1420/1420 1453/1453/1453 1454/1454/1454
f 1420/1420/1420 1454/1454/1454 1421/1421/1421
f 1421/1421/1421 1454/1454/1454 1455/1455/1455
f 1421/1421/1421 1455/1455/1455 1422/1422/1422
f 1422/1422/1422 1455/1455/1455 1456/1456/1456
f 1422/1422/1422 1456/1456/1456 1423/1423/1423
f 1423/1423/1423 1456/1456/1456 1457/1457/1457
f 1423/1423/1423 1457/1457/1457 1424/1424/1424
f 1424/1424/1424 1457/1457/1457 1458/1458/1458
f 1424/1424/1424 1458/1458/1458 1425/1425/1425
f 1425/1425/1425 1458/1458/1458 1459/1459/1459
f 1425/1425/1425 1459/1459/1459 1426/1426/1426
f 1426/1426/1426 1459/1459/1459 1460/1460/1460
f 1426/1426/1426 1460/1460/1460 1427/1427/1427
f 1427/1427/1427 1460/1460/1460 1461/1461/1461
f 1427/1427/1427 1461/1461/1461 1428/1428/1428
f 1428/1428/1428 1461/1461/1461 1462/1462/1462
f 1428/1428/1428 1462/1462/1462 1429/1429/1429
f 1429/1429/1429 1462/1462/1462 1463/1463/1463
f 1429/1429/1429 1463/1463/1463 1430/1430/1430
f 1430/1430/1430 1463/1463/1463 1464/1464/1464
f 1430/1430/1430 1464/1464/1464 1431/1431/1431
f 1431/1431/1431 1464/1464/1464 1465/1465/1465
f 1431/1431/1431 1465/1465/1465 1432/1432/1432
f 1432/1432/1432 1465/1465/1465 1466/1466/1466
f 1432/1432/1432 1466/1466/1466 1433/1433/1433
f 1433/1433/1433 1466/1466/1466 1467/1467/1467
f 1433/1433/1433 1467/1467/1467 1434/1434/1434
f 1434/1434/1434 1467/1467/1467 1468/1468/1468
f 1434/1434/1434 1468/1468/1468 1435/1435/1435
f 1435/1435/1435 1468/1468/1468 1469/1469/1469
f 1435/1435/1435 1469/1469/1469 1436/1436/1436
f 1436/1436/1436 1469/1469/1469 1470/1470/1470
f 1436/1436/1436 1470/1470/1470 1437/1437/1437
f 1437/1437/1437 1470/1470/1470 1471/1471/1471
f 1437/1437/1437 1471/1471/1471 1438/1438/1438
f 1438/1438/1438 1471/1471/1471 1472/1472/1472
f 1438/1438/1438 1472/1472/1472 1439/1439/1439
f 1439/1439/1439 1472/1472/1472 1473/1473/1473
f 1439/1439/1439 1473/1473/1473 1440/1440/1440
f 1440/1440/1440 1473/1473/1473 1474/1474/1474
f 1440/1440/1440 1474/1474/1474 1441/1441/1441
f 1441/1441/1441 1474/1474/1474 1475/1475/1475
f 1441/1441/1441 1475/1475/1475 1442/1442/1442
f 1442/1442/1442 1475/1475/1475 1476/1476/1476
f 1442/1442/1442 1476/1476/1476 1443/1443/1443
f 1443/1443/1443 1476/1476/1476 1477/1477/1477
f 1443/1443/1443 1477/1477/1477 1444/1444/1444
f 1444/1444/1444 1477/1477/1477 1478/1478/1478
f 1444/1444/1444 1478/1478/1478 1445/1445/1445
f 1445/1445/1445 1478/1478/1478 1479/1479/1479
f 1445/1445/1445 1479/1479/1479 1446/1446/1446
f 1446/1446/1446 1479/1479/1479 1480/1480/1480
f 1446/1446/1446 1480/1480/1480 1447/1447/1447
f 1447/1447/1447 1480/1480/1480 1481/1481/1481
f 1447/1447/1447 1481/1481/1481 1448/1448/1448
f 1448/1448/1448 1481/1481/1481 1482/1482/1482
f 1448/1448/1448 1482/1482/1482 1449/1449/1449
f 1449/1449/1449 1482/1482/1482 1483/1483/1483
f 1449/1449/1449 1483/1483/1483 1450/1450/1450
f 1450/1450/1450 1483/1483/1483 1484/1484/1484
f 1450/1450/1450 1484/1484/1484 1451/1451/1451
f 1451/1451/1451 1484/1484/1484 1485/1485/1485
f 1451/1451/1451 1485/1485/1485 1452/1452/1452
f 1453/1453/1453 1486/1486/1486 1487/1487/1487
f 1453/1453/1453 1487/1487/1487 1454/1454/1454
f 1454/1454/1454 1487/1487/1487 1488/1488/1488
f 1454/1454/1454 1488/1488/1488 1455/1455/1455
f 1455/1455/1455 1488/1488/1488 1489/1489/1489
f 1455/1455/1455 1489/1489/1489 1456/1456/1456
f 1456/1456/1456 1489/1489/1489 1490/1490/1490
f 1456/1456/1456 1490/1490/1490 1457/1457/1457
f 1457/1457/1457 1490/1490/1490 1491/1491/1491
f 1457/1457/1457 1491/1491/1491 1458/1458/1458
f 1458/1458/1458 1491/1491/1491 1492/1492/1492
f 1458/1458/1458 1492/1492/1492 1459/1459/1459
f 1459/1459/1459 1492/1492/1492 1493/1493/1493
f 1459/1459/1459 1493/1493/1493 1460/1460/1460
f 1460/1460/1460 1493/1493/1493 1494/1494/1494
f 1460/1460/1460 1494/1494/1494 1461/1461/1461
f 1461/1461/1461 1494/1494/1494 1495/1495/1495
f 1461/1461/1461 1495/1495/1495 1462/1462/1462
f 1462/1462/1462 1495/1495/1495 1496/1496/1496
f 1462/1462/1462 1496/1496/1496 1463/1463/1463
f 1463/1463/1463 1496/1496/1496 1497/1497/1497
f 1463/1463/1463 1497/1497/1497 1464/1464/1464
f 1464/1464/1464 1497/1497/1497 1498/1498/1498
f 1464/1464/1464 1498/1498/1498 1465/1465/1465
f 1465/1465/1465 1498/1498/1498 1499/1499/1499
f 1465/1465/1465 1499/1499/1499 1466/1466/1466
f 1466/1466/1466 1499/1499/1499 1500/1500/1500
f 1466/1466/1466 1500/1500/1500 1467/1467/1467
f 1467/1467/1467 1500/1500/1500 1501/1501/1501
f 1467/1467/1467 1501/1501/1501 1468/1468/1468
f 1468/1468/1468 1501/1501/1501 1502/1502/1502
f 1468/1468/1468 1502/1502/1502 1469/1469/1469
f 1469/1469/1469 1502/1502/1502 1503/1503/1503
f 1469/1469/1469 1503/1503/1503 1470/1470/1470
f 1470/1470/1470 1503/1503/1503 1504/1504/1504
f 1470/1470/1470 1504/1504/1504 1471/1471/1471
f 1471/1471/1471 1504/1504/1504 1505/1505/1505
f 1471/1471/1471 1505/1505/1505 1472/1472/1472
f 1472/1472/1472 1505/1505/1505 1506/1506/1506
f 1472/1472/1472 1506/1506/1506 1473/1473/1473
f 1473/1473/1473 1506/1506/1506 1507/1507/1507
f 1473/1473/1473 1507/1507/1507 1474/1474/1474
f 1474/1474/1474 1507/1507/1507 1508/1508/1508
f 1474/1474/1474 1508/1508/1508 1475/1475/1475
f 1475/1475/1475 1508/1508/1508 1509/1509/1509
f 1475/1475/1475 1509/1509/1509 1476/1476/1476
f 1476/1476/1476 1509/1509/1509 1510/1510/1510
f 1476/1476/1476 1510/1510/1510 1477/1477/1477
f 1477/1477/1477 1510/1510/1510 1511/1511/1511
f 1477/1477/1477 1511/1511/1511 1478/1478/1478
f 1478/1478/1478 1511/1511/1511 1512/1512/1512
f 1478/1478/1478 1512/1512/1512 1479/1479/1479
f 1479/1479/1479 1512/1512/1512 1513/1513/1513
f 1479/1479/1479 1513/1513/1513 1480/1480/1480
f 1480/1480/1480 1513/1513/1513 1514/1514/1514
f 1480/1480/1480 1514/1514/1514 1481/1481/1481
f 1481/1481/1481 1514/1514/1514 1515/1515/1515
f 1481/1481/1481 1515/1515/1515 1482/1482/1482
f 1482/1482/1482 1515/1515/1515 1516/1516/1516
f 1482/1482/1482 1516/1516/1516 1483/1483/1483
f 1483/1483/1483 1516/1516/1516 1517/1517/1517
f 1483/1483/1483 1517/1517/1517 1484/1484/1484
f 1484/1484/1484 1517/1517/1517 1518/1518/1518
f 1484/1484/1484 1518/1518/1518 1485/1485/1485
f 1486/1486/1486 1519/1519/1519 1520/1520/1520
f 1486/1486/1486 1520/1520/1520 1487/1487/1487
f 1487/1487/1487 1520/1520/1520 1521/1521/1521
f 1487/1487/1487 1521/1521/1521 1488/1488/1488
f 1488/1488/1488 1521/1521/1521 1522/1522/1522
f 1488/1488/1488 1522/1522/1522 1489/1489/1489
f 1489/1489/1489 1522/1522/1522 1523/1523/1523
f 1489/1489/1489 1523/1523/1523 1490/1490/1490
f 1490/1490/1490 1523/1523/1523 1524/1524/1524
f 1490/1490/1490 1524/1524/1524 1491/1491/1491
f 1491/1491/1491 1524/1524/1524 1525/1525/1525
f 1491/1491/1491 1525/1525/1525 1492/1492/1492
f 1492/1492/1492 1525/1525/1525 1526/1526/1526
f 1492/1492/1492 1526/1526/1526 1493/1493/1493
f 1493/1493/1493 1526/1526/1526 1527/1527/1527
f 1493/1493/1493 1527/1527/1527 1494/1494/1494
f 1494/1494/1494 1527/1527/1527 1528/1528/1528
f 1494/1494/1494 1528/1528/1528 1495/1495/1495
f 1495/1495/1495 1528/1528/1528 1529/1529/1529
f 1495/1495/1495 1529/1529/1529 1496/1496/1496
f 1496/1496/1496 1529/1529/1529 1530/1530/1530
f 1496/1496/1496 1530/1530/1530 1497/1497/1497
f 1497/1497/1497 1530/1530/1530 1531/1531/1531
f 1497/1497/1497 1531/1531/1531 1498/1498/1498
f 1498/1498/1498 1531/1531/1531 1532/1532/1532
f 1498/1498/1498 1532/1532/1532 1499/1499/1499
f 1499/1499/1499 1532/1532/1532 1533/1533/1533
f 1499/1499/1499 1533/1533/1533 1500/1500/1500
f 1500/1500/1500 1533/1533/1533 1534/1534/1534
f 1500/1500/1500 1534/1534/1534 1501/1501/1501
f 1501/1501/1501 1534/1534/1534 1535/1535/1535
f 1501/1501/1501 1535/1535/1535 1502/1502/1502
f 1502/1502/1502 1535/1535/1535 1536/1536/1536
f 1502/1502/1502 1536/1536/1536 1503/1503/1503
f 1503/1503/1503 1536/1536/1536 1537/1537/1537
f 1503/1503/1503 1537/1537/1537 1504/1504/1504
f 1504/1504/1504 1537/1537/1537 1538/1538/1538
f 1504/1504/1504 1538/1538/1538 1505/1505/1505
f 1505/1505/1505 1538/1538/1538 1539/1539/1539
f 1505/1505/1505 1539/1539/1539 1506/1506/1506
f 1506/1506/1506 1539/1539/1539 1540/1540/1540
f 1506/1506/1506 1540/1540/1540 1507/1507/1507
f 1507/1507/1507 1540/1540/1540 1541/1541/1541
f 1507/1507/1507 1541/1541/1541 1508/1508/1508
f 1508/1508/1508 1541/1541/1541 1542/1542/1542
f 1508/1508/1508 1542/1542/1542 1509/1509/1509
f 1509/1509/1509 1542/1542/1542 1543/1543/1543
f 1509/1509/1509 1543/1543/1543 1510/1510/1510
f 1510/1510/1510 1543/1543/1543 1544/1544/1544
f 1510/1510/1510 1544/1544/1544 1511/1511/1511
f 1511/1511/1511 1544/1544/1544 1545/1545/1545
f 1511/1511/1511 1545/1545/1545 1512/1512/1512
f 1512/1512/1512 1545/1545/1545 1546/1546/1546
f 1512/1512/1512 1546/1546/1546 1513/1513/1513
f 1513/1513/1513 1546/1546/1546 1547/1547/1547
f 1513/1513/1513 1547/1547/1547 1514/1514/1514
f 1514/1514/1514 1547/1547/1547 1548/1548/1548
f 1514/1514/1514 1548/1548/1548 1515/1515/1515
f 1515/1515/1515 1548/1548/1548 1549/1549/1549
f 1515/1515/1515 1549/1549/1549 1516/1516/1516
f 1516/1516/1516 1549/1549/1549 1550/1550/1550
f 1516/1516/1516 1550/1550/1550 1517/1517/1517
f 1517/1517/1517 1550/1550/1550 1551/1551/1551
f 1517/1517/1517 1551/1551/1551 1518/1518/1518
f 1519/1519/1519 1552/1552/1552 1553/1553/1553
f 1519/1519/1519 1553/1553/1553 1520/1520/1520
f 1520/1520/1520 1553/1553/1553 1554/1554/1554
f 1520/1520/1520 1554/1554/1554 1521/1521/1521
f 1521/1521/1521 1554/1554/1554 1555/1555/1555
f 1521/1521/1521 1555/1555/1555 1522/1522/1522
f 1522/1522/1522 1555/1555/1555 1556/1556/1556
f 1522/1522/1522 1556/1556/1556 1523/1523/1523
f 1523/1523/1523 1556/1556/1556 1557/1557/1557
f 1523/1523/1523 1557/1557/1557 1524/1524/1524
f 1524/1524/1524 1557/1557/1557 1558/1558/1558
f 1524/1524/1524 1558/1558/1558 1525/1525/1525
f 1525/1525/1525 1558/1558/1558 1559/1559/1559
f 1525/1525/1525 1559/1559/1559 1526/1526/1526
f 1526/1526/1526 1559/1559/1559 1560/1560/1560
f 1526/1526/1526 1560/1560/1560 1527/1527/1527
f 1527/1527/1527 1560/1560/1560 1561/1561/1561
f 1527/1527/1527 1561/1561/1561 1528/1528/1528
f 1528/1528/1528 1561/1561/1561 1562/1562/1562
f 1528/1528/1528 1562/1562/1562 1529/1529/1529
f 1529/1529/1529 1562/1562/1562 1563/1563/1563
f 1529/1529/1529 1563/1563/1563 1530/1530/1530
f 1530/1530/1530 1563/1563/1563 1564/1564/1564
f 1530/1530/1530 1564/1564/1564 1531/1531/1531
f 1531/1531/1531 1564/1564/1564 1565/1565/1565
f 1531/1531/1531 1565/1565/1565 1532/1532/1532
f 1532/1532/1532 1565/1565/1565 1566/1566/1566
f 1532/1532/1532 1566/1566/1566 1533/1533/1533
f 1533/1533/1533 1566/1566/1566 1567/1567/1567
f 1533/1533/1533 1567/1567/1567 1534/1534/1534
f 1534/1534/1534 1567/1567/1567 1568/1568/1568
f 1534/1534/1534 1568/1568/1568 1535/1535/1535
f 1535/1535/1535 1568/1568/1568 1569/1569/1569
f 1535/1535/1535 1569/1569/1569 1536/1536/1536
f 1536/1536/1536 1569/1569/1569 1570/1570/1570
f 1536/1536/1536 1570/1570/1570 1537/1537/1537
f 1537/1537/1537 1570/1570/1570 1571/1571/1571
f 1537/1537/1537 1571/1571/1571 1538/1538/1538
f 1538/1538/1538 1571/1571/1571 1572/1572/1572
f 1538/1538/1538 1572/1572/1572 1539/1539/1539
f 1539/1539/1539 1572/1572/1572 1573/1573/1573
f 1539/1539/1539 1573/1573/1573 1540/1540/1540
f 1540/1540/1540 1573/1573/1573 1574/1574/1574
f 1540/1540/1540 1574/1574/1574 1541/1541/1541
f 1541/1541/1541 1574/1574/1574 1575/1575/1575
f 1541/1541/1541 1575/1575/1575 1542/1542/1542
f 1542/1542/1542 1575/1575/1575 1576/1576/1576
f 1542/1542/1542 1576/1576/1576 1543/1543/1543
f 1543/1543/1543 1576/1576/1576 1577/1577/1577
f 1543/1543/1543 1577/1577/1577 1544/1544/1544
f 1544/1544/1544 1577/1577/1577 1578/1578/1578
f 1544/1544/1544 1578/1578/1578 1545/1545/1545
f 1545/1545/1545 1578/1578/1578 1579/1579/1579
f 1545/1545/1545 1579/1579/1579 1546/1546/1546
f 1546/1546/1546 1579/1579/1579 1580/1580/1580
f 1546/1546/1546 1580/1580/1580 1547/1547/1547
f 1547/1547/1547 1580/1580/1580 1581/1581/1581
f 1547/1547/1547 1581/1581/1581 1548/1548/1548
f 1548/1548/1548 1581/1581/1581 1582/1582/1582
f 1548/1548/1548 1582/1582/1582 1549/1549/1549
f 1549/1549/1549 1582/1582/1582 1583/1583/1583
f 1549/1549/1549 1583/1583/1583 1550/1550/1550
f 1550/1550/1550 1583/1583/1583 1584/1584/1584
f 1550/1550/1550 1584/1584/1584 1551/1551/1551
f 1552/1552/1552 1585/1585/1585 1586/1586/1586
f 1552/1552/1552 1586/1586/1586 1553/1553/1553
f 1553/1553/1553 1586/1586/1586 1587/1587/1587
f 1553/1553/1553 1587/1587/1587 1554/1554/1554
f 1554/1554/1554 1587/1587/1587 1588/1588/1588
f 1554/1554/1554 1588/1588/1588 1555/1555/1555
f 1555/1555/1555 1588/1588/1588 1589/1589/1589
f 1555/1555/1555 1589/1589/1589 1556/1556/1556
f 1556/1556/1556 1589/1589/1589 1590/1590/1590
f 1556/1556/1556 1590/1590/1590 1557/1557/1557
f 1557/1557/1557 1590/1590/1590 1591/1591/1591
f 1557/1557/1557 1591/1591/1591 1558/1558/1558
f 1558/1558/1558 1591/1591/1591 1592/1592/1592
f 1558/1558/1558 1592/1592/1592 1559/1559/1559
f 1559/1559/1559 1592/1592/1592 1593/1593/1593
f 1559/1559/1559 1593/1593/1593 1560/1560/1560
f 1560/1560/1560 1593/1593/1593 1594/1594/1594
f 1560/1560/1560 1594/1594/1594 1561/1561/1561
f 1561/1561/1561 1594/1594/1594 1595/1595/1595
f 1561/1561/1561 1595/1595/1595 1562/1562/1562
f 1562/1562/1562 1595/1595/1595 1596/1596/1596
f 1562/1562/1562 1596/1596/1596 1563/1563/1563
f 1563/1563/1563 1596/1596/1596 1597/1597/1597
f 1563/1563/1563 1597/1597/1597 1564/1564/1564
f 1564/1564/1564 1597/1597/1597 1598/1598/1598
f 1564/1564/1564 1598/1598/1598 1565/1565/1565
f 1565/1565/1565 1598/1598/1598 1599/1599/1599
f 1565/1565/1565 1599/1599/1599 1566/1566/1566
f 1566/1566/1566 1599/1599/1599 1600/1600/1600
f 1566/1566/1566 1600/1600/1600 1567/1567/1567
f 1567/1567/1567 1600/1600/1600 1601/1601/1601
f 1567/1567/1567 1601/1601/1601 1568/1568/1568
f 1568/1568/1568 1601/1601/1601 1602/1602/1602
f 1568/1568/1568 1602/1602/1602 1569/1569/1569
f 1569/1569/1569 1602/1602/1602 1603/1603/1603
f 1569/1569/1569 1603/1603/1603 1570/1570/1570
f 1570/1570/1570 1603/1603/1603 1604/1604/1604
f 1570/1570/1570 1604/1604/1604 1571/1571/1571
f 1571/1571/1571 1604/1604/1604 1605/1605/1605
f 1571/1571/1571 1605/1605/1605 1572/1572/1572
f 1572/1572/1572 1605/1605/1605 1606/1606/1606
f 1572/1572/1572 1606/1606/1606 1573/1573/1573
f 1573/1573/1573 1606/1606/1606 1607/1607/1607
f 1573/1573/1573 1607/1607/1607 1574/1574/1574
f 1574/1574/1574 1607/1607/1607 1608/1608/1608
f 1574/1574/1574 1608/1608/1608 1575/1575/1575
f 1575/1575/1575 1608/1608/1608 1609/1609/1609
f 1575/1575/1575 1609/1609/1609 1576/1576/1576
f 1576/1576/1576 1609/1609/1609 1610/1610/1610
f 1576/1576/1576 1610/1610/1610 1577/1577/1577
f 1577/1577/1577 1610/1610/1610 1611/1611/1611
f 1577/1577/1577 1611/1611/1611 1578/1578/1578
f 1578/1578/1578 1611/1611/1611 1612/1612/1612
f 1578/1578/1578 1612/1612/1612 1579/1579/1579
f 1579/1579/1579 1612/1612/1612 1613/1613/1613
f 1579/1579/1579 1613/1613/1613 1580/1580/1580
f 1580/1580/1580 1613/1613/1613 1614/1614/1614
f 1580/1580/1580 1614/1614/1614 1581/1581/1581
f 1581/1581/1581 1614/1614/1614 1615/1615/1615
f 1581/1581/1581 1615/1615/1615 1582/1582/1582
f 1582/1582/1582 1615/1615/1615 1616/1616/1616
f 1582/1582/1582 1616/1616/1616 1583/1583/1583
f 1583/1583/1583 1616/1616/1616 1617/1617/1617
f 1583/1583/1583 1617/1617/1617 1584/1584/1584
f 1585/1585/1585 1618/1618/1618 1619/1619/1619
f 1585/1585/1585 1619/1619/1619 1586/1586/1586
f 1586/1586/1586 1619/1619/1619 1620/1620/1620
f 1586/1586/1586 1620/1620/1620 1587/1587/1587
f 1587/1587/1587 1620/1620/1620 1621/1621/1621
f 1587/1587/1587 1621/1621/1621 1588/1588/1588
f 1588/1588/1588 1621/1621/1621 1622/1622/1622
f 1588/1588/1588 1622/1622/1622 1589/1589/1589
f 1589/1589/1589 1622/1622/1622 1623/1623/1623
f 1589/1589/1589 1623/1623/1623 1590/1590/1590
f 1590/1590/1590 1623/1623/1623 1624/1624/1624
f 1590/1590/1590 1624/1624/1624 1591/1591/1591
f 1591/1591/1591 1624/1624/1624 1625/1625/1625
f 1591/1591/1591 1625/1625/1625 1592/1592/1592
f 1592/1592/1592 1625/1625/1625 1626/1626/1626
f 1592/1592/1592 1626/1626/1626 1593/1593/1593
f 1593/1593/1593 1626/1626/1626 1627/1627/1627
f 1593/1593/1593 1627/1627/1627 1594/1594/1594
f 1594/1594/1594 1627/1627/1627 1628/1628/1628
f 1594/1594/1594 1628/1628/1628 1595/1595/1595
f 1595/1595/1595 1628/1628/1628 1629/1629/1629
f 1595/1595/1595 1629/1629/1629 1596/1596/1596
f 1596/1596/1596 1629/1629/1629 1630/1630/1630
f 1596/1596/1596 1630/1630/1630 1597/1597/1597
f 1597/1597/1597 1630/1630/1630 1631/1631/1631
f 1597/1597/1597 1631/1631/1631 1598/1598/1598
f 1598/1598/1598 1631/1631/1631 1632/1632/1632
f 1598/1598/1598 1632/1632/1632 1599/1599/1599
f 1599/1599/1599 1632/1632/1632 1633/1633/1633
f 1599/1599/1599 1633/1633/1633 1600/1600/1600
f 1600/1600/1600 1633/1633/1633 1634/1634/1634
f 1600/1600/1600 1634/1634/1634 1601/1601/1601
f 1601/1601/1601 1634/1634/1634 1635/1635/1635
f 1601/1601/1601 1635/1635/1635 1602/1602/1602
f 1602/1602/1602 1635/1635/1635 1636/1636/1636
f 1602/1602/1602 1636/1636/1636 1603/1603/1603
f 1603/1603/1603 1636/1636/1636 1637/1637/1637
f 1603/1603/1603 1637/1637/1637 1604/1604/1604
f 1604/1604/1604 1637/1637/1637 1638/1638/1638
f 1604/1604/1604 1638/1638/1638 1605/1605/1605
f 1605/1605/1605 1638/1638/1638 1639/1639/1639
f 1605/1605/1605 1639/1639/1639 1606/1606/1606
f 1606/1606/1606 1639/1639/1639 1640/1640/1640
f 1606/1606/1606 1640/1640/1640 1607/1607/1607
f 1607/1607/1607 1640/1640/1640 1641/1641/1641
f 1607/1607/1607 1641/1641/1641 1608/1608/1608
f 1608/1608/1608 1641/1641/1641 1642/1642/1642
f 1608/1608/1608 1642/1642/1642 1609/1609/1609
f 1609/1609/1609 1642/1642/1642 1643/1643/1643
f 1609/1609/1609 1643/1643/1643 1610/1610/1610
f 1610/1610/1610 1643/1643/1643 1644/1644/1644
f 1610/1610/1610 1644/1644/1644 1611/1611/1611
f 1611/1611/1611 1644/1644/1644 1645/1645/1645
f 1611/1611/1611 1645/1645/1645 1612/1612/1612
f 1612/1612/1612 1645/1645/1645 1646/1646/1646
f 1612/1612/1612 1646/1646/1646 1613/1613/1613
f 1613/1613/1613 1646/1646/1646 1647/1647/1647
f 1613/1613/1613 1647/1647/1647 1614/1614/1614
f 1614/1614/1614 1647/1647/1647 1648/1648/1648
f 1614/1614/1614 1648/1648/1648 1615/1615/1615
f 1615/1615/1615 1648/1648/1648 1649/1649/1649
f 1615/1615/1615 1649/1649/1649 1616/1616/1616
f 1616/1616/1616 1649/1649/1649 1650/1650/1650
f 1616/1616/1616 1650/1650/1650 1617/1617/1617
f 1618/1618/1618 1651/1651/1651 1652/1652/1652
f 1618/1618/1618 1652/1652/1652 1619/1619/1619
f 1619/1619/1619 1652/1652/1652 1653/1653/1653
f 1619/1619/1619 1653/1653/1653 1620/1620/1620
f 1620/1620/1620 1653/1653/1653 1654/1654/1654
f 1620/1620/1620 1654/1654/1654 1621/1621/1621
f 1621/1621/1621 1654/1654/1654 1655/1655/1655
f 1621/1621/1621 1655/1655/1655 1622/1622/1622
f 1622/1622/1622 1655/1655/1655 1656/1656/1656
f 1622/1622/1622 1656/1656/1656 1623/1623/1623
f 1623/1623/1623 1656/1656/1656 1657/1657/1657
f 1623/1623/1623 1657/1657/1657 1624/1624/1624
f 1624/1624/1624 1657/1657/1657 1658/1658/1658
f 1624/1624/1624 1658/1658/1658 1625/1625/1625
f 1625/1625/1625 1658/1658/1658 1659/1659/1659
f 1625/1625/1625 1659/1659/1659 1626/1626/1626
f 1626/1626/1626 1659/1659/1659 1660/1660/1660
f 1626/1626/1626 1660/1660/1660 1627/1627/1627
f 1627/1627/1627 1660/1660/1660 1661/1661/1661
f 1627/1627/1627 1661/1661/1661 1628/1628/1628
f 1628/1628/1628 1661/1661/1661 1662/1662/1662
f 1628/1628/1628 1662/1662/1662 1629/1629/1629
f 1629/1629/1629 1662/1662/1662 1663/1663/1663
f 1629/1629/1629 1663/1663/1663 1630/1630/1630
f 1630/1630/1630 1663/1663/1663 1664/1664/1664
f 1630/1630/1630 1664/1664/1664 1631/1631/1631
f 1631/1631/1631 1664/1664/1664 1665/1665/1665
f 1631/1631/1631 1665/1665/1665 1632/1632/1632
f 1632/1632/1632 1665/1665/1665 1666/1666/1666
f 1632/1632/1632 1666/1666/1666 1633/1633/1633
f 1633/1633/1633 1666/1666/1666 1667/1667/1667
f 1633/1633/1633 1667/1667/1667 1634/1634/1634
f 1634/1634/1634 1667/1667/1667 1668/1668/1668
f 1634/1634/1634 1668/1668/1668 1635/1635/1635
f 1635/1635/1635 1668/1668/1668 1669/1669/1669
f 1635/1635/1635 1669/1669/1669 1636/1636/1636
f 1636/1636/1636 1669/1669/1669 1670/1670/1670
f 1636/1636/1636 1670/1670/1670 1637/1637/1637
f 1637/1637/1637 1670/1670/1670 1671/1671/1671
f 1637/1637/1637 1671/1671/1671 1638/1638/1638
f 1638/1638/1638 1671/1671/1671 1672/1672/1672
f 1638/1638/1638 1672/1672/1672 1639/1639/1639
f 1639/1639/1639 1672/1672/1672 1673/1673/1673
f 1639/1639/1639 1673/1673/1673 1640/1640/1640
f 1640/1640/1640 1673/1673/1673 1674/1674/1674
f 1640/1640/1640 1674/1674/1674 1641/1641/1641
f 1641/1641/1641 1674/1674/1674 1675/1675/1675
f 1641/1641/1641 1675/1675/1675 1642/1642/1642
f 1642/1642/1642 1675/1675/1675 1676/1676/1676
f 1642/1642/1642 1676/1676/1676 1643/1643/1643
f 1643/1643/1643 1676/1676/1676 1677/1677/1677
f 1643/1643/1643 1677/1677/1677 1644/1644/1644
f 1644/1644/1644 1677/1677/1677 1678/1678/1678
f 1644/1644/1644 1678/1678/1678 1645/1645/1645
f 1645/1645/1645 1678/1678/1678 1679/1679/1679
f 1645/1645/1645 1679/1679/1679 1646/1646/1646
f 1646/1646/1646 1679/1679/1679 1680/1680/1680
f 1646/1646/1646 1680/1680/1680 1647/1647/1647
f 1647/1647/1647 1680/1680/1680 1681/1681/1681
f 1647/1647/1647 1681/1681/1681 1648/1648/1648
f 1648/1648/1648 1681/1681/1681 1682/1682/1682
f 1648/1648/1648 1682/1682/1682 1649/1649/1649
f 1649/1649/1649 1682/1682/1682 1683/1683/1683
f 1649/1649/1649 1683/1683/1683 1650/1650/1650
f 1651/1651/1651 1684/1684/1684 1685/1685/1685
f 1651/1651/1651 1685/1685/1685 1652/1652/1652
f 1652/1652/1652 1685/1685/1685 1686/1686/1686
f 1652/1652/1652 1686/1686/1686 1653/1653/1653
f 1653/1653/1653 1686/1686/1686 1687/1687/1687
f 1653/1653/1653 1687/1687/1687 1654/1654/1654
f 1654/1654/1654 1687/1687/1687 1688/1688/1688
f 1654/1654/1654 1688/1688/1688 1655/1655/1655
f 1655/1655/1655 1688/1688/1688 1689/1689/1689
f 1655/1655/1655 1689/1689/1689 1656/1656/1656
f 1656/1656/1656 1689/1689/1689 1690/1690/1690
f 1656/1656/1656 1690/1690/1690 1657/1657/1657
f 1657/1657/1657 1690/1690/1690 1691/1691/1691
f 1657/1657/1657 1691/1691/1691 1658/1658/1658
f 1658/1658/1658 1691/1691/1691 1692/1692/1692
f 1658/1658/1658 1692/1692/1692 1659/1659/1659
f 1659/1659/1659 1692/1692/1692 1693/1693/1693
f 1659/1659/1659 1693/1693/1693 1660/1660/1660
f 1660/1660/1660 1693/1693/1693 1694/1694/1694
f 1660/1660/1660 1694/1694/1694 1661/1661/1661
f 1661/1661/1661 1694/1694/1694 1695/1695/1695
f 1661/1661/1661 1695/1695/1695 1662/1662/1662
f 1662/1662/1662 1695/1695/1695 1696/1696/1696
f 1662/1662/1662 1696/1696/1696 1663/1663/1663
f 1663/1663/1663 1696/1696/1696 1697/1697/1697
f 1663/1663/1663 1697/1697/1697 1664/1664/1664
f 1664/1664/1664 1697/1697/1697 1698/1698/1698
f 1664/1664/1664 1698/1698/1698 1665/1665/1665
f 1665/1665/1665 1698/1698/1698 1699/1699/1699
f 1665/1665/1665 1699/1699/1699 1666/1666/1666
f 1666/1666/1666 1699/1699/1699 1700/1700/1700
f 1666/1666/1666 1700/1700/1700 1667/1667/1667
f 1667/1667/1667 1700/1700/1700 1701/1701/1701
f 1667/1667/1667 1701/1701/1701 1668/1668/1668
f 1668/1668/1668 1701/1701/1701 1702/1702/1702
f 1668/1668/1668 1702/1702/1702 1669/1669/1669
f 1669/1669/1669 1702/1702/1702 1703/1703/1703
f 1669/1669/1669 1703/1703/1703 1670/1670/1670
f 1670/1670/1670 1703/1703/1703 1704/1704/1704
f 1670/1670/1670 1704/1704/1704 1671/1671/1671
f 1671/1671/1671 1704/1704/1704 1705/1705/1705
f 1671/1671/1671 1705/1705/1705 1672/1672/1672
f 1672/1672/1672 1705/1705/1705 1706/1706/1706
f 1672/1672/1672 1706/1706/1706 1673/1673/1673
f 1673/1673/1673 1706/1706/1706 1707/1707/1707
f 1673/1673/1673 1707/1707/1707 1674/1674/1674
f 1674/1674/1674 1707/1707/1707 1708/1708/1708
f 1674/1674/1674 1708/1708/1708 1675/1675/1675
f 1675/1675/1675 1708/1708/1708 1709/1709/1709
f 1675/1675/1675 1709/1709/1709 1676/1676/1676
f 1676/1676/1676 1709/1709/1709 1710/1710/1710
f 1676/1676/1676 1710/1710/1710 1677/1677/1677
f 1677/1677/1677 1710/1710/1710 1711/1711/1711
f 1677/1677/1677 1711/1711/1711 1678/1678/1678
f 1678/1678/1678 1711/1711/1711 1712/1712/1712
f 1678/1678/1678 1712/1712/1712 1679/1679/1679
f 1679/1679/1679 1712/1712/1712 1713/1713/1713
f 1679/1679/1679 1713/1713/1713 1680/1680/1680
f 1680/1680/1680 1713/1713/1713 1714/1714/1714
f 1680/1680/1680 1714/1714/1714 1681/1681/1681
f 1681/1681/1681 1714/1714/1714 1715/1715/1715
f 1681/1681/1681 1715/1715/1715 1682/1682/1682
f 1682/1682/1682 1715/1715/1715 1716/1716/1716
f 1682/1682/1682 1716/1716/1716 1683/1683/1683
f 1684/1684/1684 1717/1717/1717 1718/1718/1718
f 1684/1684/1684 1718/1718/1718 1685/1685/1685
f 1685/1685/1685 1718/1718/1718 1719/1719/1719
f 1685/1685/1685 1719/1719/1719 1686/1686/1686
f 1686/1686/1686 1719/1719/1719 1720/1720/1720
f 1686/1686/1686 1720/1720/1720 1687/1687/1687
f 1687/1687/1687 1720/1720/1720 1721/1721/1721
f 1687/1687/1687 1721/1721/1721 1688/1688/1688
f 1688/1688/1688 1721/1721/1721 1722/1722/1722
f 1688/1688/1688 1722/1722/1722 1689/1689/1689
f 1689/1689/1689 1722/1722/1722 1723/1723/1723
f 1689/1689/1689 1723/1723/1723 1690/1690/1690
f 1690/1690/1690 1723/1723/1723 1724/1724/1724
f 1690/1690/1690 1724/1724/1724 1691/1691/1691
f 1691/1691/1691 1724/1724/1724 1725/1725/1725
f 1691/1691/1691 1725/1725/1725 1692/1692/1692
f 1692/1692/1692 1725/1725/1725 1726/1726/1726
f 1692/1692/1692 1726/1726/1726 1693/1693/1693
f 1693/1693/1693 1726/1726/1726 1727/1727/1727
f 1693/1693/1693 1727/1727/1727 1694/1694/1694
f 1694/1694/1694 1727/1727/1727 1728/1728/1728
f 1694/1694/1694 1728/1728/1728 1695/1695/1695
f 1695/1695/1695 1728/1728/1728 1729/1729/1729
f 1695/1695/1695 1729/1729/1729 1696/1696/1696
f 1696/1696/1696 1729/1729/1729 1730/1730/1730
f 1696/1696/1696 1730/1730/1730 1697/1697/1697
f 1697/1697/1697 1730/1730/1730 1731/1731/1731
f 1697/1697/1697 1731/1731/1731 1698/1698/1698
f 1698/1698/1698 1731/1731/1731 1732/1732/1732
f 1698/1698/1698 1732/1732/1732 1699/1699/1699
f 1699/1699/1699 1732/1732/1732 1733/1733/1733
f 1699/1699/1699 1733/1733/1733 1700/1700/1700
f 1700/1700/1700 1733/1733/1733 1734/1734/1734
f 1700/1700/1700 1734/1734/1734 1701/1701/1701
f 1701/1701/1701 1734/1734/1734 1735/1735/1735
f 1701/1701/1701 1735/1735/1735 1702/1702/1702
f 1702/1702/1702 1735/1735/1735 1736/1736/1736
f 1702/1702/1702 1736/1736/1736 1703/1703/1703
f 1703/1703/1703 1736/1736/1736 1737/1737/1737
f 1703/1703/1703 1737/1737/1737 1704/1704/1704
f 1704/1704/1704 1737/1737/1737 1738/1738/1738
f 1704/1704/1704 1738/1738/1738 1705/1705/1705
f 1705/1705/1705 1738/1738/1738 1739/1739/1739
f 1705/1705/1705 1739/1739/1739 1706/1706/1706
f 1706/1706/1706 1739/1739/1739 1740/1740/1740
f 1706/1706/1706 1740/1740/1740 1707/1707/1707
f 1707/1707/1707 1740/1740/1740 1741/1741/1741
f 1707/1707/1707 1741/1741/1741 1708/1708/1708
f 1708/1708/1708 1741/1741/1741 1742/1742/1742
f 1708/1708/1708 1742/1742/1742 1709/1709/1709
f 1709/1709/1709 1742/1742/1742 1743/1743/1743
f 1709/1709/1709 1743/1743/1743 1710/1710/1710
f 1710/1710/1710 1743/1743/1743 1744/1744/1744
f 1710/1710/1710 1744/1744/1744 1711/1711/1711
f 1711/1711/1711 1744/1744/1744 1745/1745/1745
f 1711/1711/1711 1745/1745/1745 1712/1712/1712
f 1712/1712/1712 1745/1745/1745 1746/1746/1746
f 1712/1712/1712 1746/1746/1746 1713/1713/1713
f 1713/1713/1713 1746/1746/1746 1747/1747/1747
f 1713/1713/1713 1747/1747/1747 1714/1714/1714
f 1714/1714/1714 1747/1747/1747 1748/1748/1748
f 1714/1714/1714 1748/1748/1748 1715/1715/1715
f 1715/1715/1715 1748/1748/1748 1749/1749/1749
f 1715/1715/1715 1749/1749/1749 1716/1716/1716
f 1717/1717/1717 1750/1750/1750 1751/1751/1751
f 1717/1717/1717 1751/1751/1751 1718/1718/1718
f 1718/1718/1718 1751/1751/1751 1752/1752/1752
f 1718/1718/1718 1752/1752/1752 1719/1719/1719
f 1719/1719/1719 1752/1752/1752 1753/1753/1753
f 1719/1719/1719 1753/1753/1753 1720/1720/1720
f 1720/1720/1720 1753/1753/1753 1754/1754/1754
f 1720/1720/1720 1754/1754/1754 1721/1721/1721
f 1721/1721/1721 1754/1754/1754 1755/1755/1755
f 1721/1721/1721 1755/1755/1755 1722/1722/1722
f 1722/1722/1722 1755/1755/1755 1756/1756/1756
f 1722/1722/1722 1756/1756/1756 1723/1723/1723
f 1723/1723/1723 1756/1756/1756 1757/1757/1757
f 1723/1723/1723 1757/1757/1757 1724/1724/1724
f 1724/1724/1724 1757/1757/1757 1758/1758/1758
f 1724/1724/1724 1758/1758/1758 1725/1725/1725
f 1725/1725/1725 1758/1758/1758 1759/1759/1759
f 1725/1725/1725 1759/1759/1759 1726/1726/1726
f 1726/1726/1726 1759/1759/1759 1760/1760/1760
f 1726/1726/1726 1760/1760/1760 1727/1727/1727
f 1727/1727/1727 1760/1760/1760 1761/1761/1761
f 1727/1727/1727 1761/1761/1761 1728/1728/1728
f 1728/1728/1728 1761/1761/1761 1762/1762/1762
f 1728/1728/1728 1762/1762/1762 1729/1729/1729
f 1729/1729/1729 1762/1762/1762 1763/1763/1763
f 1729/1729/1729 1763/1763/1763 1730/1730/1730
f 1730/1730/1730 1763/1763/1763 1764/1764/1764
f 1730/1730/1730 1764/1764/1764 1731/1731/1731
f 1731/1731/1731 1764/1764/1764 1765/1765/1765
f 1731/1731/1731 1765/1765/1765 1732/1732/1732
f 1732/1732/1732 1765/1765/1765 1766/1766/1766
f 1732/1732/1732 1766/1766/1766 1733/1733/1733
f 1733/1733/1733 1766/1766/1766 1767/1767/1767
f 1733/1733/1733 1767/1767/1767 1734/1734/1734
f 1734/1734/1734 1767/1767/1767 1768/1768/1768
f 1734/1734/1734 1768/1768/1768 1735/1735/1735
f 1735/1735/1735 1768/1768/1768 1769/1769/1769
f 1735/1735/1735 1769/1769/1769 1736/1736/1736
f 1736/1736/1736 1769/1769/1769 1770/1770/1770
f 1736/1736/1736 1770/1770/1770 1737/1737/1737
f 1737/1737/1737 1770/1770/1770 1771/1771/1771
f 1737/1737/1737 1771/1771/1771 1738/1738/1738
f 1738/1738/1738 1771/1771/1771 1772/1772/1772
f 1738/1738/1738 1772/1772/1772 1739/1739/1739
f 1739/1739/1739 1772/1772/1772 1773/1773/1773
f 1739/1739/1739 1773/1773/1773 1740/1740/1740
f 1740/1740/1740 1773/1773/1773 1774/1774/1774
f 1740/1740/1740 1774/1774/1774 1741/1741/1741
f 1741/1741/1741 1774/1774/1774 1775/1775/1775
f 1741/1741/1741 1775/1775/1775 1742/1742/1742
f 1742/1742/1742 1775/1775/1775 1776/1776/1776
f 1742/1742/1742 1776/1776/1776 1743/1743/1743
f 1743/1743/1743 1776/1776/1776 1777/1777/1777
f 1743/1743/1743 1777/1777/1777 1744/1744/1744
f 1744/1744/1744 1777/1777/1777 1778/1778/1778
f 1744/1744/1744 1778/1778/1778 1745/1745/1745
f 1745/1745/1745 1778/1778/1778 1779/1779/1779
f 1745/1745/1745 1779/1779/1779 1746/1746/1746
f 1746/1746/1746 1779/1779/1779 1780/1780/1780
f 1746/1746/1746 1780/1780/1780 1747/1747/1747
f 1747/1747/1747 1780/1780/1780 1781/1781/1781
f 1747/1747/1747 1781/1781/1781 1748/1748/1748
f 1748/1748/1748 1781/1781/1781 1782/1782/1782
f 1748/1748/1748 1782/1782/1782 1749/1749/1749
f 1750/1750/1750 1783/1783/1783 1784/1784/1784
f 1750/1750/1750 1784/1784/1784 1751/1751/1751
f 1751/1751/1751 1784/1784/1784 1785/1785/1785
f 1751/1751/1751 1785/1785/1785 1752/1752/1752
f 1752/1752/1752 1785/1785/1785 1786/1786/1786
f 1752/1752/1752 1786/1786/1786 1753/1753/1753
f 1753/1753/1753 1786/1786/1786 1787/1787/1787
f 1753/1753/1753 1787/1787/1787 1754/1754/1754
f 1754/1754/1754 1787/1787/1787 1788/1788/1788
f 1754/1754/1754 1788/1788/1788 1755/1755/1755
f 1755/1755/1755 1788/1788/1788 1789/1789/1789
f 1755/1755/1755 1789/1789/1789 1756/1756/1756
f 1756/1756/1756 1789/1789/1789 1790/1790/1790
f 1756/1756/1756 1790/1790/1790 1757/1757/1757
f 1757/1757/1757 1790/1790/1790 1791/1791/1791
f 1757/1757/1757 1791/1791/1791 1758/1758/1758
f 1758/1758/1758 1791/1791/1791 1792/1792/1792
f 1758/1758/1758 1792/1792/1792 1759/1759/1759
f 1759/1759/1759 1792/1792/1792 1793/1793/1793
f 1759/1759/1759 1793/1793/1793 1760/1760/1760
f 1760/1760/1760 1793/1793/1793 1794/1794/1794
f 1760/1760/1760 1794/1794/1794 1761/1761/1761
f 1761/1761/1761 1794/1794/1794 1795/1795/1795
f 1761/1761/1761 1795/1795/1795 1762/1762/1762
f 1762/1762/1762 1795/1795/1795 1796/1796/1796
f 1762/1762/1762 1796/1796/1796 1763/1763/1763
f 1763/1763/1763 1796/1796/1796 1797/1797/1797
f 1763/1763/1763 1797/1797/1797 1764/1764/1764
f 1764/1764/1764 1797/1797/1797 1798/1798/1798
f 1764/1764/1764 1798/1798/1798 1765/1765/1765
f 1765/1765/1765 1798/1798/1798 1799/1799/1799
f 1765/1765/1765 1799/1799/1799 1766/1766/1766
f 1766/1766/1766 1799/1799/1799 1800/1800/1800
f 1766/1766/1766 1800/1800/1800 1767/1767/1767
f 1767/1767/1767 1800/1800/1800 1801/1801/1801
f 1767/1767/1767 1801/1801/1801 1768/1768/1768
f 1768/1768/1768 1801/1801/1801 1802/1802/1802
f 1768/1768/1768 1802/1802/1802 1769/1769/1769
f 1769/1769/1769 1802/1802/1802 1803/1803/1803
f 1769/1769/1769 1803/1803/1803 1770/1770/1770
f 1770/1770/1770 1803/1803/1803 1804/1804/1804
f 1770/1770/1770 1804/1804/1804 1771/1771/1771
f 1771/1771/1771 1804/1804/1804 1805/1805/1805
f 1771/1771/1771 1805/1805/1805 1772/1772/1772
f 1772/1772/1772 1805/1805/1805 1806/1806/1806
f 1772/1772/1772 1806/1806/1806 1773/1773/1773
f 1773/1773/1773 1806/1806/1806 1807/1807/1807
f 1773/1773/1773 1807/1807/1807 1774/1774/1774
f 1774/1774/1774 1807/1807/1807 1808/1808/1808
f 1774/1774/1774 1808/1808/1808 1775/1775/1775
f 1775/1775/1775 1808/1808/1808 1809/1809/1809
f 1775/1775/1775 1809/1809/1809 1776/1776/1776
f 1776/1776/1776 1809/1809/1809 1810/1810/1810
f 1776/1776/1776 1810/1810/1810 1777/1777/1777
f 1777/1777/1777 1810/1810/1810 1811/1811/1811
f 1777/1777/1777 1811/1811/1811 1778/1778/1778
f 1778/1778/1778 1811/1811/1811 1812/1812/1812
f 1778/1778/1778 1812/1812/1812 1779/1779/1779
f 1779/1779/1779 1812/1812/1812 1813/1813/1813
f 1779/1779/1779 1813/1813/1813 1780/1780/1780
f 1780/1780/1780 1813/1813/1813 1814/1814/1814
f 1780/1780/1780 1814/1814/1814 1781/1781/1781
f 1781/1781/1781 1814/1814/1814 1815/1815/1815
f 1781/1781/1781 1815/1815/1815 1782/1782/1782
f 1783/1783/1783 1816/1816/1816 1817/1817/1817
f 1783/1783/1783 1817/1817/1817 1784/1784/1784
f 1784/1784/1784 1817/1817/1817 1818/1818/1818
f 1784/1784/1784 1818/1818/1818 1785/1785/1785
f 1785/1785/1785 1818/1818/1818 1819/1819/1819
f 1785/1785/1785 1819/1819/1819 1786/1786/1786
f 1786/1786/1786 1819/1819/1819 1820/1820/1820
f 1786/1786/1786 1820/1820/1820 1787/1787/1787
f 1787/1787/1787 1820/1820/1820 1821/1821/1821
f 1787/1787/1787 1821/1821/1821 1788/1788/1788
f 1788/1788/1788 1821/1821/1821 1822/1822/1822
f 1788/1788/1788 1822/1822/1822 1789/1789/1789
f 1789/1789/1789 1822/1822/1822 1823/1823/1823
f 1789/1789/1789 1823/1823/1823 1790/1790/1790
f 1790/1790/1790 1823/1823/1823 1824/1824/1824
f 1790/1790/1790 1824/1824/1824 1791/1791/1791
f 1791/1791/1791 1824/1824/1824 1825/1825/1825
f 1791/1791/1791 1825/1825/1825 1792/1792/1792
f 1792/1792/1792 1825/1825/1825 1826/1826/1826
f 1792/1792/1792 1826/1826/1826 1793/1793/1793
f 1793/1793/1793 1826/1826/1826 1827/1827/1827
f 1793/1793/1793 1827/1827/1827 1794/1794/1794
f 1794/1794/1794 1827/1827/1827 1828/1828/1828
f 1794/1794/1794 1828/1828/1828 1795/1795/1795
f 1795/1795/1795 1828/1828/1828 1829/1829/1829
f 1795/1795/1795 1829/1829/1829 1796/1796/1796
f 1796/1796/1796 1829/1829/1829 1830/1830/1830
f 1796/1796/1796 1830/1830/1830 1797/1797/1797
f 1797/1797/1797 1830/1830/1830 1831/1831/1831
f 1797/1797/1797 1831/1831/1831 1798/1798/1798
f 1798/1798/1798 1831/1831/1831 1832/1832/1832
f 1798/1798/1798 1832/1832/1832 1799/1799/1799
f 1799/1799/1799 1832/1832/1832 1833/1833/1833
f 1799/1799/1799 1833/1833/1833 1800/1800/1800
f 1800/1800/1800 1833/1833/1833 1834/1834/1834
f 1800/1800/1800 1834/1834/1834 1801/1801/1801
f 1801/1801/1801 1834/1834/1834 1835/1835/1835
f 1801/1801/1801 1835/1835/1835 1802/1802/1802
f 1802/1802/1802 1835/1835/1835 1836/1836/1836
f 1802/1802/1802 1836/1836/1836 1803/1803/1803
f 1803/1803/1803 1836/1836/1836 1837/1837/1837
f 1803/1803/1803 1837/1837/1837 1804/1804/1804
f 1804/1804/1804 1837/1837/1837 1838/1838/1838
f 1804/1804/1804 1838/1838/1838 1805/1805/1805
f 1805/1805/1805 1838/1838/1838 1839/1839/1839
f 1805/1805/1805 1839/1839/1839 1806/1806/1806
f 1806/1806/1806 1839/1839/1839 1840/1840/1840
f 1806/1806/1806 1840/1840/1840 1807/1807/1807
f 1807/1807/1807 1840/1840/1840 1841/1841/1841
f 1807/1807/1807 1841/1841/1841 1808/1808/1808
f 1808/1808/1808 1841/1841/1841 1842/1842/1842
f 1808/1808/1808 1842/1842/1842 1809/1809/1809
f 1809/1809/1809 1842/1842/1842 1843/1843/1843
f 1809/1809/1809 1843/1843/1843 1810/1810/1810
f 1810/1810/1810 1843/1843/1843 1844/1844/1844
f 1810/1810/1810 1844/1844/1844 1811/1811/1811
f 1811/1811/1811 1844/1844/1844 1845/1845/1845
f 1811/1811/1811 1845/1845/1845 1812/1812/1812
f 1812/1812/1812 1845/1845/1845 1846/1846/1846
f 1812/1812/1812 1846/1846/1846 1813/1813/1813
f 1813/1813/1813 1846/1846/1846 1847/1847/1847
f 1813/1813/1813 1847/1847/1847 1814/1814/1814
f 1814/1814/1814 1847/1847/1847 1848/1848/1848
f 1814/1814/1814 1848/1848/1848 1815/1815/1815
f 1816/1816/1816 1849/1849/1849 1850/1850/1850
f 1816/1816/1816 1850/1850/1850 1817/1817/1817
f 1817/1817/1817 1850/1850/1850 1851/1851/1851
f 1817/1817/1817 1851/1851/1851 1818/1818/1818
f 1818/1818/1818 1851/1851/1851 1852/1852/1852
f 1818/1818/1818 1852/1852/1852 1819/1819/1819
f 1819/1819/1819 1852/1852/1852 1853/1853/1853
f 1819/1819/1819 1853/1853/1853 1820/1820/1820
f 1820/1820/1820 1853/1853/1853 1854/1854/1854
f 1820/1820/1820 1854/1854/1854 1821/1821/1821
f 1821/1821/1821 1854/1854/1854 1855/1855/1855
f 1821/1821/1821 1855/1855/1855 1822/1822/1822
f 1822/1822/1822 1855/1855/1855 1856/1856/1856
f 1822/1822/1822 1856/1856/1856 1823/1823/1823
f 1823/1823/1823 1856/1856/1856 1857/1857/1857
f 1823/1823/1823 1857/1857/1857 1824/1824/1824
f 1824/1824/1824 1857/1857/1857 1858/1858/1858
f 1824/1824/1824 1858/1858/1858 1825/1825/1825
f 1825/1825/1825 1858/1858/1858 1859/1859/1859
f 1825/1825/1825 1859/1859/1859 1826/1826/1826
f 1826/1826/1826 1859/1859/1859 1860/1860/1860
f 1826/1826/1826 1860/1860/1860 1827/1827/1827
f 1827/1827/1827 1860/1860/1860 1861/1861/1861
f 1827/1827/1827 1861/1861/1861 1828/1828/1828
f 1828/1828/1828 1861/1861/1861 1862/1862/1862
f 1828/1828/1828 1862/1862/1862 1829/1829/1829
f 1829/1829/1829 1862/1862/1862 1863/1863/1863
f 1829/1829/1829 1863/1863/1863 1830/1830/1830
f 1830/1830/1830 1863/1863/1863 1864/1864/1864
f 1830/1830/1830 1864/1864/1864 1831/1831/1831
f 1831/1831/1831 1864/1864/1864 1865/1865/1865
f 1831/1831/1831 1865/1865/1865 1832/1832/1832
f 1832/1832/1832 1865/1865/1865 1866/1866/1866
f 1832/1832/1832 1866/1866/1866 1833/1833/1833
f 1833/1833/1833 1866/1866/1866 1867/1867/1867
f 1833/1833/1833 1867/1867/1867 1834/1834/1834
f 1834/1834/1834 1867/1867/1867 1868/1868/1868
f 1834/1834/1834 1868/1868/1868 1835/1835/1835
f 1835/1835/1835 1868/1868/1868 1869/1869/1869
f 1835/1835/1835 1869/1869/1869 1836/1836/1836
f 1836/1836/1836 1869/1869/1869 1870/1870/1870
f 1836/1836/1836 1870/1870/1870 1837/1837/1837
f 1837/1837/1837 1870/1870/1870 1871/1871/1871
f 1837/1837/1837 1871/1871/1871 1838/1838/1838
f 1838/1838/1838 1871/1871/1871 1872/1872/1872
f 1838/1838/1838 1872/1872/1872 1839/1839/1839
f 1839/1839/1839 1872/1872/1872 1873/1873/1873
f 1839/1839/1839 1873/1873/1873 1840/1840/1840
f 1840/1840/1840 1873/1873/1873 1874/1874/1874
f 1840/1840/1840 1874/1874/1874 1841/1841/1841
f 1841/1841/1841 1874/1874/1874 1875/1875/1875
f 1841/1841/1841 1875/1875/1875 1842/1842/1842
f 1842/1842/1842 1875/1875/1875 1876/1876/1876
f 1842/1842/1842 1876/1876/1876 1843/1843/1843
f 1843/1843/1843 1876/1876/1876 1877/1877/1877
f 1843/1843/1843 1877/1877/1877 1844/1844/1844
f 1844/1844/1844 1877/1877/1877 1878/1878/1878
f 1844/1844/1844 1878/1878/1878 1845/1845/1845
f 1845/1845/1845 1878/1878/1878 1879/1879/1879
f 1845/1845/1845 1879/1879/1879 1846/1846/1846
f 1846/1846/1846 1879/1879/1879 1880/1880/1880
f 1846/1846/1846 1880/1880/1880 1847/1847/1847
f 1847/1847/1847 1880/1880/1880 1881/1881/1881
f 1847/1847/1847 1881/1881/1881 1848/1848/1848
f 1849/1849/1849 1882/1882/1882 1883/1883/1883
f 1849/1849/1849 1883/1883/1883 1850/1850/1850
f 1850/1850/1850 1883/1883/1883 1884/1884/1884
f 1850/1850/1850 1884/1884/1884 1851/1851/1851
f 1851/1851/1851 1884/1884/1884 1885/1885/1885
f 1851/1851/1851 1885/1885/1885 1852/1852/1852
f 1852/1852/1852 1885/1885/1885 1886/1886/1886
f 1852/1852/1852 1886/1886/1886 1853/1853/1853
f 1853/1853/1853 1886/1886/1886 1887/1887/1887
f 1853/1853/1853 1887/1887/1887 1854/1854/1854
f 1854/1854/1854 1887/1887/1887 1888/1888/1888
f 1854/1854/1854 1888/1888/1888 1855/1855/1855
f 1855/1855/1855 1888/1888/1888 1889/1889/1889
f 1855/1855/1855 1889/1889/1889 1856/1856/1856
f 1856/1856/1856 1889/1889/1889 1890/1890/1890
f 1856/1856/1856 1890/1890/1890 1857/1857/1857
f 1857/1857/1857 1890/1890/1890 1891/1891/1891
f 1857/1857/1857 1891/1891/1891 1858/1858/1858
f 1858/1858/1858 1891/1891/1891 1892/1892/1892
f 1858/1858/1858 1892/1892/1892 1859/1859/1859
f 1859/1859/1859 1892/1892/1892 1893/1893/1893
f 1859/1859/1859 1893/1893/1893 1860/1860/1860
f 1860/1860/1860 1893/1893/1893 1894/1894/1894
f 1860/1860/1860 1894/1894/1894 1861/1861/1861
f 1861/1861/1861 1894/1894/1894 1895/1895/1895
f 1861/1861/1861 1895/1895/1895 1862/1862/1862
f 1862/1862/1862 1895/1895/1895 1896/1896/1896
f 1862/1862/1862 1896/1896/1896 1863/1863/1863
f 1863/1863/1863 1896/1896/1896 1897/1897/1897
f 1863/1863/1863 1897/1897/1897 1864/1864/1864
f 1864/1864/1864 1897/1897/1897 1898/1898/1898
f 1864/1864/1864 1898/1898/1898 1865/1865/1865
f 1865/1865/1865 1898/1898/1898 1899/1899/1899
f 1865/1865/1865 1899/1899/1899 1866/1866/1866
f 1866/1866/1866 1899/1899/1899 1900/1900/1900
f 1866/1866/1866 1900/1900/1900 1867/1867/1867
f 1867/1867/1867 1900/1900/1900 1901/1901/1901
f 1867/1867/1867 1901/1901/1901 1868/1868/1868
f 1868/1868/1868 1901/1901/1901 1902/1902/1902
f 1868/1868/1868 1902/1902/1902 1869/1869/1869
f 1869/1869/1869 1902/1902/1902 1903/1903/1903
f 1869/1869/1869 1903/1903/1903 1870/1870/1870
f 1870/1870/1870 1903/1903/1903 1904/1904/1904
f 1870/1870/1870 1904/1904/1904 1871/1871/1871
f 1871/1871/1871 1904/1904/1904 1905/1905/1905
f 1871/1871/1871 1905/1905/1905 1872/1872/1872
f 1872/1872/1872 1905/1905/1905 1906/1906/1906
f 1872/1872/1872 1906/1906/1906 1873/1873/1873
f 1873/1873/1873 1906/1906/1906 1907/1907/1907
f 1873/1873/1873 1907/1907/1907 1874/1874/1874
f 1874/1874/1874 1907/1907/1907 1908/1908/1908
f 1874/1874/1874 1908/1908/1908 1875/1875/1875
f 1875/1875/1875 1908/1908/1908 1909/1909/1909
f 1875/1875/1875 1909/1909/1909 1876/1876/1876
f 1876/1876/1876 1909/1909/1909 1910/1910/1910
f 1876/1876/1876 1910/1910/1910 1877/1877/1877
f 1877/1877/1877 1910/1910/1910 1911/1911/1911
f 1877/1877/1877 1911/1911/1911 1878/1878/1878
f 1878/1878/1878 1911/1911/1911 1912/1912/1912
f 1878/1878/1878 1912/1912/1912 1879/1879/1879
f 1879/1879/1879 1912/1912/1912 1913/1913/1913
f 1879/1879/1879 1913/1913/1913 1880/1880/1880
f 1880/1880/1880 1913/1913/1913 1914/1914/1914
f 1880/1880/1880 1914/1914/1914 1881/1881/1881
f 1882/1882/1882 1915/1915/1915 1916/1916/1916
f 1882/1882/1882 1916/1916/1916 1883/1883/1883
f 1883/1883/1883 1916/1916/1916 1917/1917/1917
f 1883/1883/1883 1917/1917/1917 1884/1884/1884
f 1884/1884/1884 1917/1917/1917 1918/1918/1918
f 1884/1884/1884 1918/1918/1918 1885/1885/1885
f 1885/1885/1885 1918/1918/1918 1919/1919/1919
f 1885/1885/1885 1919/1919/1919 1886/1886/1886
f 1886/1886/1886 1919/1919/1919 1920/1920/1920
f 1886/1886/1886 1920/1920/1920 1887/1887/1887
f 1887/1887/1887 1920/1920/1920 1921/1921/1921
f 1887/1887/1887 1921/1921/1921 1888/1888/1888
f 1888/1888/1888 1921/1921/1921 1922/1922/1922
f 1888/1888/1888 1922/1922/1922 1889/1889/1889
f 1889/1889/1889 1922/1922/1922 1923/1923/1923
f 1889/1889/1889 1923/1923/1923 1890/1890/1890
f 1890/1890/1890 1923/1923/1923 1924/1924/1924
f 1890/1890/1890 1924/1924/1924 1891/1891/1891
f 1891/1891/1891 1924/1924/1924 1925/1925/1925
f 1891/1891/1891 1925/1925/1925 1892/1892/1892
f 1892/1892/1892 1925/1925/1925 1926/1926/1926
f 1892/1892/1892 1926/1926/1926 1893/1893/1893
f 1893/1893/1893 1926/1926/1926 1927/1927/1927
f 1893/1893/1893 1927/1927/1927 1894/1894/1894
f 1894/1894/1894 1927/1927/1927 1928/1928/1928
f 1894/1894/1894 1928/1928/1928 1895/1895/1895
f 1895/1895/1895 1928/1928/1928 1929/1929/1929
f 1895/1895/1895 1929/1929/1929 1896/1896/1896
f 1896/1896/1896 1929/1929/1929 1930/1930/1930
f 1896/1896/1896 1930/1930/1930 1897/1897/1897
f 1897/1897/1897 1930/1930/1930 1931/1931/1931
f 1897/1897/1897 1931/1931/1931 1898/1898/1898
f 1898/1898/1898 1931/1931/1931 1932/1932/1932
f 1898/1898/1898 1932/1932/1932 1899/1899/1899
f 1899/1899/1899 1932/1932/1932 1933/1933/1933
f 1899/1899/1899 1933/1933/1933 1900/1900/1900
f 1900/1900/1900 1933/1933/1933 1934/1934/1934
f 1900/1900/1900 1934/1934/1934 1901/1901/1901
f 1901/1901/1901 1934/1934/1934 1935/1935/1935
f 1901/1901/1901 1935/1935/1935 1902/1902/1902
f 1902/1902/1902 1935/1935/1935 1936/1936/1936
f 1902/1902/1902 1936/1936/1936 1903/1903/1903
f 1903/1903/1903 1936/1936/1936 1937/1937/1937
f 1903/1903/1903 1937/1937/1937 1904/1904/1904
f 1904/1904/1904 1937/1937/1937 1938/1938/1938
f 1904/1904/1904 1938/1938/1938 1905/1905/1905
f 1905/1905/1905 1938/1938/1938 1939/1939/1939
f 1905/1905/1905 1939/1939/1939 1906/1906/1906
f 1906/1906/1906 1939/1939/1939 1940/1940/1940
f 1906/1906/1906 1940/1940/1940 1907/1907/1907
f 1907/1907/1907 1940/1940/1940 1941/1941/1941
f 1907/1907/1907 1941/1941/1941 1908/1908/1908
f 1908/1908/1908 1941/1941/1941 1942/1942/1942
f 1908/1908/1908 1942/1942/1942 1909/1909/1909
f 1909/1909/1909 1942/1942/1942 1943/1943/1943
f 1909/1909/1909 1943/1943/1943 1910/1910/1910
f 1910/1910/1910 1943/1943/1943 1944/1944/1944
f 1910/1910/1910 1944/1944/1944 1911/1911/1911
f 1911/1911/1911 1944/1944/1944 1945/1945/1945
f 1911/1911/1911 1945/1945/1945 1912/1912/1912
f 1912/1912/1912 1945/1945/1945 1946/1946/1946
f 1912/1912/1912 1946/1946/1946 1913/1913/1913
f 1913/1913/1913 1946/1946/1946 1947/1947/1947
f 1913/1913/1913 1947/1947/1947 1914/1914/1914
f 1915/1915/1915 1948/1948/1948 1949/1949/1949
f 1915/1915/1915 1949/1949/1949 1916/1916/1916
f 1916/1916/1916 1949/1949/1949 1950/1950/1950
f 1916/1916/1916 1950/1950/1950 1917/1917/1917
f 1917/1917/1917 1950/1950/1950 1951/1951/1951
f 1917/1917/1917 1951/1951/1951 1918/1918/1918
f 1918/1918/1918 1951/1951/1951 1952/1952/1952
f 1918/1918/1918 1952/1952/1952 1919/1919/1919
f 1919/1919/1919 1952/1952/1952 1953/1953/1953
f 1919/1919/1919 1953/1953/1953 1920/1920/1920
f 1920/1920/1920 1953/1953/1953 1954/1954/1954
f 1920/1920/1920 1954/1954/1954 1921/1921/1921
f 1921/1921/1921 1954/1954/1954 1955/1955/1955
f 1921/1921/1921 1955/1955/1955 1922/1922/1922
f 1922/1922/1922 1955/1955/1955 1956/1956/1956
f 1922/1922/1922 1956/1956/1956 1923/1923/1923
f 1923/1923/1923 1956/1956/1956 1957/1957/1957
f 1923/1923/1923 1957/1957/1957 1924/1924/1924
f 1924/1924/1924 1957/1957/1957 1958/1958/1958
f 1924/1924/1924 1958/1958/1958 1925/1925/1925
f 1925/1925/1925 1958/1958/1958 1959/1959/1959
f 1925/1925/1925 1959/1959/1959 1926/1926/1926
f 1926/1926/1926 1959/1959/1959 1960/1960/1960
f 1926/1926/1926 1960/1960/1960 1927/1927/1927
f 1927/1927/1927 1960/1960/1960 1961/1961/1961
f 1927/1927/1927 1961/1961/1961 1928/1928/1928
f 1928/1928/1928 1961/1961/1961 1962/1962/1962
f 1928/1928/1928 1962/1962/1962 1929/1929/1929
f 1929/1929/1929 1962/1962/1962 1963/1963/1963
f 1929/1929/1929 1963/1963/1963 1930/1930/1930
f 1930/1930/1930 1963/1963/1963 1964/1964/1964
f 1930/1930/1930 1964/1964/1964 1931/1931/1931
f 1931/1931/1931 1964/1964/1964 1965/1965/1965
f 1931/1931/1931 1965/1965/1965 1932/1932/1932
f 1932/1932/1932 1965/1965/1965 1966/1966/1966
f 1932/1932/1932 1966/1966/1966 1933/1933/1933
f 1933/1933/1933 1966/1966/1966 1967/1967/1967
f 1933/1933/1933 1967/1967/1967 1934/1934/1934
f 1934/1934/1934 1967/1967/1967 1968/1968/1968
f 1934/1934/1934 1968/1968/1968 1935/1935/1935
f 1935/1935/1935 1968/1968/1968 1969/1969/1969
f 1935/1935/1935 1969/1969/1969 1936/1936/1936
f 1936/1936/1936 1969/1969/1969 1970/1970/1970
f 1936/1936/1936 1970/1970/1970 1937/1937/1937
f 1937/1937/1937 1970/1970/1970 1971/1971/1971
f 1937/1937/1937 1971/1971/1971 1938/1938/1938
f 1938/1938/1938 1971/1971/1971 1972/1972/1972
f 1938/1938/1938 1972/1972/1972 1939/1939/1939
f 1939/1939/1939 1972/1972/1972 1973/1973/1973
f 1939/1939/1939 1973/1973/1973 1940/1940/1940
f 1940/1940/1940 1973/1973/1973 1974/1974/1974
f 1940/1940/1940 1974/1974/1974 1941/1941/1941
f 1941/1941/1941 1974/1974/1974 1975/1975/1975
f 1941/1941/1941 1975/1975/1975 1942/1942/1942
f 1942/1942/1942 1975/1975/1975 1976/1976/1976
f 1942/1942/1942 1976/1976/1976 1943/1943/1943
f 1943/1943/1943 1976/1976/1976 1977/1977/1977
f 1943/1943/1943 1977/1977/1977 1944/1944/1944
f 1944/1944/1944 1977/1977/1977 1978/1978/1978
f 1944/1944/1944 1978/1978/1978 1945/1945/1945
f 1945/1945/1945 1978/1978/1978 1979/1979/1979
f 1945/1945/1945 1979/1979/1979 1946/1946/1946
f 1946/1946/1946 1979/1979/1979 1980/1980/1980
f 1946/1946/1946 1980/1980/1980 1947/1947/1947
f 1948/1948/1948 1981/1981/1981 1982/1982/1982
f 1948/1948/1948 1982/1982/1982 1949/1949/1949
f 1949/1949/1949 1982/1982/1982 1983/1983/1983
f 1949/1949/1949 1983/1983/1983 1950/1950/1950
f 1950/1950/1950 1983/1983/1983 1984/1984/1984
f 1950/1950/1950 1984/1984/1984 1951/1951/1951
f 1951/1951/1951 1984/1984/1984 1985/1985/1985
f 1951/1951/1951 1985/1985/1985 1952/1952/1952
f 1952/1952/1952 1985/1985/1985 1986/1986/1986
f 1952/1952/1952 1986/1986/1986 1953/1953/1953
f 1953/1953/1953 1986/1986/1986 1987/1987/1987
f 1953/1953/1953 1987/1987/1987 1954/1954/1954
f 1954/1954/1954 1987/1987/1987 1988/1988/1988
f 1954/1954/1954 1988/1988/1988 1955/1955/1955
f 1955/1955/1955 1988/1988/1988 1989/1989/1989
f 1955/1955/1955 1989/1989/1989 1956/1956/1956
f 1956/1956/1956 1989/1989/1989 1990/1990/1990
f 1956/1956/1956 1990/1990/1990 1957/1957/1957
f 1957/1957/1957 1990/1990/1990 1991/1991/1991
f 1957/1957/1957 1991/1991/1991 1958/1958/1958
f 1958/1958/1958 1991/1991/1991 1992/1992/1992
f 1958/1958/1958 1992/1992/1992 1959/1959/1959
f 1959/1959/1959 1992/1992/1992 1993/1993/1993
f 1959/1959/1959 1993/1993/1993 1960/1960/1960
f 1960/1960/1960 1993/1993/1993 1994/1994/1994
f 1960/1960/1960 1994/1994/1994 1961/1961/1961
f 1961/1961/1961 1994/1994/1994 1995/1995/1995
f 1961/1961/1961 1995/1995/1995 1962/1962/1962
f 1962/1962/1962 1995/1995/1995 1996/1996/1996
f 1962/1962/1962 1996/1996/1996 1963/1963/1963
f 1963/1963/1963 1996/1996/1996 1997/1997/1997
f 1963/1963/1963 1997/1997/1997 1964/1964/1964
f 1964/1964/1964 1997/1997/1997 1998/1998/1998
f 1964/1964/1964 1998/1998/1998 1965/1965/1965
f 1965/1965/1965 1998/1998/1998 1999/1999/1999
f 1965/1965/1965 1999/1999/1999 1966/1966/1966
f 1966/1966/1966 1999/1999/1999 2000/2000/2000
f 1966/1966/1966 2000/2000/2000 1967/1967/1967
f 1967/1967/1967 2000/2000/2000 2001/2001/2001
f 1967/1967/1967 2001/2001/2001 1968/1968/1968
f 1968/1968/1968 2001/2001/2001 2002/2002/2002
f 1968/1968/1968 2002/2002/2002 1969/1969/1969
f 1969/1969/1969 2002/2002/2002 2003/2003/2003
f 1969/1969/1969 2003/2003/2003 1970/1970/1970
f 1970/1970/1970 2003/2003/2003 2004/2004/2004
f 1970/1970/1970 2004/2004/2004 1971/1971/1971
f 1971/1971/1971 2004/2004/2004 2005/2005/2005
f 1971/1971/1971 2005/2005/2005 1972/1972/1972
f 1972/1972/1972 2005/2005/2005 2006/2006/2006
f 1972/1972/1972 2006/2006/2006 1973/1973/1973
f 1973/1973/1973 2006/2006/2006 2007/2007/2007
f 1973/1973/1973 2007/2007/2007 1974/1974/1974
f 1974/1974/1974 2007/2007/2007 2008/2008/2008
f 1974/1974/1974 2008/2008/2008 1975/1975/1975
f 1975/1975/1975 2008/2008/2008 2009/2009/2009
f 1975/1975/1975 2009/2009/2009 1976/1976/1976
f 1976/1976/1976 2009/2009/2009 2010/2010/2010
f 1976/1976/1976 2010/2010/2010 1977/1977/1977
f 1977/1977/1977 2010/2010/2010 2011/2011/2011
f 1977/1977/1977 2011/2011/2011 1978/1978/1978
f 1978/1978/1978 2011/2011/2011 2012/2012/2012
f 1978/1978/1978 2012/2012/2012 1979/1979/1979
f 1979/1979/1979 2012/2012/2012 2013/2013/2013
f 1979/1979/1979 2013/2013/2013 1980/1980/1980
f 1981/1981/1981 2014/2014/2014 2015/2015/2015
f 1981/1981/1981 2015/2015/2015 1982/1982/1982
f 1982/1982/1982 2015/2015/2015 2016/2016/2016
f 1982/1982/1982 2016/2016/2016 1983/1983/1983
f 1983/1983/1983 2016/2016/2016 2017/2017/2017
f 1983/1983/1983 2017/2017/2017 1984/1984/1984
f 1984/1984/1984 2017/2017/2017 2018/2018/2018
f 1984/1984/1984 2018/2018/2018 1985/1985/1985
f 1985/1985/1985 2018/2018/2018 2019/2019/2019
f 1985/1985/1985 2019/2019/2019 1986/1986/1986
f 1986/1986/1986 2019/2019/2019 2020/2020/2020
f 1986/1986/1986 2020/2020/2020 1987/1987/1987
f 1987/1987/1987 2020/2020/2020 2021/2021/2021
f 1987/1987/1987 2021/2021/2021 1988/1988/1988
f 1988/1988/1988 2021/2021/2021 2022/2022/2022
f 1988/1988/1988 2022/2022/2022 1989/1989/1989
f 1989/1989/1989 2022/2022/2022 2023/2023/2023
f 1989/1989/1989 2023/2023/2023 1990/1990/1990
f 1990/1990/1990 2023/2023/2023 2024/2024/2024
f 1990/1990/1990 2024/2024/2024 1991/1991/1991
f 1991/1991/1991 2024/2024/2024 2025/2025/2025
f 1991/1991/1991 2025/2025/2025 1992/1992/1992
f 1992/1992/1992 2025/2025/2025 2026/2026/2026
f 1992/1992/1992 2026/2026/2026 1993/1993/1993
f 1993/1993/1993 2026/2026/2026 2027/2027/2027
f 1993/1993/1993 2027/2027/2027 1994/1994/1994
f 1994/1994/1994 2027/2027/2027 2028/2028/2028
f 1994/1994/1994 2028/2028/2028 1995/1995/1995
f 1995/1995/1995 2028/2028/2028 2029/2029/2029
f 1995/1995/1995 2029/2029/2029 1996/1996/1996
f 1996/1996/1996 2029/2029/2029 2030/2030/2030
f 1996/1996/1996 2030/2030/2030 1997/1997/1997
f 1997/1997/1997 2030/2030/2030 2031/2031/2031
f 1997/1997/1997 2031/2031/2031 1998/1998/1998
f 1998/1998/1998 2031/2031/2031 2032/2032/2032
f 1998/1998/1998 2032/2032/2032 1999/1999/1999
f 1999/1999/1999 2032/2032/2032 2033/2033/2033
f 1999/1999/1999 2033/2033/2033 2000/2000/2000
f 2000/2000/2000 2033/2033/2033 2034/2034/2034
f 2000/2000/2000 2034/2034/2034 2001/2001/2001
f 2001/2001/2001 2034/2034/2034 2035/2035/2035
f 2001/2001/2001 2035/2035/2035 2002/2002/2002
f 2002/2002/2002 2035/2035/2035 2036/2036/2036
f 2002/2002/2002 2036/2036/2036 2003/2003/2003
f 2003/2003/2003 2036/2036/2036 2037/2037/2037
f 2003/2003/2003 2037/2037/2037 2004/2004/2004
f 2004/2004/2004 2037/2037/2037 2038/2038/2038
f 2004/2004/2004 2038/2038/2038 2005/2005/2005
f 2005/2005/2005 2038/2038/2038 2039/2039/2039
f 2005/2005/2005 2039/2039/2039 2006/2006/2006
f 2006/2006/2006 2039/2039/2039 2040/2040/2040
f 2006/2006/2006 2040/2040/2040 2007/2007/2007
f 2007/2007/2007 2040/2040/2040 2041/2041/2041
f 2007/2007/2007 2041/2041/2041 2008/2008/2008
f 2008/2008/2008 2041/2041/2041 2042/2042/2042
f 2008/2008/2008 2042/2042/2042 2009/2009/2009
f 2009/2009/2009 2042/2042/2042 2043/2043/2043
f 2009/2009/2009 2043/2043/2043 2010/2010/2010
f 2010/2010/2010 2043/2043/2043 2044/2044/2044
f 2010/2010/2010 2044/2044/2044 2011/2011/2011
f 2011/2011/2011 2044/2044/2044 2045/2045/2045
f 2011/2011/2011 2045/2045/2045 2012/2012/2012
f 2012/2012/2012 2045/2045/2045 2046/2046/2046
f 2012/2012/2012 2046/2046/2046 2013/2013/2013
f 2014/2014/2014 2047/2047/2047 2048/2048/2048
f 2014/2014/2014 2048/2048/2048 2015/2015/2015
f 2015/2015/2015 2048/2048/2048 2049/2049/2049
f 2015/2015/2015 2049/2049/2049 2016/2016/2016
f 2016/2016/2016 2049/2049/2049 2050/2050/2050
f 2016/2016/2016 2050/2050/2050 2017/2017/2017
f 2017/2017/2017 2050/2050/2050 2051/2051/2051
f 2017/2017/2017 2051/2051/2051 2018/2018/2018
f 2018/2018/2018 2051/2051/2051 2052/2052/2052
f 2018/2018/2018 2052/2052/2052 2019/2019/2019
f 2019/2019/2019 2052/2052/2052 2053/2053/2053
f 2019/2019/2019 2053/2053/2053 2020/2020/2020
f 2020/2020/2020 2053/2053/2053 2054/2054/2054
f 2020/2020/2020 2054/2054/2054 2021/2021/2021
f 2021/2021/2021 2054/2054/2054 2055/2055/2055
f 2021/2021/2021 2055/2055/2055 2022/2022/2022
f 2022/2022/2022 2055/2055/2055 2056/2056/2056
f 2022/2022/2022 2056/2056/2056 2023/2023/2023
f 2023/2023/2023 2056/2056/2056 2057/2057/2057
f 2023/2023/2023 2057/2057/2057 2024/2024/2024
f 2024/2024/2024 2057/2057/2057 2058/2058/2058
f 2024/2024/2024 2058/2058/2058 2025/2025/2025
f 2025/2025/2025 2058/2058/2058 2059/2059/2059
f 2025/2025/2025 2059/2059/2059 2026/2026/2026
f 2026/2026/2026 2059/2059/2059 2060/2060/2060
f 2026/2026/2026 2060/2060/2060 2027/2027/2027
f 2027/2027/2027 2060/2060/2060 2061/2061/2061
f 2027/2027/2027 2061/2061/2061 2028/2028/2028
f 2028/2028/2028 2061/2061/2061 2062/2062/2062
f 2028/2028/2028 2062/2062/2062 2029/2029/2029
f 2029/2029/2029 2062/2062/2062 2063/2063/2063
f 2029/2029/2029 2063/2063/2063 2030/2030/2030
f 2030/2030/2030 2063/2063/2063 2064/2064/2064
f 2030/2030/2030 2064/2064/2064 2031/2031/2031
f 2031/2031/2031 2064/2064/2064 2065/2065/2065
f 2031/2031/2031 2065/2065/2065 2032/2032/2032
f 2032/2032/2032 2065/2065/2065 2066/2066/2066
f 2032/2032/2032 2066/2066/2066 2033/2033/2033
f 2033/2033/2033 2066/2066/2066 2067/2067/2067
f 2033/2033/2033 2067/2067/2067 2034/2034/2034
f 2034/2034/2034 2067/2067/2067 2068/2068/2068
f 2034/2034/2034 2068/2068/2068 2035/2035/2035
f 2035/2035/2035 2068/2068/2068 2069/2069/2069
f 2035/2035/2035 2069/2069/2069 2036/2036/2036
f 2036/2036/2036 2069/2069/2069 2070/2070/2070
f 2036/2036/2036 2070/2070/2070 2037/2037/2037
f 2037/2037/2037 2070/2070/2070 2071/2071/2071
f 2037/2037/2037 2071/2071/2071 2038/2038/2038
f 2038/2038/2038 2071/2071/2071 2072/2072/2072
f 2038/2038/2038 2072/2072/2072 2039/2039/2039
f 2039/2039/2039 2072/2072/2072 2073/2073/2073
f 2039/2039/2039 2073/2073/2073 2040/2040/2040
f 2040/2040/2040 2073/2073/2073 2074/2074/2074
f 2040/2040/2040 2074/2074/2074 2041/2041/2041
f 2041/2041/2041 2074/2074/2074 2075/2075/2075
f 2041/2041/2041 2075/2075/2075 2042/2042/2042
f 2042/2042/2042 2075/2075/2075 2076/2076/2076
f 2042/2042/2042 2076/2076/2076 2043/2043/2043
f 2043/2043/2043 2076/2076/2076 2077/2077/2077
f 2043/2043/2043 2077/2077/2077 2044/2044/2044
f 2044/2044/2044 2077/2077/2077 2078/2078/2078
f 2044/2044/2044 2078/2078/2078 2045/2045/2045
f 2045/2045/2045 2078/2078/2078 2079/2079/2079
f 2045/2045/2045 2079/2079/2079 2046/2046/2046
f 2047/2047/2047 2080/2080/2080 2081/2081/2081
f 2047/2047/2047 2081/2081/2081 2048/2048/2048
f 2048/2048/2048 2081/2081/2081 2082/2082/2082
f 2048/2048/2048 2082/2082/2082 2049/2049/2049
f 2049/2049/2049 2082/2082/2082 2083/2083/2083
f 2049/2049/2049 2083/2083/2083 2050/2050/2050
f 2050/2050/2050 2083/2083/2083 2084/2084/2084
f 2050/2050/2050 2084/2084/2084 2051/2051/2051
f 2051/2051/2051 2084/2084/2084 2085/2085/2085
f 2051/2051/2051 2085/2085/2085 2052/2052/2052
f 2052/2052/2052 2085/2085/2085 2086/2086/2086
f 2052/2052/2052 2086/2086/2086 2053/2053/2053
f 2053/2053/2053 2086/2086/2086 2087/2087/2087
f 2053/2053/2053 2087/2087/2087 2054/2054/2054
f 2054/2054/2054 2087/2087/2087 2088/2088/2088
f 2054/2054/2054 2088/2088/2088 2055/2055/2055
f 2055/2055/2055 2088/2088/2088 2089/2089/2089
f 2055/2055/2055 2089/2089/2089 2056/2056/2056
f 2056/2056/2056 2089/2089/2089 2090/2090/2090
f 2056/2056/2056 2090/2090/2090 2057/2057/2057
f 2057/2057/2057 2090/2090/2090 2091/2091/2091
f 2057/2057/2057 2091/2091/2091 2058/2058/2058
f 2058/2058/2058 2091/2091/2091 2092/2092/2092
f 2058/2058/2058 2092/2092/2092 2059/2059/2059
f 2059/2059/2059 2092/2092/2092 2093/2093/2093
f 2059/2059/2059 2093/2093/2093 2060/2060/2060
f 2060/2060/2060 2093/2093/2093 2094/2094/2094
f 2060/2060/2060 2094/2094/2094 2061/2061/2061
f 2061/2061/2061 2094/2094/2094 2095/2095/2095
f 2061/2061/2061 2095/2095/2095 2062/2062/2062
f 2062/2062/2062 2095/2095/2095 2096/2096/2096
f 2062/2062/2062 2096/2096/2096 2063/2063/2063
f 2063/2063/2063 2096/2096/2096 2097/2097/2097
f 2063/2063/2063 2097/2097/2097 2064/2064/2064
f 2064/2064/2064 2097/2097/2097 2098/2098/2098
f 2064/2064/2064 2098/2098/2098 2065/2065/2065
f 2065/2065/2065 2098/2098/2098 2099/2099/2099
f 2065/2065/2065 2099/2099/2099 2066/2066/2066
f 2066/2066/2066 2099/2099/2099 2100/2100/2100
f 2066/2066/2066 2100/2100/2100 2067/2067/2067
f 2067/2067/2067 2100/2100/2100 2101/2101/2101
f 2067/2067/2067 2101/2101/2101 2068/2068/2068
f 2068/2068/2068 2101/2101/2101 2102/2102/2102
f 2068/2068/2068 2102/2102/2102 2069/2069/2069
f 2069/2069/2069 2102/2102/2102 2103/2103/2103
f 2069/2069/2069 2103/2103/2103 2070/2070/2070
f 2070/2070/2070 2103/2103/2103 2104/2104/2104
f 2070/2070/2070 2104/2104/2104 2071/2071/2071
f 2071/2071/2071 2104/2104/2104 2105/2105/2105
f 2071/2071/2071 2105/2105/2105 2072/2072/2072
f 2072/2072/2072 2105/2105/2105 2106/2106/2106
f 2072/2072/2072 2106/2106/2106 2073/2073/2073
f 2073/2073/2073 2106/2106/2106 2107/2107/2107
f 2073/2073/2073 2107/2107/2107 2074/2074/2074
f 2074/2074/2074 2107/2107/2107 2108/2108/2108
f 2074/2074/2074 2108/2108/2108 2075/2075/2075
f 2075/2075/2075 2108/2108/2108 2109/2109/2109
f 2075/2075/2075 2109/2109/2109 2076/2076/2076
f 2076/2076/2076 2109/2109/2109 2110/2110/2110
f 2076/2076/2076 2110/2110/2110 2077/2077/2077
f 2077/2077/2077 2110/2110/2110 2111/2111/2111
f 2077/2077/2077 2111/2111/2111 2078/2078/2078
f 2078/2078/2078 2111/2111/2111 2112/2112/2112
f 2078/2078/2078 2112/2112/2112 2079/2079/2079
f 2080/2080/2080 2113/2113/2113 2114/2114/2114
f 2080/2080/2080 2114/2114/2114 2081/2081/2081
f 2081/2081/2081 2114/2114/2114 2115/2115/2115
f 2081/2081/2081 2115/2115/2115 2082/2082/2082
f 2082/2082/2082 2115/2115/2115 2116/2116/2116
f 2082/2082/2082 2116/2116/2116 2083/2083/2083
f 2083/2083/2083 2116/2116/2116 2117/2117/2117
f 2083/2083/2083 2117/2117/2117 2084/2084/2084
f 2084/2084/2084 2117/2117/2117 2118/2118/2118
f 2084/2084/2084 2118/2118/2118 2085/2085/2085
f 2085/2085/2085 2118/2118/2118 2119/2119/2119
f 2085/2085/2085 2119/2119/2119 2086/2086/2086
f 2086/2086/2086 2119/2119/2119 2120/2120/2120
f 2086/2086/2086 2120/2120/2120 2087/2087/2087
f 2087/2087/2087 2120/2120/2120 2121/2121/2121
f 2087/2087/2087 2121/2121/2121 2088/2088/2088
f 2088/2088/2088 2121/2121/2121 2122/2122/2122
f 2088/2088/2088 2122/2122/2122 2089/2089/2089
f 2089/2089/2089 2122/2122/2122 2123/2123/2123
f 2089/2089/2089 2123/2123/2123 2090/2090/2090
f 2090/2090/2090 2123/2123/2123 2124/2124/2124
f 2090/2090/2090 2124/2124/2124 2091/2091/2091
f 2091/2091/2091 2124/2124/2124 2125/2125/2125
f 2091/2091/2091 2125/2125/2125 2092/2092/2092
f 2092/2092/2092 2125/2125/2125 2126/2126/2126
f 2092/2092/2092 2126/2126/2126 2093/2093/2093
f 2093/2093/2093 2126/2126/2126 2127/2127/2127
f 2093/2093/2093 2127/2127/2127 2094/2094/2094
f 2094/2094/2094 2127/2127/2127 2128/2128/2128
f 2094/2094/2094 2128/2128/2128 2095/2095/2095
f 2095/2095/2095 2128/2128/2128 2129/2129/2129
f 2095/2095/2095 2129/2129/2129 2096/2096/2096
f 2096/2096/2096 2129/2129/2129 2130/2130/2130
f 2096/2096/2096 2130/2130/2130 2097/2097/2097
f 2097/2097/2097 2130/2130/2130 2131/2131/2131
f 2097/2097/2097 2131/2131/2131 2098/2098/2098
f 2098/2098/2098 2131/2131/2131 2132/2132/2132
f 2098/2098/2098 2132/2132/2132 2099/2099/2099
f 2099/2099/2099 2132/2132/2132 2133/2133/2133
f 2099/2099/2099 2133/2133/2133 2100/2100/2100
f 2100/2100/2100 2133/2133/2133 2134/2134/2134
f 2100/2100/2100 2134/2134/2134 2101/2101/2101
f 2101/2101/2101 2134/2134/2134 2135/2135/2135
f 2101/2101/2101 2135/2135/2135 2102/2102/2102
f 2102/2102/2102 2135/2135/2135 2136/2136/2136
f 2102/2102/2102 2136/2136/2136 2103/2103/2103
f 2103/2103/2103 2136/2136/2136 2137/2137/2137
f 2103/2103/2103 2137/2137/2137 2104/2104/2104
f 2104/2104/2104 2137/2137/2137 2138/2138/2138
f 2104/2104/2104 2138/2138/2138 2105/2105/2105
f 2105/2105/2105 2138/2138/2138 2139/2139/2139
f 2105/2105/2105 2139/2139/2139 2106/2106/2106
f 2106/2106/2106 2139/2139/2139 2140/2140/2140
f 2106/2106/2106 2140/2140/2140 2107/2107/2107
f 2107/2107/2107 2140/2140/2140 2141/2141/2141
f 2107/2107/2107 2141/2141/2141 2108/2108/2108
f 2108/2108/2108 2141/2141/2141 2142/2142/2142
f 2108/2108/2108 2142/2142/2142 2109/2109/2109
f 2109/2109/2109 2142/2142/2142 2143/2143/2143
f 2109/2109/2109 2143/2143/2143 2110/2110/2110
f 2110/2110/2110 2143/2143/2143 2144/2144/2144
f 2110/2110/2110 2144/2144/2144 2111/2111/2111
f 2111/2111/2111 2144/2144/2144 2145/2145/2145
f 2111/2111/2111 2145/2145/2145 2112/2112/2112
f 2113/2113/2113 2146/2146/2146 2147/2147/2147
f 2113/2113/2113 2147/2147/2147 2114/2114/2114
f 2114/2114/2114 2147/2147/2147 2148/2148/2148
f 2114/2114/2114 2148/2148/2148 2115/2115/2115
f 2115/2115/2115 2148/2148/2148 2149/2149/2149
f 2115/2115/2115 2149/2149/2149 2116/2116/2116
f 2116/2116/2116 2149/2149/2149 2150/2150/2150
f 2116/2116/2116 2150/2150/2150 2117/2117/2117
f 2117/2117/2117 2150/2150/2150 2151/2151/2151
f 2117/2117/2117 2151/2151/2151 2118/2118/2118
f 2118/2118/2118 2151/2151/2151 2152/2152/2152
f 2118/2118/2118 2152/2152/2152 2119/2119/2119
f 2119/2119/2119 2152/2152/2152 2153/2153/2153
f 2119/2119/2119 2153/2153/2153 2120/2120/2120
f 2120/2120/2120 2153/2153/2153 2154/2154/2154
f 2120/2120/2120 2154/2154/2154 2121/2121/2121
f 2121/2121/2121 2154/2154/2154 2155/2155/2155
f 2121/2121/2121 2155/2155/2155 2122/2122/2122
f 2122/2122/2122 2155/2155/2155 2156/2156/2156
f 2122/2122/2122 2156/2156/2156 2123/2123/2123
f 2123/2123/2123 2156/2156/2156 2157/2157/2157
f 2123/2123/2123 2157/2157/2157 2124/2124/2124
f 2124/2124/2124 2157/2157/2157 2158/2158/2158
f 2124/2124/2124 2158/2158/2158 2125/2125/2125
f 2125/2125/2125 2158/2158/2158 2159/2159/2159
f 2125/2125/2125 2159/2159/2159 2126/2126/2126
f 2126/2126/2126 2159/2159/2159 2160/2160/2160
f 2126/2126/2126 2160/2160/2160 2127/2127/2127
f 2127/2127/2127 2160/2160/2160 2161/2161/2161
f 2127/2127/2127 2161/2161/2161 2128/2128/2128
f 2128/2128/2128 2161/2161/2161 2162/2162/2162
f 2128/2128/2128 2162/2162/2162 2129/2129/2129
f 2129/2129/2129 2162/2162/2162 2163/2163/2163
f 2129/2129/2129 2163/2163/2163 2130/2130/2130
f 2130/2130/2130 2163/2163/2163 2164/2164/2164
f 2130/2130/2130 2164/2164/2164 2131/2131/2131
f 2131/2131/2131 2164/2164/2164 2165/2165/2165
f 2131/2131/2131 2165/2165/2165 2132/2132/2132
f 2132/2132/2132 2165/2165/2165 2166/2166/2166
f 2132/2132/2132 2166/2166/2166 2133/2133/2133
f 2133/2133/2133 2166/2166/2166 2167/2167/2167
f 2133/2133/2133 2167/2167/2167 2134/2134/2134
f 2134/2134/2134 2167/2167/2167 2168/2168/2168
f 2134/2134/2134 2168/2168/2168 2135/2135/2135
f 2135/2135/2135 2168/2168/2168 2169/2169/2169
f 2135/2135/2135 2169/2169/2169 2136/2136/2136
f 2136/2136/2136 2169/2169/2169 2170/2170/2170
f 2136/2136/2136 2170/2170/2170 2137/2137/2137
f 2137/2137/2137 2170/2170/2170 2171/2171/2171
f 2137/2137/2137 2171/2171/2171 2138/2138/2138
f 2138/2138/2138 2171/2171/2171 2172/2172/2172
f 2138/2138/2138 2172/2172/2172 2139/2139/2139
f 2139/2139/2139 2172/2172/2172 2173/2173/2173
f 2139/2139/2139 2173/2173/2173 2140/2140/2140
f 2140/2140/2140 2173/2173/2173 2174/2174/2174
f 2140/2140/2140 2174/2174/2174 2141/2141/2141
f 2141/2141/2141 2174/2174/2174 2175/2175/2175
f 2141/2141/2141 2175/2175/2175 2142/2142/2142
f 2142/2142/2142 2175/2175/2175 2176/2176/2176
f 2142/2142/2142 2176/2176/2176 2143/2143/2143
f 2143/2143/2143 2176/2176/2176 2177/2177/2177
f 2143/2143/2143 2177/2177/2177 2144/2144/2144
f 2144/2144/2144 2177/2177/2177 2178/2178/2178
f 2144/2144/2144 2178/2178/2178 2145/2145/2145
f 2146/2146/2146 2179/2179/2179 2180/2180/2180
f 2146/2146/2146 2180/2180/2180 2147/2147/2147
f 2147/2147/2147 2180/2180/2180 2181/2181/2181
f 2147/2147/2147 2181/2181/2181 2148/2148/2148
f 2148/2148/2148 2181/2181/2181 2182/2182/2182
f 2148/2148/2148 2182/2182/2182 2149/2149/2149
f 2149/2149/2149 2182/2182/2182 2183/2183/2183
f 2149/2149/2149 2183/2183/2183 2150/2150/2150
f 2150/2150/2150 2183/2183/2183 2184/2184/2184
f 2150/2150/2150 2184/2184/2184 2151/2151/2151
f 2151/2151/2151 2184/2184/2184 2185/2185/2185
f 2151/2151/2151 2185/2185/2185 2152/2152/2152
f 2152/2152/2152 2185/2185/2185 2186/2186/2186
f 2152/2152/2152 2186/2186/2186 2153/2153/2153
f 2153/2153/2153 2186/2186/2186 2187/2187/2187
f 2153/2153/2153 2187/2187/2187 2154/2154/2154
f 2154/2154/2154 2187/2187/2187 2188/2188/2188
f 2154/2154/2154 2188/2188/2188 2155/2155/2155
f 2155/2155/2155 2188/2188/2188 2189/2189/2189
f 2155/2155/2155 2189/2189/2189 2156/2156/2156
f 2156/2156/2156 2189/2189/2189 2190/2190/2190
f 2156/2156/2156 2190/2190/2190 2157/2157/2157
f 2157/2157/2157 2190/2190/2190 2191/2191/2191
f 2157/2157/2157 2191/2191/2191 2158/2158/2158
f 2158/2158/2158 2191/2191/2191 2192/2192/2192
f 2158/2158/2158 2192/2192/2192 2159/2159/2159
f 2159/2159/2159 2192/2192/2192 2193/2193/2193
f 2159/2159/2159 2193/2193/2193 2160/2160/2160
f 2160/2160/2160 2193/2193/2193 2194/2194/2194
f 2160/2160/2160 2194/2194/2194 2161/2161/2161
f 2161/2161/2161 2194/2194/2194 2195/2195/2195
f 2161/2161/2161 2195/2195/2195 2162/2162/2162
f 2162/2162/2162 2195/2195/2195 2196/2196/2196
f 2162/2162/2162 2196/2196/2196 2163/2163/2163
f 2163/2163/2163 2196/2196/2196 2197/2197/2197
f 2163/2163/2163 2197/2197/2197 2164/2164/2164
f 2164/2164/2164 2197/2197/2197 2198/2198/2198
f 2164/2164/2164 2198/2198/2198 2165/2165/2165
f 2165/2165/2165 2198/2198/2198 2199/2199/2199
f 2165/2165/2165 2199/2199/2199 2166/2166/2166
f 2166/2166/2166 2199/2199/2199 2200/2200/2200
f 2166/2166/2166 2200/2200/2200 2167/2167/2167
f 2167/2167/2167 2200/2200/2200 2201/2201/2201
f 2167/2167/2167 2201/2201/2201 2168/2168/2168
f 2168/2168/2168 2201/2201/2201 2202/2202/2202
f 2168/2168/2168 2202/2202/2202 2169/2169/2169
f 2169/2169/2169 2202/2202/2202 2203/2203/2203
f 2169/2169/2169 2203/2203/2203 2170/2170/2170
f 2170/2170/2170 2203/2203/2203 2204/2204/2204
f 2170/2170/2170 2204/2204/2204 2171/2171/2171
f 2171/2171/2171 2204/2204/2204 2205/2205/2205
f 2171/2171/2171 2205/2205/2205 2172/2172/2172
f 2172/2172/2172 2205/2205/2205 2206/2206/2206
f 2172/2172/2172 2206/2206/2206 2173/2173/2173
f 2173/2173/2173 2206/2206/2206 2207/2207/2207
f 2173/2173/2173 2207/2207/2207 2174/2174/2174
f 2174/2174/2174 2207/2207/2207 2208/2208/2208
f 2174/2174/2174 2208/2208/2208 2175/2175/2175
f 2175/2175/2175 2208/2208/2208 2209/2209/2209
f 2175/2175/2175 2209/2209/2209 2176/2176/2176
f 2176/2176/2176 2209/2209/2209 2210/2210/2210
f 2176/2176/2176 2210/2210/2210 2177/2177/2177
f 2177/2177/2177 2210/2210/2210 2211/2211/2211
f 2177/2177/2177 2211/2211/2211 2178/2178/2178
f 2179/2179/2179 2212/2212/2212 2213/2213/2213
f 2179/2179/2179 2213/2213/2213 2180/2180/2180
f 2180/2180/2180 2213/2213/2213 2214/2214/2214
f 2180/2180/2180 2214/2214/2214 2181/2181/2181
f 2181/2181/2181 2214/2214/2214 2215/2215/2215
f 2181/2181/2181 2215/2215/2215 2182/2182/2182
f 2182/2182/2182 2215/2215/2215 2216/2216/2216
f 2182/2182/2182 2216/2216/2216 2183/2183/2183
f 2183/2183/2183 2216/2216/2216 2217/2217/2217
f 2183/2183/2183 2217/2217/2217 2184/2184/2184
f 2184/2184/2184 2217/2217/2217 2218/2218/2218
f 2184/2184/2184 2218/2218/2218 2185/2185/2185
f 2185/2185/2185 2218/2218/2218 2219/2219/2219
f 2185/2185/2185 2219/2219/2219 2186/2186/2186
f 2186/2186/2186 2219/2219/2219 2220/2220/2220
f 2186/2186/2186 2220/2220/2220 2187/2187/2187
f 2187/2187/2187 2220/2220/2220 2221/2221/2221
f 2187/2187/2187 2221/2221/2221 2188/2188/2188
f 2188/2188/2188 2221/2221/2221 2222/2222/2222
f 2188/2188/2188 2222/2222/2222 2189/2189/2189
f 2189/2189/2189 2222/2222/2222 2223/2223/2223
f 2189/2189/2189 2223/2223/2223 2190/2190/2190
f 2190/2190/2190 2223/2223/2223 2224/2224/2224
f 2190/2190/2190 2224/2224/2224 2191/2191/2191
f 2191/2191/2191 2224/2224/2224 2225/2225/2225
f 2191/2191/2191 2225/2225/2225 2192/2192/2192
f 2192/2192/2192 2225/2225/2225 2226/2226/2226
f 2192/2192/2192 2226/2226/2226 2193/2193/2193
f 2193/2193/2193 2226/2226/2226 2227/2227/2227
f 2193/2193/2193 2227/2227/2227 2194/2194/2194
f 2194/2194/2194 2227/2227/2227 2228/2228/2228
f 2194/2194/2194 2228/2228/2228 2195/2195/2195
f 2195/2195/2195 2228/2228/2228 2229/2229/2229
f 2195/2195/2195 2229/2229/2229 2196/2196/2196
f 2196/2196/2196 2229/2229/2229 2230/2230/2230
f 2196/2196/2196 2230/2230/2230 2197/2197/2197
f 2197/2197/2197 2230/2230/2230 2231/2231/2231
f 2197/2197/2197 2231/2231/2231 2198/2198/2198
f 2198/2198/2198 2231/2231/2231 2232/2232/2232
f 2198/2198/2198 2232/2232/2232 2199/2199/2199
f 2199/2199/2199 2232/2232/2232 2233/2233/2233
f 2199/2199/2199 2233/2233/2233 2200/2200/2200
f 2200/2200/2200 2233/2233/2233 2234/2234/2234
f 2200/2200/2200 2234/2234/2234 2201/2201/2201
f 2201/2201/2201 2234/2234/2234 2235/2235/2235
f 2201/2201/2201 2235/2235/2235 2202/2202/2202
f 2202/2202/2202 2235/2235/2235 2236/2236/2236
f 2202/2202/2202 2236/2236/2236 2203/2203/2203
f 2203/2203/2203 2236/2236/2236 2237/2237/2237
f 2203/2203/2203 2237/2237/2237 2204/2204/2204
f 2204/2204/2204 2237/2237/2237 2238/2238/2238
f 2204/2204/2204 2238/2238/2238 2205/2205/2205
f 2205/2205/2205 2238/2238/2238 2239/2239/2239
f 2205/2205/2205 2239/2239/2239 2206/2206/2206
f 2206/2206/2206 2239/2239/2239 2240/2240/2240
f 2206/2206/2206 2240/2240/2240 2207/2207/2207
f 2207/2207/2207 2240/2240/2240 2241/2241/2241
f 2207/2207/2207 2241/2241/2241 2208/2208/2208
f 2208/2208/2208 2241/2241/2241 2242/2242/2242
f 2208/2208/2208 2242/2242/2242 2209/2209/2209
f 2209/2209/2209 2242/2242/2242 2243/2243/2243
f 2209/2209/2209 2243/2243/2243 2210/2210/2210
f 2210/2210/2210 2243/2243/2243 2244/2244/2244
f 2210/2210/2210 2244/2244/2244 2211/2211/2211
f 2212/2212/2212 2245/2245/2245 2246/2246/2246
f 2212/2212/2212 2246/2246/2246 2213/2213/2213
f 2213/2213/2213 2246/2246/2246 2247/2247/2247
f 2213/2213/2213 2247/2247/2247 2214/2214/2214
f 2214/2214/2214 2247/2247/2247 2248/2248/2248
f 2214/2214/2214 2248/2248/2248 2215/2215/2215
f 2215/2215/2215 2248/2248/2248 2249/2249/2249
f 2215/2215/2215 2249/2249/2249 2216/2216/2216
f 2216/2216/2216 2249/2249/2249 2250/2250/2250
f 2216/2216/2216 2250/2250/2250 2217/2217/2217
f 2217/2217/2217 2250/2250/2250 2251/2251/2251
f 2217/2217/2217 2251/2251/2251 2218/2218/2218
f 2218/2218/2218 2251/2251/2251 2252/2252/2252
f 2218/2218/2218 2252/2252/2252 2219/2219/2219
f 2219/2219/2219 2252/2252/2252 2253/2253/2253
f 2219/2219/2219 2253/2253/2253 2220/2220/2220
f 2220/2220/2220 2253/2253/2253 2254/2254/2254
f 2220/2220/2220 2254/2254/2254 2221/2221/2221
f 2221/2221/2221 2254/2254/2254 2255/2255/2255
f 2221/2221/2221 2255/2255/2255 2222/2222/2222
f 2222/2222/2222 2255/2255/2255 2256/2256/2256
f 2222/2222/2222 2256/2256/2256 2223/2223/2223
f 2223/2223/2223 2256/2256/2256 2257/2257/2257
f 2223/2223/2223 2257/2257/2257 2224/2224/2224
f 2224/2224/2224 2257/2257/2257 2258/2258/2258
f 2224/2224/2224 2258/2258/2258 2225/2225/2225
f 2225/2225/2225 2258/2258/2258 2259/2259/2259
f 2225/2225/2225 2259/2259/2259 2226/2226/2226
f 2226/2226/2226 2259/2259/2259 2260/2260/2260
f 2226/2226/2226 2260/2260/2260 2227/2227/2227
f 2227/2227/2227 2260/2260/2260 2261/2261/2261
f 2227/2227/2227 2261/2261/2261 2228/2228/2228
f 2228/2228/2228 2261/2261/2261 2262/2262/2262
f 2228/2228/2228 2262/2262/2262 2229/2229/2229
f 2229/2229/2229 2262/2262/2262 2263/2263/2263
f 2229/2229/2229 2263/2263/2263 2230/2230/2230
f 2230/2230/2230 2263/2263/2263 2264/2264/2264
f 2230/2230/2230 2264/2264/2264 2231/2231/2231
f 2231/2231/2231 2264/2264/2264 2265/2265/2265
f 2231/2231/2231 2265/2265/2265 2232/2232/2232
f 2232/2232/2232 2265/2265/2265 2266/2266/2266
f 2232/2232/2232 2266/2266/2266 2233/2233/2233
f 2233/2233/2233 2266/2266/2266 2267/2267/2267
f 2233/2233/2233 2267/2267/2267 2234/2234/2234
f 2234/2234/2234 2267/2267/2267 2268/2268/2268
f 2234/2234/2234 2268/2268/2268 2235/2235/2235
f 2235/2235/2235 2268/2268/2268 2269/2269/2269
f 2235/2235/2235 2269/2269/2269 2236/2236/2236
f 2236/2236/2236 2269/2269/2269 2270/2270/2270
f 2236/2236/2236 2270/2270/2270 2237/2237/2237
f 2237/2237/2237 2270/2270/2270 2271/2271/2271
f 2237/2237/2237 2271/2271/2271 2238/2238/2238
f 2238/2238/2238 2271/2271/2271 2272/2272/2272
f 2238/2238/2238 2272/2272/2272 2239/2239/2239
f 2239/2239/2239 2272/2272/2272 2273/2273/2273
f 2239/2239/2239 2273/2273/2273 2240/2240/2240
f 2240/2240/2240 2273/2273/2273 2274/2274/2274
f 2240/2240/2240 2274/2274/2274 2241/2241/2241
f 2241/2241/2241 2274/2274/2274 2275/2275/2275
f 2241/2241/2241 2275/2275/2275 2242/2242/2242
f 2242/2242/2242 2275/2275/2275 2276/2276/2276
f 2242/2242/2242 2276/2276/2276 2243/2243/2243
f 2243/2243/2243 2276/2276/2276 2277/2277/2277
f 2243/2243/2243 2277/2277/2277 2244/2244/2244
f 2245/2245/2245 2278/2278/2278 2279/2279/2279
f 2245/2245/2245 2279/2279/2279 2246/2246/2246
f 2246/2246/2246 2279/2279/2279 2280/2280/2280
f 2246/2246/2246 2280/2280/2280 2247/2247/2247
f 2247/2247/2247 2280/2280/2280 2281/2281/2281
f 2247/2247/2247 2281/2281/2281 2248/2248/2248
f 2248/2248/2248 2281/2281/2281 2282/2282/2282
f 2248/2248/2248 2282/2282/2282 2249/2249/2249
f 2249/2249/2249 2282/2282/2282 2283/2283/2283
f 2249/2249/2249 2283/2283/2283 2250/2250/2250
f 2250/2250/2250 2283/2283/2283 2284/2284/2284
f 2250/2250/2250 2284/2284/2284 2251/2251/2251
f 2251/2251/2251 2284/2284/2284 2285/2285/2285
f 2251/2251/2251 2285/2285/2285 2252/2252/2252
f 2252/2252/2252 2285/2285/2285 2286/2286/2286
f 2252/2252/2252 2286/2286/2286 2253/2253/2253
f 2253/2253/2253 2286/2286/2286 2287/2287/2287
f 2253/2253/2253 2287/2287/2287 2254/2254/2254
f 2254/2254/2254 2287/2287/2287 2288/2288/2288
f 2254/2254/2254 2288/2288/2288 2255/2255/2255
f 2255/2255/2255 2288/2288/2288 2289/2289/2289
f 2255/2255/2255 2289/2289/2289 2256/2256/2256
f 2256/2256/2256 2289/2289/2289 2290/2290/2290
f 2256/2256/2256 2290/2290/2290 2257/2257/2257
f 2257/2257/2257 2290/2290/2290 2291/2291/2291
f 2257/2257/2257 2291/2291/2291 2258/2258/2258
f 2258/2258/2258 2291/2291/2291 2292/2292/2292
f 2258/2258/2258 2292/2292/2292 2259/2259/2259
f 2259/2259/2259 2292/2292/2292 2293/2293/2293
f 2259/2259/2259 2293/2293/2293 2260/2260/2260
f 2260/2260/2260 2293/2293/2293 2294/2294/2294
f 2260/2260/2260 2294/2294/2294 2261/2261/2261
f 2261/2261/2261 2294/2294/2294 2295/2295/2295
f 2261/2261/2261 2295/2295/2295 2262/2262/2262
f 2262/2262/2262 2295/2295/2295 2296/2296/2296
f 2262/2262/2262 2296/2296/2296 2263/2263/2263
f 2263/2263/2263 2296/2296/2296 2297/2297/2297
f 2263/2263/2263 2297/2297/2297 2264/2264/2264
f 2264/2264/2264 2297/2297/2297 2298/2298/2298
f 2264/2264/2264 2298/2298/2298 2265/2265/2265
f 2265/2265/2265 2298/2298/2298 2299/2299/2299
f 2265/2265/2265 2299/2299/2299 2266/2266/2266
f 2266/2266/2266 2299/2299/2299 2300/2300/2300
f 2266/2266/2266 2300/2300/2300 2267/2267/2267
f 2267/2267/2267 2300/2300/2300 2301/2301/2301
f 2267/2267/2267 2301/2301/2301 2268/2268/2268
f 2268/2268/2268 2301/2301/2301 2302/2302/2302
f 2268/2268/2268 2302/2302/2302 2269/2269/2269
f 2269/2269/2269 2302/2302/2302 2303/2303/2303
f 2269/2269/2269 2303/2303/2303 2270/2270/2270
f 2270/2270/2270 2303/2303/2303 2304/2304/2304
f 2270/2270/2270 2304/2304/2304 2271/2271/2271
f 2271/2271/2271 2304/2304/2304 2305/2305/2305
f 2271/2271/2271 2305/2305/2305 2272/2272/2272
f 2272/2272/2272 2305/2305/2305 2306/2306/2306
f 2272/2272/2272 2306/2306/2306 2273/2273/2273
f 2273/2273/2273 2306/2306/2306 2307/2307/2307
f 2273/2273/2273 2307/2307/2307 2274/2274/2274
f 2274/2274/2274 2307/2307/2307 2308/2308/2308
f 2274/2274/2274 2308/2308/2308 2275/2275/2275
f 2275/2275/2275 2308/2308/2308 2309/2309/2309
f 2275/2275/2275 2309/2309/2309 2276/2276/2276
f 2276/2276/2276 2309/2309/2309 2310/2310/2310
f 2276/2276/2276 2310/2310/2310 2277/2277/2277
f 2278/2278/2278 2311/2311/2311 2312/2312/2312
f 2278/2278/2278 2312/2312/2312 2279/2279/2279
f 2279/2279/2279 2312/2312/2312 2313/2313/2313
f 2279/2279/2279 2313/2313/2313 2280/2280/2280
f 2280/2280/2280 2313/2313/2313 2314/2314/2314
f 2280/2280/2280 2314/2314/2314 2281/2281/2281
f 2281/2281/2281 2314/2314/2314 2315/2315/2315
f 2281/2281/2281 2315/2315/2315 2282/2282/2282
f 2282/2282/2282 2315/2315/2315 2316/2316/2316
f 2282/2282/2282 2316/2316/2316 2283/2283/2283
f 2283/2283/2283 2316/2316/2316 2317/2317/2317
f 2283/2283/2283 2317/2317/2317 2284/2284/2284
f 2284/2284/2284 2317/2317/2317 2318/2318/2318
f 2284/2284/2284 2318/2318/2318 2285/2285/2285
f 2285/2285/2285 2318/2318/2318 2319/2319/2319
f 2285/2285/2285 2319/2319/2319 2286/2286/2286
f 2286/2286/2286 2319/2319/2319 2320/2320/2320
f 2286/2286/2286 2320/2320/2320 2287/2287/2287
f 2287/2287/2287 2320/2320/2320 2321/2321/2321
f 2287/2287/2287 2321/2321/2321 2288/2288/2288
f 2288/2288/2288 2321/2321/2321 2322/2322/2322
f 2288/2288/2288 2322/2322/2322 2289/2289/2289
f 2289/2289/2289 2322/2322/2322 2323/2323/2323
f 2289/2289/2289 2323/2323/2323 2290/2290/2290
f 2290/2290/2290 2323/2323/2323 2324/2324/2324
f 2290/2290/2290 2324/2324/2324 2291/2291/2291
f 2291/2291/2291 2324/2324/2324 2325/2325/2325
f 2291/2291/2291 2325/2325/2325 2292/2292/2292
f 2292/2292/2292 2325/2325/2325 2326/2326/2326
f 2292/2292/2292 2326/2326/2326 2293/2293/2293
f 2293/2293/2293 2326/2326/2326 2327/2327/2327
f 2293/2293/2293 2327/2327/2327 2294/2294/2294
f 2294/2294/2294 2327/2327/2327 2328/2328/2328
f 2294/2294/2294 2328/2328/2328 2295/2295/2295
f 2295/2295/2295 2328/2328/2328 2329/2329/2329
f 2295/2295/2295 2329/2329/2329 2296/2296/2296
f 2296/2296/2296 2329/2329/2329 2330/2330/2330
f 2296/2296/2296 2330/2330/2330 2297/2297/2297
f 2297/2297/2297 2330/2330/2330 2331/2331/2331
f 2297/2297/2297 2331/2331/2331 2298/2298/2298
f 2298/2298/2298 2331/2331/2331 2332/2332/2332
f 2298/2298/2298 2332/2332/2332 2299/2299/2299
f 2299/2299/2299 2332/2332/2332 2333/2333/2333
f 2299/2299/2299 2333/2333/2333 2300/2300/2300
f 2300/2300/2300 2333/2333/2333 2334/2334/2334
f 2300/2300/2300 2334/2334/2334 2301/2301/2301
f 2301/2301/2301 2334/2334/2334 2335/2335/2335
f 2301/2301/2301 2335/2335/2335 2302/2302/2302
f 2302/2302/2302 2335/2335/2335 2336/2336/2336
f 2302/2302/2302 2336/2336/2336 2303/2303/2303
f 2303/2303/2303 2336/2336/2336 2337/2337/2337
f 2303/2303/2303 2337/2337/2337 2304/2304/2304
f 2304/2304/2304 2337/2337/2337 2338/2338/2338
f 2304/2304/2304 2338/2338/2338 2305/2305/2305
f 2305/2305/2305 2338/2338/2338 2339/2339/2339
f 2305/2305/2305 2339/2339/2339 2306/2306/2306
f 2306/2306/2306 2339/2339/2339 2340/2340/2340
f 2306/2306/2306 2340/2340/2340 2307/2307/2307
f 2307/2307/2307 2340/2340/2340 2341/2341/2341
f 2307/2307/2307 2341/2341/2341 2308/2308/2308
f 2308/2308/2308 2341/2341/2341 2342/2342/2342
f 2308/2308/2308 2342/2342/2342 2309/2309/2309
f 2309/2309/2309 2342/2342/2342 2343/2343/2343
f 2309/2309/2309 2343/2343/2343 2310/2310/2310
f 2311/2311/2311 2344/2344/2344 2345/2345/2345
f 2311/2311/2311 2345/2345/2345 2312/2312/2312
f 2312/2312/2312 2345/2345/2345 2346/2346/2346
f 2312/2312/2312 2346/2346/2346 2313/2313/2313
f 2313/2313/2313 2346/2346/2346 2347/2347/2347
f 2313/2313/2313 2347/2347/2347 2314/2314/2314
f 2314/2314/2314 2347/2347/2347 2348/2348/2348
f 2314/2314/2314 2348/2348/2348 2315/2315/2315
f 2315/2315/2315 2348/2348/2348 2349/2349/2349
f 2315/2315/2315 2349/2349/2349 2316/2316/2316
f 2316/2316/2316 2349/2349/2349 2350/2350/2350
f 2316/2316/2316 2350/2350/2350 2317/2317/2317
f 2317/2317/2317 2350/2350/2350 2351/2351/2351
f 2317/2317/2317 2351/2351/2351 2318/2318/2318
f 2318/2318/2318 2351/2351/2351 2352/2352/2352
f 2318/2318/2318 2352/2352/2352 2319/2319/2319
f 2319/2319/2319 2352/2352/2352 2353/2353/2353
f 2319/2319/2319 2353/2353/2353 2320/2320/2320
f 2320/2320/2320 2353/2353/2353 2354/2354/2354
f 2320/2320/2320 2354/2354/2354 2321/2321/2321
f 2321/2321/2321 2354/2354/2354 2355/2355/2355
f 2321/2321/2321 2355/2355/2355 2322/2322/2322
f 2322/2322/2322 2355/2355/2355 2356/2356/2356
f 2322/2322/2322 2356/2356/2356 2323/2323/2323
f 2323/2323/2323 2356/2356/2356 2357/2357/2357
f 2323/2323/2323 2357/2357/2357 2324/2324/2324
f 2324/2324/2324 2357/2357/2357 2358/2358/2358
f 2324/2324/2324 2358/2358/2358 2325/2325/2325
f 2325/2325/2325 2358/2358/2358 2359/2359/2359
f 2325/2325/2325 2359/2359/2359 2326/2326/2326
f 2326/2326/2326 2359/2359/2359 2360/2360/2360
f 2326/2326/2326 2360/2360/2360 2327/2327/2327
f 2327/2327/2327 2360/2360/2360 2361/2361/2361
f 2327/2327/2327 2361/2361/2361 2328/2328/2328
f 2328/2328/2328 2361/2361/2361 2362/2362/2362
f 2328/2328/2328 2362/2362/2362 2329/2329/2329
f 2329/2329/2329 2362/2362/2362 2363/2363/2363
f 2329/2329/2329 2363/2363/2363 2330/2330/2330
f 2330/2330/2330 2363/2363/2363 2364/2364/2364
f 2330/2330/2330 2364/2364/2364 2331/2331/2331
f 2331/2331/2331 2364/2364/2364 2365/2365/2365
f 2331/2331/2331 2365/2365/2365 2332/2332/2332
f 2332/2332/2332 2365/2365/2365 2366/2366/2366
f 2332/2332/2332 2366/2366/2366 2333/2333/2333
f 2333/2333/2333 2366/2366/2366 2367/2367/2367
f 2333/2333/2333 2367/2367/2367 2334/2334/2334
f 2334/2334/2334 2367/2367/2367 2368/2368/2368
f 2334/2334/2334 2368/2368/2368 2335/2335/2335
f 2335/2335/2335 2368/2368/2368 2369/2369/2369
f 2335/2335/2335 2369/2369/2369 2336/2336/2336
f 2336/2336/2336 2369/2369/2369 2370/2370/2370
f 2336/2336/2336 2370/2370/2370 2337/2337/2337
f 2337/2337/2337 2370/2370/2370 2371/2371/2371
f 2337/2337/2337 2371/2371/2371 2338/2338/2338
f 2338/2338/2338 2371/2371/2371 2372/2372/2372
f 2338/2338/2338 2372/2372/2372 2339/2339/2339
f 2339/2339/2339 2372/2372/2372 2373/2373/2373
f 2339/2339/2339 2373/2373/2373 2340/2340/2340
f 2340/2340/2340 2373/2373/2373 2374/2374/2374
f 2340/2340/2340 2374/2374/2374 2341/2341/2341
f 2341/2341/2341 2374/2374/2374 2375/2375/2375
f 2341/2341/2341 2375/2375/2375 2342/2342/2342
f 2342/2342/2342 2375/2375/2375 2376/2376/2376
f 2342/2342/2342 2376/2376/2376 2343/2343/2343
f 2344/2344/2344 2377/2377/2377 2378/2378/2378
f 2344/2344/2344 2378/2378/2378 2345/2345/2345
f 2345/2345/2345 2378/2378/2378 2379/2379/2379
f 2345/2345/2345 2379/2379/2379 2346/2346/2346
f 2346/2346/2346 2379/2379/2379 2380/2380/2380
f 2346/2346/2346 2380/2380/2380 2347/2347/2347
f 2347/2347/2347 2380/2380/2380 2381/2381/2381
f 2347/2347/2347 2381/2381/2381 2348/2348/2348
f 2348/2348/2348 2381/2381/2381 2382/2382/2382
f 2348/2348/2348 2382/2382/2382 2349/2349/2349
f 2349/2349/2349 2382/2382/2382 2383/2383/2383
f 2349/2349/2349 2383/2383/2383 2350/2350/2350
f 2350/2350/2350 2383/2383/2383 2384/2384/2384
f 2350/2350/2350 2384/2384/2384 2351/2351/2351
f 2351/2351/2351 2384/2384/2384 2385/2385/2385
f 2351/2351/2351 2385/2385/2385 2352/2352/2352
f 2352/2352/2352 2385/2385/2385 2386/2386/2386
f 2352/2352/2352 2386/2386/2386 2353/2353/2353
f 2353/2353/2353 2386/2386/2386 2387/2387/2387
f 2353/2353/2353 2387/2387/2387 2354/2354/2354
f 2354/2354/2354 2387/2387/2387 2388/2388/2388
f 2354/2354/2354 2388/2388/2388 2355/2355/2355
f 2355/2355/2355 2388/2388/2388 2389/2389/2389
f 2355/2355/2355 2389/2389/2389 2356/2356/2356
f 2356/2356/2356 2389/2389/2389 2390/2390/2390
f 2356/2356/2356 2390/2390/2390 2357/2357/2357
f 2357/2357/2357 2390/2390/2390 2391/2391/2391
f 2357/2357/2357 2391/2391/2391 2358/2358/2358
f 2358/2358/2358 2391/2391/2391 2392/2392/2392
f 2358/2358/2358 2392/2392/2392 2359/2359/2359
f 2359/2359/2359 2392/2392/2392 2393/2393/2393
f 2359/2359/2359 2393/2393/2393 2360/2360/2360
f 2360/2360/2360 2393/2393/2393 2394/2394/2394
f 2360/2360/2360 2394/2394/2394 2361/2361/2361
f 2361/2361/2361 2394/2394/2394 2395/2395/2395
f 2361/2361/2361 2395/2395/2395 2362/2362/2362
f 2362/2362/2362 2395/2395/2395 2396/2396/2396
f 2362/2362/2362 2396/2396/2396 2363/2363/2363
f 2363/2363/2363 2396/2396/2396 2397/2397/2397
f 2363/2363/2363 2397/2397/2397 2364/2364/2364
f 2364/2364/2364 2397/2397/2397 2398/2398/2398
f 2364/2364/2364 2398/2398/2398 2365/2365/2365
f 2365/2365/2365 2398/2398/2398 2399/2399/2399
f 2365/2365/2365 2399/2399/2399 2366/2366/2366
f 2366/2366/2366 2399/2399/2399 2400/2400/2400
f 2366/2366/2366 2400/2400/2400 2367/2367/2367
f 2367/2367/2367 2400/2400/2400 2401/2401/2401
f 2367/2367/2367 2401/2401/2401 2368/2368/2368
f 2368/2368/2368 2401/2401/2401 2402/2402/2402
f 2368/2368/2368 2402/2402/2402 2369/2369/2369
f 2369/2369/2369 2402/2402/2402 2403/2403/2403
f 2369/2369/2369 2403/2403/2403 2370/2370/2370
f 2370/2370/2370 2403/2403/2403 2404/2404/2404
f 2370/2370/2370 2404/2404/2404 2371/2371/2371
f 2371/2371/2371 2404/2404/2404 2405/2405/2405
f 2371/2371/2371 2405/2405/2405 2372/2372/2372
f 2372/2372/2372 2405/2405/2405 2406/2406/2406
f 2372/2372/2372 2406/2406/2406 2373/2373/2373
f 2373/2373/2373 2406/2406/2406 2407/2407/2407
f 2373/2373/2373 2407/2407/2407 2374/2374/2374
f 2374/2374/2374 2407/2407/2407 2408/2408/2408
f 2374/2374/2374 2408/2408/2408 2375/2375/2375
f 2375/2375/2375 2408/2408/2408 2409/2409/2409
f 2375/2375/2375 2409/2409/2409 2376/2376/2376
f 2377/2377/2377 2410/2410/2410 2411/2411/2411
f 2377/2377/2377 2411/2411/2411 2378/2378/2378
f 2378/2378/2378 2411/2411/2411 2412/2412/2412
f 2378/2378/2378 2412/2412/2412 2379/2379/2379
f 2379/2379/2379 2412/2412/2412 2413/2413/2413
f 2379/2379/2379 2413/2413/2413 2380/2380/2380
f 2380/2380/2380 2413/2413/2413 2414/2414/2414
f 2380/2380/2380 2414/2414/2414 2381/2381/2381
f 2381/2381/2381 2414/2414/2414 2415/2415/2415
f 2381/2381/2381 2415/2415/2415 2382/2382/2382
f 2382/2382/2382 2415/2415/2415 2416/2416/2416
f 2382/2382/2382 2416/2416/2416 2383/2383/2383
f 2383/2383/2383 2416/2416/2416 2417/2417/2417
f 2383/2383/2383 2417/2417/2417 2384/2384/2384
f 2384/2384/2384 2417/2417/2417 2418/2418/2418
f 2384/2384/2384 2418/2418/2418 2385/2385/2385
f 2385/2385/2385 2418/2418/2418 2419/2419/2419
f 2385/2385/2385 2419/2419/2419 2386/2386/2386
f 2386/2386/2386 2419/2419/2419 2420/2420/2420
f 2386/2386/2386 2420/2420/2420 2387/2387/2387
f 2387/2387/2387 2420/2420/2420 2421/2421/2421
f 2387/2387/2387 2421/2421/2421 2388/2388/2388
f 2388/2388/2388 2421/2421/2421 2422/2422/2422
f 2388/2388/2388 2422/2422/2422 2389/2389/2389
f 2389/2389/2389 2422/2422/2422 2423/2423/2423
f 2389/2389/2389 2423/2423/2423 2390/2390/2390
f 2390/2390/2390 2423/2423/2423 2424/2424/2424
f 2390/2390/2390 2424/2424/2424 2391/2391/2391
f 2391/2391/2391 2424/2424/2424 2425/2425/2425
f 2391/2391/2391 2425/2425/2425 2392/2392/2392
f 2392/2392/2392 2425/2425/2425 2426/2426/2426
f 2392/2392/2392 2426/2426/2426 2393/2393/2393
f 2393/2393/2393 2426/2426/2426 2427/2427/2427
f 2393/2393/2393 2427/2427/2427 2394/2394/2394
f 2394/2394/2394 2427/2427/2427 2428/2428/2428
f 2394/2394/2394 2428/2428/2428 2395/2395/2395
f 2395/2395/2395 2428/2428/2428 2429/2429/2429
f 2395/2395/2395 2429/2429/2429 2396/2396/2396
f 2396/2396/2396 2429/2429/2429 2430/2430/2430
f 2396/2396/2396 2430/2430/2430 2397/2397/2397
f 2397/2397/2397 2430/2430/2430 2431/2431/2431
f 2397/2397/2397 2431/2431/2431 2398/2398/2398
f 2398/2398/2398 2431/2431/2431 2432/2432/2432
f 2398/2398/2398 2432/2432/2432 2399/2399/2399
f 2399/2399/2399 2432/2432/2432 2433/2433/2433
f 2399/2399/2399 2433/2433/2433 2400/2400/2400
f 2400/2400/2400 2433/2433/2433 2434/2434/2434
f 2400/2400/2400 2434/2434/2434 2401/2401/2401
f 2401/2401/2401 2434/2434/2434 2435/2435/2435
f 2401/2401/2401 2435/2435/2435 2402/2402/2402
f 2402/2402/2402 2435/2435/2435 2436/2436/2436
f 2402/2402/2402 2436/2436/2436 2403/2403/2403
f 2403/2403/2403 2436/2436/2436 2437/2437/2437
f 2403/2403/2403 2437/2437/2437 2404/2404/2404
f 2404/2404/2404 2437/2437/2437 2438/2438/2438
f 2404/2404/2404 2438/2438/2438 2405/2405/2405
f 2405/2405/2405 2438/2438/2438 2439/2439/2439
f 2405/2405/2405 2439/2439/2439 2406/2406/2406
f 2406/2406/2406 2439/2439/2439 2440/2440/2440
f 2406/2406/2406 2440/2440/2440 2407/2407/2407
f 2407/2407/2407 2440/2440/2440 2441/2441/2441
f 2407/2407/2407 2441/2441/2441 2408/2408/2408
f 2408/2408/2408 2441/2441/2441 2442/2442/2442
f 2408/2408/2408 2442/2442/2442 2409/2409/2409
f 2410/2410/2410 2443/2443/2443 2444/2444/2444
f 2410/2410/2410 2444/2444/2444 2411/2411/2411
f 2411/2411/2411 2444/2444/2444 2445/2445/2445
f 2411/2411/2411 2445/2445/2445 2412/2412/2412
f 2412/2412/2412 2445/2445/2445 2446/2446/2446
f 2412/2412/2412 2446/2446/2446 2413/2413/2413
f 2413/2413/2413 2446/2446/2446 2447/2447/2447
f 2413/2413/2413 2447/2447/2447 2414/2414/2414
f 2414/2414/2414 2447/2447/2447 2448/2448/2448
f 2414/2414/2414 2448/2448/2448 2415/2415/2415
f 2415/2415/2415 2448/2448/2448 2449/2449/2449
f 2415/2415/2415 2449/2449/2449 2416/2416/2416
f 2416/2416/2416 2449/2449/2449 2450/2450/2450
f 2416/2416/2416 2450/2450/2450 2417/2417/2417
f 2417/2417/2417 2450/2450/2450 2451/2451/2451
f 2417/2417/2417 2451/2451/2451 2418/2418/2418
f 2418/2418/2418 2451/2451/2451 2452/2452/2452
f 2418/2418/2418 2452/2452/2452 2419/2419/2419
f 2419/2419/2419 2452/2452/2452 2453/2453/2453
f 2419/2419/2419 2453/2453/2453 2420/2420/2420
f 2420/2420/2420 2453/2453/2453 2454/2454/2454
f 2420/2420/2420 2454/2454/2454 2421/2421/2421
f 2421/2421/2421 2454/2454/2454 2455/2455/2455
f 2421/2421/2421 2455/2455/2455 2422/2422/2422
f 2422/2422/2422 2455/2455/2455 2456/2456/2456
f 2422/2422/2422 2456/2456/2456 2423/2423/2423
f 2423/2423/2423 2456/2456/2456 2457/2457/2457
f 2423/2423/2423 2457/2457/2457 2424/2424/2424
f 2424/2424/2424 2457/2457/2457 2458/2458/2458
f 2424/2424/2424 2458/2458/2458 2425/2425/2425
f 2425/2425/2425 2458/2458/2458 2459/2459/2459
f 2425/2425/2425 2459/2459/2459 2426/2426/2426
f 2426/2426/2426 2459/2459/2459 2460/2460/2460
f 2426/2426/2426 2460/2460/2460 2427/2427/2427
f 2427/2427/2427 2460/2460/2460 2461/2461/2461
f 2427/2427/2427 2461/2461/2461 2428/2428/2428
f 2428/2428/2428 2461/2461/2461 2462/2462/2462
f 2428/2428/2428 2462/2462/2462 2429/2429/2429
f 2429/2429/2429 2462/2462/2462 2463/2463/2463
f 2429/2429/2429 2463/2463/2463 2430/2430/2430
f 2430/2430/2430 2463/2463/2463 2464/2464/2464
f 2430/2430/2430 2464/2464/2464 2431/2431/2431
f 2431/2431/2431 2464/2464/2464 2465/2465/2465
f 2431/2431/2431 2465/2465/2465 2432/2432/2432
f 2432/2432/2432 2465/2465/2465 2466/2466/2466
f 2432/2432/2432 2466/2466/2466 2433/2433/2433
f 2433/2433/2433 2466/2466/2466 2467/2467/2467
f 2433/2433/2433 2467/2467/2467 2434/2434/2434
f 2434/2434/2434 2467/2467/2467 2468/2468/2468
f 2434/2434/2434 2468/2468/2468 2435/2435/2435
f 2435/2435/2435 2468/2468/2468 2469/2469/2469
f 2435/2435/2435 2469/2469/2469 2436/2436/2436
f 2436/2436/2436 2469/2469/2469 2470/2470/2470
f 2436/2436/2436 2470/2470/2470 2437/2437/2437
f 2437/2437/2437 2470/2470/2470 2471/2471/2471
f 2437/2437/2437 2471/2471/2471 2438/2438/2438
f 2438/2438/2438 2471/2471/2471 2472/2472/2472
f 2438/2438/2438 2472/2472/2472 2439/2439/2439
f 2439/2439/2439 2472/2472/2472 2473/2473/2473
f 2439/2439/2439 2473/2473/2473 2440/2440/2440
f 2440/2440/2440 2473/2473/2473 2474/2474/2474
f 2440/2440/2440 2474/2474/2474 2441/2441/2441
f 2441/2441/2441 2474/2474/2474 2475/2475/2475
f 2441/2441/2441 2475/2475/2475 2442/2442/2442
f 2443/2443/2443 2476/2476/2476 2477/2477/2477
f 2443/2443/2443 2477/2477/2477 2444/2444/2444
f 2444/2444/2444 2477/2477/2477 2478/2478/2478
f 2444/2444/2444 2478/2478/2478 2445/2445/2445
f 2445/2445/2445 2478/2478/2478 2479/2479/2479
f 2445/2445/2445 2479/2479/2479 2446/2446/2446
f 2446/2446/2446 2479/2479/2479 2480/2480/2480
f 2446/2446/2446 2480/2480/2480 2447/2447/2447
f 2447/2447/2447 2480/2480/2480 2481/2481/2481
f 2447/2447/2447 2481/2481/2481 2448/2448/2448
f 2448/2448/2448 2481/2481/2481 2482/2482/2482
f 2448/2448/2448 2482/2482/2482 2449/2449/2449
f 2449/2449/2449 2482/2482/2482 2483/2483/2483
f 2449/2449/2449 2483/2483/2483 2450/2450/2450
f 2450/2450/2450 2483/2483/2483 2484/2484/2484
f 2450/2450/2450 2484/2484/2484 2451/2451/2451
f 2451/2451/2451 2484/2484/2484 2485/2485/2485
f 2451/2451/2451 2485/2485/2485 2452/2452/2452
f 2452/2452/2452 2485/2485/2485 2486/2486/2486
f 2452/2452/2452 2486/2486/2486 2453/2453/2453
f 2453/2453/2453 2486/2486/2486 2487/2487/2487
f 2453/2453/2453 2487/2487/2487 2454/2454/2454
f 2454/2454/2454 2487/2487/2487 2488/2488/2488
f 2454/2454/2454 2488/2488/2488 2455/2455/2455
f 2455/2455/2455 2488/2488/2488 2489/2489/2489
f 2455/2455/2455 2489/2489/2489 2456/2456/2456
f 2456/2456/2456 2489/2489/2489 2490/2490/2490
f 2456/2456/2456 2490/2490/2490 2457/2457/2457
f 2457/2457/2457 2490/2490/2490 2491/2491/2491
f 2457/2457/2457 2491/2491/2491 2458/2458/2458
f 2458/2458/2458 2491/2491/2491 2492/2492/2492
f 2458/2458/2458 2492/2492/2492 2459/2459/2459
f 2459/2459/2459 2492/2492/2492 2493/2493/2493
f 2459/2459/2459 2493/2493/2493 2460/2460/2460
f 2460/2460/2460 2493/2493/2493 2494/2494/2494
f 2460/2460/2460 2494/2494/2494 2461/2461/2461
f 2461/2461/2461 2494/2494/2494 2495/2495/2495
f 2461/2461/2461 2495/2495/2495 2462/2462/2462
f 2462/2462/2462 2495/2495/2495 2496/2496/2496
f 2462/2462/2462 2496/2496/2496 2463/2463/2463
f 2463/2463/2463 2496/2496/2496 2497/2497/2497
f 2463/2463/2463 2497/2497/2497 2464/2464/2464
f 2464/2464/2464 2497/2497/2497 2498/2498/2498
f 2464/2464/2464 2498/2498/2498 2465/2465/2465
f 2465/2465/2465 2498/2498/2498 2499/2499/2499
f 2465/2465/2465 2499/2499/2499 2466/2466/2466
f 2466/2466/2466 2499/2499/2499 2500/2500/2500
f 2466/2466/2466 2500/2500/2500 2467/2467/2467
f 2467/2467/2467 2500/2500/2500 2501/2501/2501
f 2467/2467/2467 2501/2501/2501 2468/2468/2468
f 2468/2468/2468 2501/2501/2501 2502/2502/2502
f 2468/2468/2468 2502/2502/2502 2469/2469/2469
f 2469/2469/2469 2502/2502/2502 2503/2503/2503
f 2469/2469/2469 2503/2503/2503 2470/2470/2470
f 2470/2470/2470 2503/2503/2503 2504/2504/2504
f 2470/2470/2470 2504/2504/2504 2471/2471/2471
f 2471/2471/2471 2504/2504/2504 2505/2505/2505
f 2471/2471/2471 2505/2505/2505 2472/2472/2472
f 2472/2472/2472 2505/2505/2505 2506/2506/2506
f 2472/2472/2472 2506/2506/2506 2473/2473/2473
f 2473/2473/2473 2506/2506/2506 2507/2507/2507
f 2473/2473/2473 2507/2507/2507 2474/2474/2474
f 2474/2474/2474 2507/2507/2507 2508/2508/2508
f 2474/2474/2474 2508/2508/2508 2475/2475/2475
f 2476/2476/2476 2509/2509/2509 2510/2510/2510
f 2476/2476/2476 2510/2510/2510 2477/2477/2477
f 2477/2477/2477 2510/2510/2510 2511/2511/2511
f 2477/2477/2477 2511/2511/2511 2478/2478/2478
f 2478/2478/2478 2511/2511/2511 2512/2512/2512
f 2478/2478/2478 2512/2512/2512 2479/2479/2479
f 2479/2479/2479 2512/2512/2512 2513/2513/2513
f 2479/2479/2479 2513/2513/2513 2480/2480/2480
f 2480/2480/2480 2513/2513/2513 2514/2514/2514
f 2480/2480/2480 2514/2514/2514 2481/2481/2481
f 2481/2481/2481 2514/2514/2514 2515/2515/2515
f 2481/2481/2481 2515/2515/2515 2482/2482/2482
f 2482/2482/2482 2515/2515/2515 2516/2516/2516
f 2482/2482/2482 2516/2516/2516 2483/2483/2483
f 2483/2483/2483 2516/2516/2516 2517/2517/2517
f 2483/2483/2483 2517/2517/2517 2484/2484/2484
f 2484/2484/2484 2517/2517/2517 2518/2518/2518
f 2484/2484/2484 2518/2518/2518 2485/2485/2485
f 2485/2485/2485 2518/2518/2518 2519/2519/2519
f 2485/2485/2485 2519/2519/2519 2486/2486/2486
f 2486/2486/2486 2519/2519/2519 2520/2520/2520
f 2486/2486/2486 2520/2520/2520 2487/2487/2487
f 2487/2487/2487 2520/2520/2520 2521/2521/2521
f 2487/2487/2487 2521/2521/2521 2488/2488/2488
f 2488/2488/2488 2521/2521/2521 2522/2522/2522
f 2488/2488/2488 2522/2522/2522 2489/2489/2489
f 2489/2489/2489 2522/2522/2522 2523/2523/2523
f 2489/2489/2489 2523/2523/2523 2490/2490/2490
f 2490/2490/2490 2523/2523/2523 2524/2524/2524
f 2490/2490/2490 2524/2524/2524 2491/2491/2491
f 2491/2491/2491 2524/2524/2524 2525/2525/2525
f 2491/2491/2491 2525/2525/2525 2492/2492/2492
f 2492/2492/2492 2525/2525/2525 2526/2526/2526
f 2492/2492/2492 2526/2526/2526 2493/2493/2493
f 2493/2493/2493 2526/2526/2526 2527/2527/2527
f 2493/2493/2493 2527/2527/2527 2494/2494/2494
f 2494/2494/2494 2527/2527/2527 2528/2528/2528
f 2494/2494/2494 2528/2528/2528 2495/2495/2495
f 2495/2495/2495 2528/2528/2528 2529/2529/2529
f 2495/2495/2495 2529/2529/2529 2496/2496/2496
f 2496/2496/2496 2529/2529/2529 2530/2530/2530
f 2496/2496/2496 2530/2530/2530 2497/2497/2497
f 2497/2497/2497 2530/2530/2530 2531/2531/2531
f 2497/2497/2497 2531/2531/2531 2498/2498/2498
f 2498/2498/2498 2531/2531/2531 2532/2532/2532
f 2498/2498/2498 2532/2532/2532 2499/2499/2499
f 2499/2499/2499 2532/2532/2532 2533/2533/2533
f 2499/2499/2499 2533/2533/2533 2500/2500/2500
f 2500/2500/2500 2533/2533/2533 2534/2534/2534
f 2500/2500/2500 2534/2534/2534 2501/2501/2501
f 2501/2501/2501 2534/2534/2534 2535/2535/2535
f 2501/2501/2501 2535/2535/2535 2502/2502/2502
f 2502/2502/2502 2535/2535/2535 2536/2536/2536
f 2502/2502/2502 2536/2536/2536 2503/2503/2503
f 2503/2503/2503 2536/2536/2536 2537/2537/2537
f 2503/2503/2503 2537/2537/2537 2504/2504/2504
f 2504/2504/2504 2537/2537/2537 2538/2538/2538
f 2504/2504/2504 2538/2538/2538 2505/2505/2505
f 2505/2505/2505 2538/2538/2538 2539/2539/2539
f 2505/2505/2505 2539/2539/2539 2506/2506/2506
f 2506/2506/2506 2539/2539/2539 2540/2540/2540
f 2506/2506/2506 2540/2540/2540 2507/2507/2507
f 2507/2507/2507 2540/2540/2540 2541/2541/2541
f 2507/2507/2507 2541/2541/2541 2508/2508/2508
f 2509/2509/2509 2542/2542/2542 2543/2543/2543
f 2509/2509/2509 2543/2543/2543 2510/2510/2510
f 2510/2510/2510 2543/2543/2543 2544/2544/2544
f 2510/2510/2510 2544/2544/2544 2511/2511/2511
f 2511/2511/2511 2544/2544/2544 2545/2545/2545
f 2511/2511/2511 2545/2545/2545 2512/2512/2512
f 2512/2512/2512 2545/2545/2545 2546/2546/2546
f 2512/2512/2512 2546/2546/2546 2513/2513/2513
f 2513/2513/2513 2546/2546/2546 2547/2547/2547
f 2513/2513/2513 2547/2547/2547 2514/2514/2514
f 2514/2514/2514 2547/2547/2547 2548/2548/2548
f 2514/2514/2514 2548/2548/2548 2515/2515/2515
f 2515/2515/2515 2548/2548/2548 2549/2549/2549
f 2515/2515/2515 2549/2549/2549 2516/2516/2516
f 2516/2516/2516 2549/2549/2549 2550/2550/2550
f 2516/2516/2516 2550/2550/2550 2517/2517/2517
f 2517/2517/2517 2550/2550/2550 2551/2551/2551
f 2517/2517/2517 2551/2551/2551 2518/2518/2518
f 2518/2518/2518 2551/2551/2551 2552/2552/2552
f 2518/2518/2518 2552/2552/2552 2519/2519/2519
f 2519/2519/2519 2552/2552/2552 2553/2553/2553
f 2519/2519/2519 2553/2553/2553 2520/2520/2520
f 2520/2520/2520 2553/2553/2553 2554/2554/2554
f 2520/2520/2520 2554/2554/2554 2521/2521/2521
f 2521/2521/2521 2554/2554/2554 2555/2555/2555
f 2521/2521/2521 2555/2555/2555 2522/2522/2522
f 2522/2522/2522 2555/2555/2555 2556/2556/2556
f 2522/2522/2522 2556/2556/2556 2523/2523/2523
f 2523/2523/2523 2556/2556/2556 2557/2557/2557
f 2523/2523/2523 2557/2557/2557 2524/2524/2524
f 2524/2524/2524 2557/2557/2557 2558/2558/2558
f 2524/2524/2524 2558/2558/2558 2525/2525/2525
f 2525/2525/2525 2558/2558/2558 2559/2559/2559
f 2525/2525/2525 2559/2559/2559 2526/2526/2526
f 2526/2526/2526 2559/2559/2559 2560/2560/2560
f 2526/2526/2526 2560/2560/2560 2527/2527/2527
f 2527/2527/2527 2560/2560/2560 2561/2561/2561
f 2527/2527/2527 2561/2561/2561 2528/2528/2528
f 2528/2528/2528 2561/2561/2561 2562/2562/2562
f 2528/2528/2528 2562/2562/2562 2529/2529/2529
f 2529/2529/2529 2562/2562/2562 2563/2563/2563
f 2529/2529/2529 2563/2563/2563 2530/2530/2530
f 2530/2530/2530 2563/2563/2563 2564/2564/2564
f 2530/2530/2530 2564/2564/2564 2531/2531/2531
f 2531/2531/2531 2564/2564/2564 2565/2565/2565
f 2531/2531/2531 2565/2565/2565 2532/2532/2532
f 2532/2532/2532 2565/2565/2565 2566/2566/2566
f 2532/2532/2532 2566/2566/2566 2533/2533/2533
f 2533/2533/2533 2566/2566/2566 2567/2567/2567
f 2533/2533/2533 2567/2567/2567 2534/2534/2534
f 2534/2534/2534 2567/2567/2567 2568/2568/2568
f 2534/2534/2534 2568/2568/2568 2535/2535/2535
f 2535/2535/2535 2568/2568/2568 2569/2569/2569
f 2535/2535/2535 2569/2569/2569 2536/2536/2536
f 2536/2536/2536 2569/2569/2569 2570/2570/2570
f 2536/2536/2536 2570/2570/2570 2537/2537/2537
f 2537/2537/2537 2570/2570/2570 2571/2571/2571
f 2537/2537/2537 2571/2571/2571 2538/2538/2538
f 2538/2538/2538 2571/2571/2571 2572/2572/2572
f 2538/2538/2538 2572/2572/2572 2539/2539/2539
f 2539/2539/2539 2572/2572/2572 2573/2573/2573
f 2539/2539/2539 2573/2573/2573 2540/2540/2540
f 2540/2540/2540 2573/2573/2573 2574/2574/2574
f 2540/2540/2540 2574/2574/2574 2541/2541/2541
f 2542/2542/2542 2575/2575/2575 2576/2576/2576
f 2542/2542/2542 2576/2576/2576 2543/2543/2543
f 2543/2543/2543 2576/2576/2576 2577/2577/2577
f 2543/2543/2543 2577/2577/2577 2544/2544/2544
f 2544/2544/2544 2577/2577/2577 2578/2578/2578
f 2544/2544/2544 2578/2578/2578 2545/2545/2545
f 2545/2545/2545 2578/2578/2578 2579/2579/2579
f 2545/2545/2545 2579/2579/2579 2546/2546/2546
f 2546/2546/2546 2579/2579/2579 2580/2580/2580
f 2546/2546/2546 2580/2580/2580 2547/2547/2547
f 2547/2547/2547 2580/2580/2580 2581/2581/2581
f 2547/2547/2547 2581/2581/2581 2548/2548/2548
f 2548/2548/2548 2581/2581/2581 2582/2582/2582
f 2548/2548/2548 2582/2582/2582 2549/2549/2549
f 2549/2549/2549 2582/2582/2582 2583/2583/2583
f 2549/2549/2549 2583/2583/2583 2550/2550/2550
f 2550/2550/2550 2583/2583/2583 2584/2584/2584
f 2550/2550/2550 2584/2584/2584 2551/2551/2551
f 2551/2551/2551 2584/2584/2584 2585/2585/2585
f 2551/2551/2551 2585/2585/2585 2552/2552/2552
f 2552/2552/2552 2585/2585/2585 2586/2586/2586
f 2552/2552/2552 2586/2586/2586 2553/2553/2553
f 2553/2553/2553 2586/2586/2586 2587/2587/2587
f 2553/2553/2553 2587/2587/2587 2554/2554/2554
f 2554/2554/2554 2587/2587/2587 2588/2588/2588
f 2554/2554/2554 2588/2588/2588 2555/2555/2555
f 2555/2555/2555 2588/2588/2588 2589/2589/2589
f 2555/2555/2555 2589/2589/2589 2556/2556/2556
f 2556/2556/2556 2589/2589/2589 2590/2590/2590
f 2556/2556/2556 2590/2590/2590 2557/2557/2557
f 2557/2557/2557 2590/2590/2590 2591/2591/2591
f 2557/2557/2557 2591/2591/2591 2558/2558/2558
f 2558/2558/2558 2591/2591/2591 2592/2592/2592
f 2558/2558/2558 2592/2592/2592 2559/2559/2559
f 2559/2559/2559 2592/2592/2592 2593/2593/2593
f 2559/2559/2559 2593/2593/2593 2560/2560/2560
f 2560/2560/2560 2593/2593/2593 2594/2594/2594
f 2560/2560/2560 2594/2594/2594 2561/2561/2561
f 2561/2561/2561 2594/2594/2594 2595/2595/2595
f 2561/2561/2561 2595/2595/2595 2562/2562/2562
f 2562/2562/2562 2595/2595/2595 2596/2596/2596
f 2562/2562/2562 2596/2596/2596 2563/2563/2563
f 2563/2563/2563 2596/2596/2596 2597/2597/2597
f 2563/2563/2563 2597/2597/2597 2564/2564/2564
f 2564/2564/2564 2597/2597/2597 2598/2598/2598
f 2564/2564/2564 2598/2598/2598 2565/2565/2565
f 2565/2565/2565 2598/2598/2598 2599/2599/2599
f 2565/2565/2565 2599/2599/2599 2566/2566/2566
f 2566/2566/2566 2599/2599/2599 2600/2600/2600
f 2566/2566/2566 2600/2600/2600 2567/2567/2567
f 2567/2567/2567 2600/2600/2600 2601/2601/2601
f 2567/2567/2567 2601/2601/2601 2568/2568/2568
f 2568/2568/2568 2601/2601/2601 2602/2602/2602
f 2568/2568/2568 2602/2602/2602 2569/2569/2569
f 2569/2569/2569 2602/2602/2602 2603/2603/2603
f 2569/2569/2569 2603/2603/2603 2570/2570/2570
f 2570/2570/2570 2603/2603/2603 2604/2604/2604
f 2570/2570/2570 2604/2604/2604 2571/2571/2571
f 2571/2571/2571 2604/2604/2604 2605/2605/2605
f 2571/2571/2571 2605/2605/2605 2572/2572/2572
f 2572/2572/2572 2605/2605/2605 2606/2606/2606
f 2572/2572/2572 2606/2606/2606 2573/2573/2573
f 2573/2573/2573 2606/2606/2606 2607/2607/2607
f 2573/2573/2573 2607/2607/2607 2574/2574/2574
f 2575/2575/2575 2608/2608/2608 2609/2609/2609
f 2575/2575/2575 2609/2609/2609 2576/2576/2576
f 2576/2576/2576 2609/2609/2609 2610/2610/2610
f 2576/2576/2576 2610/2610/2610 2577/2577/2577
f 2577/2577/2577 2610/2610/2610 2611/2611/2611
f 2577/2577/2577 2611/2611/2611 2578/2578/2578
f 2578/2578/2578 2611/2611/2611 2612/2612/2612
f 2578/2578/2578 2612/2612/2612 2579/2579/2579
f 2579/2579/2579 2612/2612/2612 2613/2613/2613
f 2579/2579/2579 2613/2613/2613 2580/2580/2580
f 2580/2580/2580 2613/2613/2613 2614/2614/2614
f 2580/2580/2580 2614/2614/2614 2581/2581/2581
f 2581/2581/2581 2614/2614/2614 2615/2615/2615
f 2581/2581/2581 2615/2615/2615 2582/2582/2582
f 2582/2582/2582 2615/2615/2615 2616/2616/2616
f 2582/2582/2582 2616/2616/2616 2583/2583/2583
f 2583/2583/2583 2616/2616/2616 2617/2617/2617
f 2583/2583/2583 2617/2617/2617 2584/2584/2584
f 2584/2584/2584 2617/2617/2617 2618/2618/2618
f 2584/2584/2584 2618/2618/2618 2585/2585/2585
f 2585/2585/2585 2618/2618/2618 2619/2619/2619
f 2585/2585/2585 2619/2619/2619 2586/2586/2586
f 2586/2586/2586 2619/2619/2619 2620/2620/2620
f 2586/2586/2586 2620/2620/2620 2587/2587/2587
f 2587/2587/2587 2620/2620/2620 2621/2621/2621
f 2587/2587/2587 2621/2621/2621 2588/2588/2588
f 2588/2588/2588 2621/2621/2621 2622/2622/2622
f 2588/2588/2588 2622/2622/2622 2589/2589/2589
f 2589/2589/2589 2622/2622/2622 2623/2623/2623
f 2589/2589/2589 2623/2623/2623 2590/2590/2590
f 2590/2590/2590 2623/2623/2623 2624/2624/2624
f 2590/2590/2590 2624/2624/2624 2591/2591/2591
f 2591/2591/2591 2624/2624/2624 2625/2625/2625
f 2591/2591/2591 2625/2625/2625 2592/2592/2592
f 2592/2592/2592 2625/2625/2625 2626/2626/2626
f 2592/2592/2592 2626/2626/2626 2593/2593/2593
f 2593/2593/2593 2626/2626/2626 2627/2627/2627
f 2593/2593/2593 2627/2627/2627 2594/2594/2594
f 2594/2594/2594 2627/2627/2627 2628/2628/2628
f 2594/2594/2594 2628/2628/2628 2595/2595/2595
f 2595/2595/2595 2628/2628/2628 2629/2629/2629
f 2595/2595/2595 2629/2629/2629 2596/2596/2596
f 2596/2596/2596 2629/2629/2629 2630/2630/2630
f 2596/2596/2596 2630/2630/2630 2597/2597/2597
f 2597/2597/2597 2630/2630/2630 2631/2631/2631
f 2597/2597/2597 2631/2631/2631 2598/2598/2598
f 2598/2598/2598 2631/2631/2631 2632/2632/2632
f 2598/2598/2598 2632/2632/2632 2599/2599/2599
f 2599/2599/2599 2632/2632/2632 2633/2633/2633
f 2599/2599/2599 2633/2633/2633 2600/2600/2600
f 2600/2600/2600 2633/2633/2633 2634/2634/2634
f 2600/2600/2600 2634/2634/2634 2601/2601/2601
f 2601/2601/2601 2634/2634/2634 2635/2635/2635
f 2601/2601/2601 2635/2635/2635 2602/2602/2602
f 2602/2602/2602 2635/2635/2635 2636/2636/2636
f 2602/2602/2602 2636/2636/2636 2603/2603/2603
f 2603/2603/2603 2636/2636/2636 2637/2637/2637
f 2603/2603/2603 2637/2637/2637 2604/2604/2604
f 2604/2604/2604 2637/2637/2637 2638/2638/2638
f 2604/2604/2604 2638/2638/2638 2605/2605/2605
f 2605/2605/2605 2638/2638/2638 2639/2639/2639
f 2605/2605/2605 2639/2639/2639 2606/2606/2606
f 2606/2606/2606 2639/2639/2639 2640/2640/2640
f 2606/2606/2606 2640/2640/2640 2607/2607/2607
f 2608/2608/2608 2641/2641/2641 2642/2642/2642
f 2608/2608/2608 2642/2642/2642 2609/2609/2609
f 2609/2609/2609 2642/2642/2642 2643/2643/2643
f 2609/2609/2609 2643/2643/2643 2610/2610/2610
f 2610/2610/2610 2643/2643/2643 2644/2644/2644
f 2610/2610/2610 2644/2644/2644 2611/2611/2611
f 2611/2611/2611 2644/2644/2644 2645/2645/2645
f 2611/2611/2611 2645/2645/2645 2612/2612/2612
f 2612/2612/2612 2645/2645/2645 2646/2646/2646
f 2612/2612/2612 2646/2646/2646 2613/2613/2613
f 2613/2613/2613 2646/2646/2646 2647/2647/2647
f 2613/2613/2613 2647/2647/2647 2614/2614/2614
f 2614/2614/2614 2647/2647/2647 2648/2648/2648
f 2614/2614/2614 2648/2648/2648 2615/2615/2615
f 2615/2615/2615 2648/2648/2648 2649/2649/2649
f 2615/2615/2615 2649/2649/2649 2616/2616/2616
f 2616/2616/2616 2649/2649/2649 2650/2650/2650
f 2616/2616/2616 2650/2650/2650 2617/2617/2617
f 2617/2617/2617 2650/2650/2650 2651/2651/2651
f 2617/2617/2617 2651/2651/2651 2618/2618/2618
f 2618/2618/2618 2651/2651/2651 2652/2652/2652
f 2618/2618/2618 2652/2652/2652 2619/2619/2619
f 2619/2619/2619 2652/2652/2652 2653/2653/2653
f 2619/2619/2619 2653/2653/2653 2620/2620/2620
f 2620/2620/2620 2653/2653/2653 2654/2654/2654
f 2620/2620/2620 2654/2654/2654 2621/2621/2621
f 2621/2621/2621 2654/2654/2654 2655/2655/2655
f 2621/2621/2621 2655/2655/2655 2622/2622/2622
f 2622/2622/2622 2655/2655/2655 2656/2656/2656
f 2622/2622/2622 2656/2656/2656 2623/2623/2623
f 2623/2623/2623 2656/2656/2656 2657/2657/2657
f 2623/2623/2623 2657/2657/2657 2624/2624/2624
f 2624/2624/2624 2657/2657/2657 2658/2658/2658
f 2624/2624/2624 2658/2658/2658 2625/2625/2625
f 2625/2625/2625 2658/2658/2658 2659/2659/2659
f 2625/2625/2625 2659/2659/2659 2626/2626/2626
f 2626/2626/2626 2659/2659/2659 2660/2660/2660
f 2626/2626/2626 2660/2660/2660 2627/2627/2627
f 2627/2627/2627 2660/2660/2660 2661/2661/2661
f 2627/2627/2627 2661/2661/2661 2628/2628/2628
f 2628/2628/2628 2661/2661/2661 2662/2662/2662
f 2628/2628/2628 2662/2662/2662 2629/2629/2629
f 2629/2629/2629 2662/2662/2662 2663/2663/2663
f 2629/2629/2629 2663/2663/2663 2630/2630/2630
f 2630/2630/2630 2663/2663/2663 2664/2664/2664
f 2630/2630/2630 2664/2664/2664 2631/2631/2631
f 2631/2631/2631 2664/2664/2664 2665/2665/2665
f 2631/2631/2631 2665/2665/2665 2632/2632/2632
f 2632/2632/2632 2665/2665/2665 2666/2666/2666
f 2632/2632/2632 2666/2666/2666 2633/2633/2633
f 2633/2633/2633 2666/2666/2666 2667/2667/2667
f 2633/2633/2633 2667/2667/2667 2634/2634/2634
f 2634/2634/2634 2667/2667/2667 2668/2668/2668
f 2634/2634/2634 2668/2668/2668 2635/2635/2635
f 2635/2635/2635 2668/2668/2668 2669/2669/2669
f 2635/2635/2635 2669/2669/2669 2636/2636/2636
f 2636/2636/2636 2669/2669/2669 2670/2670/2670
f 2636/2636/2636 2670/2670/2670 2637/2637/2637
f 2637/2637/2637 2670/2670/2670 2671/2671/2671
f 2637/2637/2637 2671/2671/2671 2638/2638/2638
f 2638/2638/2638 2671/2671/2671 2672/2672/2672
f 2638/2638/2638 2672/2672/2672 2639/2639/2639
f 2639/2639/2639 2672/2672/2672 2673/2673/2673
f 2639/2639/2639 2673/2673/2673 2640/2640/2640
f 2641/2641/2641 2674/2674/2674 2675/2675/2675
f 2641/2641/2641 2675/2675/2675 2642/2642/2642
f 2642/2642/2642 2675/2675/2675 2676/2676/2676
f 2642/2642/2642 2676/2676/2676 2643/2643/2643
f 2643/2643/2643 2676/2676/2676 2677/2677/2677
f 2643/2643/2643 2677/2677/2677 2644/2644/2644
f 2644/2644/2644 2677/2677/2677 2678/2678/2678
f 2644/2644/2644 2678/2678/2678 2645/2645/2645
f 2645/2645/2645 2678/2678/2678 2679/2679/2679
f 2645/2645/2645 2679/2679/2679 2646/2646/2646
f 2646/2646/2646 2679/2679/2679 2680/2680/2680
f 2646/2646/2646 2680/2680/2680 2647/2647/2647
f 2647/2647/2647 2680/2680/2680 2681/2681/2681
f 2647/2647/2647 2681/2681/2681 2648/2648/2648
f 2648/2648/2648 2681/2681/2681 2682/2682/2682
f 2648/2648/2648 2682/2682/2682 2649/2649/2649
f 2649/2649/2649 2682/2682/2682 2683/2683/2683
f 2649/2649/2649 2683/2683/2683 2650/2650/2650
f 2650/2650/2650 2683/2683/2683 2684/2684/2684
f 2650/2650/2650 2684/2684/2684 2651/2651/2651
f 2651/2651/2651 2684/2684/2684 2685/2685/2685
f 2651/2651/2651 2685/2685/2685 2652/2652/2652
f 2652/2652/2652 2685/2685/2685 2686/2686/2686
f 2652/2652/2652 2686/2686/2686 2653/2653/2653
f 2653/2653/2653 2686/2686/2686 2687/2687/2687
f 2653/2653/2653 2687/2687/2687 2654/2654/2654
f 2654/2654/2654 2687/2687/2687 2688/2688/2688
f 2654/2654/2654 2688/2688/2688 2655/2655/2655
f 2655/2655/2655 2688/2688/2688 2689/2689/2689
f 2655/2655/2655 2689/2689/2689 2656/2656/2656
f 2656/2656/2656 2689/2689/2689 2690/2690/2690
f 2656/2656/2656 2690/2690/2690 2657/2657/2657
f 2657/2657/2657 2690/2690/2690 2691/2691/2691
f 2657/2657/2657 2691/2691/2691 2658/2658/2658
f 2658/2658/2658 2691/2691/2691 2692/2692/2692
f 2658/2658/2658 2692/2692/2692 2659/2659/2659
f 2659/2659/2659 2692/2692/2692 2693/2693/2693
f 2659/2659/2659 2693/2693/2693 2660/2660/2660
f 2660/2660/2660 2693/2693/2693 2694/2694/2694
f 2660/2660/2660 2694/2694/2694 2661/2661/2661
f 2661/2661/2661 2694/2694/2694 2695/2695/2695
f 2661/2661/2661 2695/2695/2695 2662/2662/2662
f 2662/2662/2662 2695/2695/2695 2696/2696/2696
f 2662/2662/2662 2696/2696/2696 2663/2663/2663
f 2663/2663/2663 2696/2696/2696 2697/2697/2697
f 2663/2663/2663 2697/2697/2697 2664/2664/2664
f 2664/2664/2664 2697/2697/2697 2698/2698/2698
f 2664/2664/2664 2698/2698/2698 2665/2665/2665
f 2665/2665/2665 2698/2698/2698 2699/2699/2699
f 2665/2665/2665 2699/2699/2699 2666/2666/2666
f 2666/2666/2666 2699/2699/2699 2700/2700/2700
f 2666/2666/2666 2700/2700/2700 2667/2667/2667
f 2667/2667/2667 2700/2700/2700 2701/2701/2701
f 2667/2667/2667 2701/2701/2701 2668/2668/2668
f 2668/2668/2668 2701/2701/2701 2702/2702/2702
f 2668/2668/2668 2702/2702/2702 2669/2669/2669
f 2669/2669/2669 2702/2702/2702 2703/2703/2703
f 2669/2669/2669 2703/2703/2703 2670/2670/2670
f 2670/2670/2670 2703/2703/2703 2704/2704/2704
f 2670/2670/2670 2704/2704/2704 2671/2671/2671
f 2671/2671/2671 2704/2704/2704 2705/2705/2705
f 2671/2671/2671 2705/2705/2705 2672/2672/2672
f 2672/2672/2672 2705/2705/2705 2706/2706/2706
f 2672/2672/2672 2706/2706/2706 2673/2673/2673
f 2674/2674/2674 2707/2707/2707 2708/2708/2708
f 2674/2674/2674 2708/2708/2708 2675/2675/2675
f 2675/2675/2675 2708/2708/2708 2709/2709/2709
f 2675/2675/2675 2709/2709/2709 2676/2676/2676
f 2676/2676/2676 2709/2709/2709 2710/2710/2710
f 2676/2676/2676 2710/2710/2710 2677/2677/2677
f 2677/2677/2677 2710/2710/2710 2711/2711/2711
f 2677/2677/2677 2711/2711/2711 2678/2678/2678
f 2678/2678/2678 2711/2711/2711 2712/2712/2712
f 2678/2678/2678 2712/2712/2712 2679/2679/2679
f 2679/2679/2679 2712/2712/2712 2713/2713/2713
f 2679/2679/2679 2713/2713/2713 2680/2680/2680
f 2680/2680/2680 2713/2713/2713 2714/2714/2714
f 2680/2680/2680 2714/2714/2714 2681/2681/2681
f 2681/2681/2681 2714/2714/2714 2715/2715/2715
f 2681/2681/2681 2715/2715/2715 2682/2682/2682
f 2682/2682/2682 2715/2715/2715 2716/2716/2716
f 2682/2682/2682 2716/2716/2716 2683/2683/2683
f 2683/2683/2683 2716/2716/2716 2717/2717/2717
f 2683/2683/2683 2717/2717/2717 2684/2684/2684
f 2684/2684/2684 2717/2717/2717 2718/2718/2718
f 2684/2684/2684 2718/2718/2718 2685/2685/2685
f 2685/2685/2685 2718/2718/2718 2719/2719/2719
f 2685/2685/2685 2719/2719/2719 2686/2686/2686
f 2686/2686/2686 2719/2719/2719 2720/2720/2720
f 2686/2686/2686 2720/2720/2720 2687/2687/2687
f 2687/2687/2687 2720/2720/2720 2721/2721/2721
f 2687/2687/2687 2721/2721/2721 2688/2688/2688
f 2688/2688/2688 2721/2721/2721 2722/2722/2722
f 2688/2688/2688 2722/2722/2722 2689/2689/2689
f 2689/2689/2689 2722/2722/2722 2723/2723/2723
f 2689/2689/2689 2723/2723/2723 2690/2690/2690
f 2690/2690/2690 2723/2723/2723 2724/2724/2724
f 2690/2690/2690 2724/2724/2724 2691/2691/2691
f 2691/2691/2691 2724/2724/2724 2725/2725/2725
f 2691/2691/2691 2725/2725/2725 2692/2692/2692
f 2692/2692/2692 2725/2725/2725 2726/2726/2726
f 2692/2692/2692 2726/2726/2726 2693/2693/2693
f 2693/2693/2693 2726/2726/2726 2727/2727/2727
f 2693/2693/2693 2727/2727/2727 2694/2694/2694
f 2694/2694/2694 2727/2727/2727 2728/2728/2728
f 2694/2694/2694 2728/2728/2728 2695/2695/2695
f 2695/2695/2695 2728/2728/2728 2729/2729/2729
f 2695/2695/2695 2729/2729/2729 2696/2696/2696
f 2696/2696/2696 2729/2729/2729 2730/2730/2730
f 2696/2696/2696 2730/2730/2730 2697/2697/2697
f 2697/2697/2697 2730/2730/2730 2731/2731/2731
f 2697/2697/2697 2731/2731/2731 2698/2698/2698
f 2698/2698/2698 2731/2731/2731 2732/2732/2732
f 2698/2698/2698 2732/2732/2732 2699/2699/2699
f 2699/2699/2699 2732/2732/2732 2733/2733/2733
f 2699/2699/2699 2733/2733/2733 2700/2700/2700
f 2700/2700/2700 2733/2733/2733 2734/2734/2734
f 2700/2700/2700 2734/2734/2734 2701/2701/2701
f 2701/2701/2701 2734/2734/2734 2735/2735/2735
f 2701/2701/2701 2735/2735/2735 2702/2702/2702
f 2702/2702/2702 2735/2735/2735 2736/2736/2736
f 2702/2702/2702 2736/2736/2736 2703/2703/2703
f 2703/2703/2703 2736/2736/2736 2737/2737/2737
f 2703/2703/2703 2737/2737/2737 2704/2704/2704
f 2704/2704/2704 2737/2737/2737 2738/2738/2738
f 2704/2704/2704 2738/2738/2738 2705/2705/2705
f 2705/2705/2705 2738/2738/2738 2739/2739/2739
f 2705/2705/2705 2739/2739/2739 2706/2706/2706
f 2707/2707/2707 2740/2740/2740 2741/2741/2741
f 2707/2707/2707 2741/2741/2741 2708/2708/2708
f 2708/2708/2708 2741/2741/2741 2742/2742/2742
f 2708/2708/2708 2742/2742/2742 2709/2709/2709
f 2709/2709/2709 2742/2742/2742 2743/2743/2743
f 2709/2709/2709 2743/2743/2743 2710/2710/2710
f 2710/2710/2710 2743/2743/2743 2744/2744/2744
f 2710/2710/2710 2744/2744/2744 2711/2711/2711
f 2711/2711/2711 2744/2744/2744 2745/2745/2745
f 2711/2711/2711 2745/2745/2745 2712/2712/2712
f 2712/2712/2712 2745/2745/2745 2746/2746/2746
f 2712/2712/2712 2746/2746/2746 2713/2713/2713
f 2713/2713/2713 2746/2746/2746 2747/2747/2747
f 2713/2713/2713 2747/2747/2747 2714/2714/2714
f 2714/2714/2714 2747/2747/2747 2748/2748/2748
f 2714/2714/2714 2748/2748/2748 2715/2715/2715
f 2715/2715/2715 2748/2748/2748 2749/2749/2749
f 2715/2715/2715 2749/2749/2749 2716/2716/2716
f 2716/2716/2716 2749/2749/2749 2750/2750/2750
f 2716/2716/2716 2750/2750/2750 2717/2717/2717
f 2717/2717/2717 2750/2750/2750 2751/2751/2751
f 2717/2717/2717 2751/2751/2751 2718/2718/2718
f 2718/2718/2718 2751/2751/2751 2752/2752/2752
f 2718/2718/2718 2752/2752/2752 2719/2719/2719
f 2719/2719/2719 2752/2752/2752 2753/2753/2753
f 2719/2719/2719 2753/2753/2753 2720/2720/2720
f 2720/2720/2720 2753/2753/2753 2754/2754/2754
f 2720/2720/2720 2754/2754/2754 2721/2721/2721
f 2721/2721/2721 2754/2754/2754 2755/2755/2755
f 2721/2721/2721 2755/2755/2755 2722/2722/2722
f 2722/2722/2722 2755/2755/2755 2756/2756/2756
f 2722/2722/2722 2756/2756/2756 2723/2723/2723
f 2723/2723/2723 2756/2756/2756 2757/2757/2757
f 2723/2723/2723 2757/2757/2757 2724/2724/2724
f 2724/2724/2724 2757/2757/2757 2758/2758/2758
f 2724/2724/2724 2758/2758/2758 2725/2725/2725
f 2725/2725/2725 2758/2758/2758 2759/2759/2759
f 2725/2725/2725 2759/2759/2759 2726/2726/2726
f 2726/2726/2726 2759/2759/2759 2760/2760/2760
f 2726/2726/2726 2760/2760/2760 2727/2727/2727
f 2727/2727/2727 2760/2760/2760 2761/2761/2761
f 2727/2727/2727 2761/2761/2761 2728/2728/2728
f 2728/2728/2728 2761/2761/2761 2762/2762/2762
f 2728/2728/2728 2762/2762/2762 2729/2729/2729
f 2729/2729/2729 2762/2762/2762 2763/2763/2763
f 2729/2729/2729 2763/2763/2763 2730/2730/2730
f 2730/2730/2730 2763/2763/2763 2764/2764/2764
f 2730/2730/2730 2764/2764/2764 2731/2731/2731
f 2731/2731/2731 2764/2764/2764 2765/2765/2765
f 2731/2731/2731 2765/2765/2765 2732/2732/2732
f 2732/2732/2732 2765/2765/2765 2766/2766/2766
f 2732/2732/2732 2766/2766/2766 2733/2733/2733
f 2733/2733/2733 2766/2766/2766 2767/2767/2767
f 2733/2733/2733 2767/2767/2767 2734/2734/2734
f 2734/2734/2734 2767/2767/2767 2768/2768/2768
f 2734/2734/2734 2768/2768/2768 2735/2735/2735
f 2735/2735/2735 2768/2768/2768 2769/2769/2769
f 2735/2735/2735 2769/2769/2769 2736/2736/2736
f 2736/2736/2736 2769/2769/2769 2770/2770/2770
f 2736/2736/2736 2770/2770/2770 2737/2737/2737
f 2737/2737/2737 2770/2770/2770 2771/2771/2771
f 2737/2737/2737 2771/2771/2771 2738/2738/2738
f 2738/2738/2738 2771/2771/2771 2772/2772/2772
f 2738/2738/2738 2772/2772/2772 2739/2739/2739
f 2740/2740/2740 2773/2773/2773 2774/2774/2774
f 2740/2740/2740 2774/2774/2774 2741/2741/2741
f 2741/2741/2741 2774/2774/2774 2775/2775/2775
f 2741/2741/2741 2775/2775/2775 2742/2742/2742
f 2742/2742/2742 2775/2775/2775 2776/2776/2776
f 2742/2742/2742 2776/2776/2776 2743/2743/2743
f 2743/2743/2743 2776/2776/2776 2777/2777/2777
f 2743/2743/2743 2777/2777/2777 2744/2744/2744
f 2744/2744/2744 2777/2777/2777 2778/2778/2778
f 2744/2744/2744 2778/2778/2778 2745/2745/2745
f 2745/2745/2745 2778/2778/2778 2779/2779/2779
f 2745/2745/2745 2779/2779/2779 2746/2746/2746
f 2746/2746/2746 2779/2779/2779 2780/2780/2780
f 2746/2746/2746 2780/2780/2780 2747/2747/2747
f 2747/2747/2747 2780/2780/2780 2781/2781/2781
f 2747/2747/2747 2781/2781/2781 2748/2748/2748
f 2748/2748/2748 2781/2781/2781 2782/2782/2782
f 2748/2748/2748 2782/2782/2782 2749/2749/2749
f 2749/2749/2749 2782/2782/2782 2783/2783/2783
f 2749/2749/2749 2783/2783/2783 2750/2750/2750
f 2750/2750/2750 2783/2783/2783 2784/2784/2784
f 2750/2750/2750 2784/2784/2784 2751/2751/2751
f 2751/2751/2751 2784/2784/2784 2785/2785/2785
f 2751/2751/2751 2785/2785/2785 2752/2752/2752
f 2752/2752/2752 2785/2785/2785 2786/2786/2786
f 2752/2752/2752 2786/2786/2786 2753/2753/2753
f 2753/2753/2753 2786/2786/2786 2787/2787/2787
f 2753/2753/2753 2787/2787/2787 2754/2754/2754
f 2754/2754/2754 2787/2787/2787 2788/2788/2788
f 2754/2754/2754 2788/2788/2788 2755/2755/2755
f 2755/2755/2755 2788/2788/2788 2789/2789/2789
f 2755/2755/2755 2789/2789/2789 2756/2756/2756
f 2756/2756/2756 2789/2789/2789 2790/2790/2790
f 2756/2756/2756 2790/2790/2790 2757/2757/2757
f 2757/2757/2757 2790/2790/2790 2791/2791/2791
f 2757/2757/2757 2791/2791/2791 2758/2758/2758
f 2758/2758/2758 2791/2791/2791 2792/2792/2792
f 2758/2758/2758 2792/2792/2792 2759/2759/2759
f 2759/2759/2759 2792/2792/2792 2793/2793/2793
f 2759/2759/2759 2793/2793/2793 2760/2760/2760
f 2760/2760/2760 2793/2793/2793 2794/2794/2794
f 2760/2760/2760 2794/2794/2794 2761/2761/2761
f 2761/2761/2761 2794/2794/2794 2795/2795/2795
f 2761/2761/2761 2795/2795/2795 2762/2762/2762
f 2762/2762/2762 2795/2795/2795 2796/2796/2796
f 2762/2762/2762 2796/2796/2796 2763/2763/2763
f 2763/2763/2763 2796/2796/2796 2797/2797/2797
f 2763/2763/2763 2797/2797/2797 2764/2764/2764
f 2764/2764/2764 2797/2797/2797 2798/2798/2798
f 2764/2764/2764 2798/2798/2798 2765/2765/2765
f 2765/2765/2765 2798/2798/2798 2799/2799/2799
f 2765/2765/2765 2799/2799/2799 2766/2766/2766
f 2766/2766/2766 2799/2799/2799 2800/2800/2800
f 2766/2766/2766 2800/2800/2800 2767/2767/2767
f 2767/2767/2767 2800/2800/2800 2801/2801/2801
f 2767/2767/2767 2801/2801/2801 2768/2768/2768
f 2768/2768/2768 2801/2801/2801 2802/2802/2802
f 2768/2768/2768 2802/2802/2802 2769/2769/2769
f 2769/2769/2769 2802/2802/2802 2803/2803/2803
f 2769/2769/2769 2803/2803/2803 2770/2770/2770
f 2770/2770/2770 2803/2803/2803 2804/2804/2804
f 2770/2770/2770 2804/2804/2804 2771/2771/2771
f 2771/2771/2771 2804/2804/2804 2805/2805/2805
f 2771/2771/2771 2805/2805/2805 2772/2772/2772
f 2773/2773/2773 2806/2806/2806 2807/2807/2807
f 2773/2773/2773 2807/2807/2807 2774/2774/2774
f 2774/2774/2774 2807/2807/2807 2808/2808/2808
f 2774/2774/2774 2808/2808/2808 2775/2775/2775
f 2775/2775/2775 2808/2808/2808 2809/2809/2809
f 2775/2775/2775 2809/2809/2809 2776/2776/2776
f 2776/2776/2776 2809/2809/2809 2810/2810/2810
f 2776/2776/2776 2810/2810/2810 2777/2777/2777
f 2777/2777/2777 2810/2810/2810 2811/2811/2811
f 2777/2777/2777 2811/2811/2811 2778/2778/2778
f 2778/2778/2778 2811/2811/2811 2812/2812/2812
f 2778/2778/2778 2812/2812/2812 2779/2779/2779
f 2779/2779/2779 2812/2812/2812 2813/2813/2813
f 2779/2779/2779 2813/2813/2813 2780/2780/2780
f 2780/2780/2780 2813/2813/2813 2814/2814/2814
f 2780/2780/2780 2814/2814/2814 2781/2781/2781
f 2781/2781/2781 2814/2814/2814 2815/2815/2815
f 2781/2781/2781 2815/2815/2815 2782/2782/2782
f 2782/2782/2782 2815/2815/2815 2816/2816/2816
f 2782/2782/2782 2816/2816/2816 2783/2783/2783
f 2783/2783/2783 2816/2816/2816 2817/2817/2817
f 2783/2783/2783 2817/2817/2817 2784/2784/2784
f 2784/2784/2784 2817/2817/2817 2818/2818/2818
f 2784/2784/2784 2818/2818/2818 2785/2785/2785
f 2785/2785/2785 2818/2818/2818 2819/2819/2819
f 2785/2785/2785 2819/2819/2819 2786/2786/2786
f 2786/2786/2786 2819/2819/2819 2820/2820/2820
f 2786/2786/2786 2820/2820/2820 2787/2787/2787
f 2787/2787/2787 2820/2820/2820 2821/2821/2821
f 2787/2787/2787 2821/2821/2821 2788/2788/2788
f 2788/2788/2788 2821/2821/2821 2822/2822/2822
f 2788/2788/2788 2822/2822/2822 2789/2789/2789
f 2789/2789/2789 2822/2822/2822 2823/2823/2823
f 2789/2789/2789 2823/2823/2823 2790/2790/2790
f 2790/2790/2790 2823/2823/2823 2824/2824/2824
f 2790/2790/2790 2824/2824/2824 2791/2791/2791
f 2791/2791/2791 2824/2824/2824 2825/2825/2825
f 2791/2791/2791 2825/2825/2825 2792/2792/2792
f 2792/2792/2792 2825/2825/2825 2826/2826/2826
f 2792/2792/2792 2826/2826/2826 2793/2793/2793
f 2793/2793/2793 2826/2826/2826 2827/2827/2827
f 2793/2793/2793 2827/2827/2827 2794/2794/2794
f 2794/2794/2794 2827/2827/2827 2828/2828/2828
f 2794/2794/2794 2828/2828/2828 2795/2795/2795
f 2795/2795/2795 2828/2828/2828 2829/2829/2829
f 2795/2795/2795 2829/2829/2829 2796/2796/2796
f 2796/2796/2796 2829/2829/2829 2830/2830/2830
f 2796/2796/2796 2830/2830/2830 2797/2797/2797
f 2797/2797/2797 2830/2830/2830 2831/2831/2831
f 2797/2797/2797 2831/2831/2831 2798/2798/2798
f 2798/2798/2798 2831/2831/2831 2832/2832/2832
f 2798/2798/2798 2832/2832/2832 2799/2799/2799
f 2799/2799/2799 2832/2832/2832 2833/2833/2833
f 2799/2799/2799 2833/2833/2833 2800/2800/2800
f 2800/2800/2800 2833/2833/2833 2834/2834/2834
f 2800/2800/2800 2834/2834/2834 2801/2801/2801
f 2801/2801/2801 2834/2834/2834 2835/2835/2835
f 2801/2801/2801 2835/2835/2835 2802/2802/2802
f 2802/2802/2802 2835/2835/2835 2836/2836/2836
f 2802/2802/2802 2836/2836/2836 2803/2803/2803
f 2803/2803/2803 2836/2836/2836 2837/2837/2837
f 2803/2803/2803 2837/2837/2837 2804/2804/2804
f 2804/2804/2804 2837/2837/2837 2838/2838/2838
f 2804/2804/2804 2838/2838/2838 2805/2805/2805
f 2806/2806/2806 2839/2839/2839 2840/2840/2840
f 2806/2806/2806 2840/2840/2840 2807/2807/2807
f 2807/2807/2807 2840/2840/2840 2841/2841/2841
f 2807/2807/2807 2841/2841/2841 2808/2808/2808
f 2808/2808/2808 2841/2841/2841 2842/2842/2842
f 2808/2808/2808 2842/2842/2842 2809/2809/2809
f 2809/2809/2809 2842/2842/2842 2843/2843/2843
f 2809/2809/2809 2843/2843/2843 2810/2810/2810
f 2810/2810/2810 2843/2843/2843 2844/2844/2844
f 2810/2810/2810 2844/2844/2844 2811/2811/2811
f 2811/2811/2811 2844/2844/2844 2845/2845/2845
f 2811/2811/2811 2845/2845/2845 2812/2812/2812
f 2812/2812/2812 2845/2845/2845 2846/2846/2846
f 2812/2812/2812 2846/2846/2846 2813/2813/2813
f 2813/2813/2813 2846/2846/2846 2847/2847/2847
f 2813/2813/2813 2847/2847/2847 2814/2814/2814
f 2814/2814/2814 2847/2847/2847 2848/2848/2848
f 2814/2814/2814 2848/2848/2848 2815/2815/2815
f 2815/2815/2815 2848/2848/2848 2849/2849/2849
f 2815/2815/2815 2849/2849/2849 2816/2816/2816
f 2816/2816/2816 2849/2849/2849 2850/2850/2850
f 2816/2816/2816 2850/2850/2850 2817/2817/2817
f 2817/2817/2817 2850/2850/2850 2851/2851/2851
f 2817/2817/2817 2851/2851/2851 2818/2818/2818
f 2818/2818/2818 2851/2851/2851 2852/2852/2852
f 2818/2818/2818 2852/2852/2852 2819/2819/2819
f 2819/2819/2819 2852/2852/2852 2853/2853/2853
f 2819/2819/2819 2853/2853/2853 2820/2820/2820
f 2820/2820/2820 2853/2853/2853 2854/2854/2854
f 2820/2820/2820 2854/2854/2854 2821/2821/2821
f 2821/2821/2821 2854/2854/2854 2855/2855/2855
f 2821/2821/2821 2855/2855/2855 2822/2822/2822
f 2822/2822/2822 2855/2855/2855 2856/2856/2856
f 2822/2822/2822 2856/2856/2856 2823/2823/2823
f 2823/2823/2823 2856/2856/2856 2857/2857/2857
f 2823/2823/2823 2857/2857/2857 2824/2824/2824
f 2824/2824/2824 2857/2857/2857 2858/2858/2858
f 2824/2824/2824 2858/2858/2858 2825/2825/2825
f 2825/2825/2825 2858/2858/2858 2859/2859/2859
f 2825/2825/2825 2859/2859/2859 2826/2826/2826
f 2826/2826/2826 2859/2859/2859 2860/2860/2860
f 2826/2826/2826 2860/2860/2860 2827/2827/2827
f 2827/2827/2827 2860/2860/2860 2861/2861/2861
f 2827/2827/2827 2861/2861/2861 2828/2828/2828
f 2828/2828/2828 2861/2861/2861 2862/2862/2862
f 2828/2828/2828 2862/2862/2862 2829/2829/2829
f 2829/2829/2829 2862/2862/2862 2863/2863/2863
f 2829/2829/2829 2863/2863/2863 2830/2830/2830
f 2830/2830/2830 2863/2863/2863 2864/2864/2864
f 2830/2830/2830 2864/2864/2864 2831/2831/2831
f 2831/2831/2831 2864/2864/2864 2865/2865/2865
f 2831/2831/2831 2865/2865/2865 2832/2832/2832
f 2832/2832/2832 2865/2865/2865 2866/2866/2866
f 2832/2832/2832 2866/2866/2866 2833/2833/2833
f 2833/2833/2833 2866/2866/2866 2867/2867/2867
f 2833/2833/2833 2867/2867/2867 2834/2834/2834
f 2834/2834/2834 2867/2867/2867 2868/2868/2868
f 2834/2834/2834 2868/2868/2868 2835/2835/2835
f 2835/2835/2835 2868/2868/2868 2869/2869/2869
f 2835/2835/2835 2869/2869/2869 2836/2836/2836
f 2836/2836/2836 2869/2869/2869 2870/2870/2870
f 2836/2836/2836 2870/2870/2870 2837/2837/2837
f 2837/2837/2837 2870/2870/2870 2871/2871/2871
f 2837/2837/2837 2871/2871/2871 2838/2838/2838
f 2839/2839/2839 2872/2872/2872 2873/2873/2873
f 2839/2839/2839 2873/2873/2873 2840/2840/2840
f 2840/2840/2840 2873/2873/2873 2874/2874/2874
f 2840/2840/2840 2874/2874/2874 2841/2841/2841
f 2841/2841/2841 2874/2874/2874 2875/2875/2875
f 2841/2841/2841 2875/2875/2875 2842/2842/2842
f 2842/2842/2842 2875/2875/2875 2876/2876/2876
f 2842/2842/2842 2876/2876/2876 2843/2843/2843
f 2843/2843/2843 2876/2876/2876 2877/2877/2877
f 2843/2843/2843 2877/2877/2877 2844/2844/2844
f 2844/2844/2844 2877/2877/2877 2878/2878/2878
f 2844/2844/2844 2878/2878/2878 2845/2845/2845
f 2845/2845/2845 2878/2878/2878 2879/2879/2879
f 2845/2845/2845 2879/2879/2879 2846/2846/2846
f 2846/2846/2846 2879/2879/2879 2880/2880/2880
f 2846/2846/2846 2880/2880/2880 2847/2847/2847
f 2847/2847/2847 2880/2880/2880 2881/2881/2881
f 2847/2847/2847 2881/2881/2881 2848/2848/2848
f 2848/2848/2848 2881/2881/2881 2882/2882/2882
f 2848/2848/2848 2882/2882/2882 2849/2849/2849
f 2849/2849/2849 2882/2882/2882 2883/2883/2883
f 2849/2849/2849 2883/2883/2883 2850/2850/2850
f 2850/2850/2850 2883/2883/2883 2884/2884/2884
f 2850/2850/2850 2884/2884/2884 2851/2851/2851
f 2851/2851/2851 2884/2884/2884 2885/2885/2885
f 2851/2851/2851 2885/2885/2885 2852/2852/2852
f 2852/2852/2852 2885/2885/2885 2886/2886/2886
f 2852/2852/2852 2886/2886/2886 2853/2853/2853
f 2853/2853/2853 2886/2886/2886 2887/2887/2887
f 2853/2853/2853 2887/2887/2887 2854/2854/2854
f 2854/2854/2854 2887/2887/2887 2888/2888/2888
f 2854/2854/2854 2888/2888/2888 2855/2855/2855
f 2855/2855/2855 2888/2888/2888 2889/2889/2889
f 2855/2855/2855 2889/2889/2889 2856/2856/2856
f 2856/2856/2856 2889/2889/2889 2890/2890/2890
f 2856/2856/2856 2890/2890/2890 2857/2857/2857
f 2857/2857/2857 2890/2890/2890 2891/2891/2891
f 2857/2857/2857 2891/2891/2891 2858/2858/2858
f 2858/2858/2858 2891/2891/2891 2892/2892/2892
f 2858/2858/2858 2892/2892/2892 2859/2859/2859
f 2859/2859/2859 2892/2892/2892 2893/2893/2893
f 2859/2859/2859 2893/2893/2893 2860/2860/2860
f 2860/2860/2860 2893/2893/2893 2894/2894/2894
f 2860/2860/2860 2894/2894/2894 2861/2861/2861
f 2861/2861/2861 2894/2894/2894 2895/2895/2895
f 2861/2861/2861 2895/2895/2895 2862/2862/2862
f 2862/2862/2862 2895/2895/2895 2896/2896/2896
f 2862/2862/2862 2896/2896/2896 2863/2863/2863
f 2863/2863/2863 2896/2896/2896 2897/2897/2897
f 2863/2863/2863 2897/2897/2897 2864/2864/2864
f 2864/2864/2864 2897/2897/2897 2898/2898/2898
f 2864/2864/2864 2898/2898/2898 2865/2865/2865
f 2865/2865/2865 2898/2898/2898 2899/2899/2899
f 2865/2865/2865 2899/2899/2899 2866/2866/2866
f 2866/2866/2866 2899/2899/2899 2900/2900/2900
f 2866/2866/2866 2900/2900/2900 2867/2867/2867
f 2867/2867/2867 2900/2900/2900 2901/2901/2901
f 2867/2867/2867 2901/2901/2901 2868/2868/2868
f 2868/2868/2868 2901/2901/2901 2902/2902/2902
f 2868/2868/2868 2902/2902/2902 2869/2869/2869
f 2869/2869/2869 2902/2902/2902 2903/2903/2903
f 2869/2869/2869 2903/2903/2903 2870/2870/2870
f 2870/2870/2870 2903/2903/2903 2904/2904/2904
f 2870/2870/2870 2904/2904/2904 2871/2871/2871
f 2872/2872/2872 2905/2905/2905 2906/2906/2906
f 2872/2872/2872 2906/2906/2906 2873/2873/2873
f 2873/2873/2873 2906/2906/2906 2907/2907/2907
f 2873/2873/2873 2907/2907/2907 2874/2874/2874
f 2874/2874/2874 2907/2907/2907 2908/2908/2908
f 2874/2874/2874 2908/2908/2908 2875/2875/2875
f 2875/2875/2875 2908/2908/2908 2909/2909/2909
f 2875/2875/2875 2909/2909/2909 2876/2876/2876
f 2876/2876/2876 2909/2909/2909 2910/2910/2910
f 2876/2876/2876 2910/2910/2910 2877/2877/2877
f 2877/2877/2877 2910/2910/2910 2911/2911/2911
f 2877/2877/2877 2911/2911/2911 2878/2878/2878
f 2878/2878/2878 2911/2911/2911 2912/2912/2912
f 2878/2878/2878 2912/2912/2912 2879/2879/2879
f 2879/2879/2879 2912/2912/2912 2913/2913/2913
f 2879/2879/2879 2913/2913/2913 2880/2880/2880
f 2880/2880/2880 2913/2913/2913 2914/2914/2914
f 2880/2880/2880 2914/2914/2914 2881/2881/2881
f 2881/2881/2881 2914/2914/2914 2915/2915/2915
f 2881/2881/2881 2915/2915/2915 2882/2882/2882
f 2882/2882/2882 2915/2915/2915 2916/2916/2916
f 2882/2882/2882 2916/2916/2916 2883/2883/2883
f 2883/2883/2883 2916/2916/2916 2917/2917/2917
f 2883/2883/2883 2917/2917/2917 2884/2884/2884
f 2884/2884/2884 2917/2917/2917 2918/2918/2918
f 2884/2884/2884 2918/2918/2918 2885/2885/2885
f 2885/2885/2885 2918/2918/2918 2919/2919/2919
f 2885/2885/2885 2919/2919/2919 2886/2886/2886
f 2886/2886/2886 2919/2919/2919 2920/2920/2920
f 2886/2886/2886 2920/2920/2920 2887/2887/2887
f 2887/2887/2887 2920/2920/2920 2921/2921/2921
f 2887/2887/2887 2921/2921/2921 2888/2888/2888
f 2888/2888/2888 2921/2921/2921 2922/2922/2922
f 2888/2888/2888 2922/2922/2922 2889/2889/2889
f 2889/2889/2889 2922/2922/2922 2923/2923/2923
f 2889/2889/2889 2923/2923/2923 2890/2890/2890
f 2890/2890/2890 2923/2923/2923 2924/2924/2924
f 2890/2890/2890 2924/2924/2924 2891/2891/2891
f 2891/2891/2891 2924/2924/2924 2925/2925/2925
f 2891/2891/2891 2925/2925/2925 2892/2892/2892
f 2892/2892/2892 2925/2925/2925 2926/2926/2926
f 2892/2892/2892 2926/2926/2926 2893/2893/2893
f 2893/2893/2893 2926/2926/2926 2927/2927/2927
f 2893/2893/2893 2927/2927/2927 2894/2894/2894
f 2894/2894/2894 2927/2927/2927 2928/2928/2928
f 2894/2894/2894 2928/2928/2928 2895/2895/2895
f 2895/2895/2895 2928/2928/2928 2929/2929/2929
f 2895/2895/2895 2929/2929/2929 2896/2896/2896
f 2896/2896/2896 2929/2929/2929 2930/2930/2930
f 2896/2896/2896 2930/2930/2930 2897/2897/2897
f 2897/2897/2897 2930/2930/2930 2931/2931/2931
f 2897/2897/2897 2931/2931/2931 2898/2898/2898
f 2898/2898/2898 2931/2931/2931 2932/2932/2932
f 2898/2898/2898 2932/2932/2932 2899/2899/2899
f 2899/2899/2899 2932/2932/2932 2933/2933/2933
f 2899/2899/2899 2933/2933/2933 2900/2900/2900
f 2900/2900/2900 2933/2933/2933 2934/2934/2934
f 2900/2900/2900 2934/2934/2934 2901/2901/2901
f 2901/2901/2901 2934/2934/2934 2935/2935/2935
f 2901/2901/2901 2935/2935/2935 2902/2902/2902
f 2902/2902/2902 2935/2935/2935 2936/2936/2936
f 2902/2902/2902 2936/2936/2936 2903/2903/2903
f 2903/2903/2903 2936/2936/2936 2937/2937/2937
f 2903/2903/2903 2937/2937/2937 2904/2904/2904
f 2905/2905/2905 2938/2938/2938 2939/2939/2939
f 2905/2905/2905 2939/2939/2939 2906/2906/2906
f 2906/2906/2906 2939/2939/2939 2940/2940/2940
f 2906/2906/2906 2940/2940/2940 2907/2907/2907
f 2907/2907/2907 2940/2940/2940 2941/2941/2941
f 2907/2907/2907 2941/2941/2941 2908/2908/2908
f 2908/2908/2908 2941/2941/2941 2942/2942/2942
f 2908/2908/2908 2942/2942/2942 2909/2909/2909
f 2909/2909/2909 2942/2942/2942 2943/2943/2943
f 2909/2909/2909 2943/2943/2943 2910/2910/2910
f 2910/2910/2910 2943/2943/2943 2944/2944/2944
f 2910/2910/2910 2944/2944/2944 2911/2911/2911
f 2911/2911/2911 2944/2944/2944 2945/2945/2945
f 2911/2911/2911 2945/2945/2945 2912/2912/2912
f 2912/2912/2912 2945/2945/2945 2946/2946/2946
f 2912/2912/2912 2946/2946/2946 2913/2913/2913
f 2913/2913/2913 2946/2946/2946 2947/2947/2947
f 2913/2913/2913 2947/2947/2947 2914/2914/2914
f 2914/2914/2914 2947/2947/2947 2948/2948/2948
f 2914/2914/2914 2948/2948/2948 2915/2915/2915
f 2915/2915/2915 2948/2948/2948 2949/2949/2949
f 2915/2915/2915 2949/2949/2949 2916/2916/2916
f 2916/2916/2916 2949/2949/2949 2950/2950/2950
f 2916/2916/2916 2950/2950/2950 2917/2917/2917
f 2917/2917/2917 2950/2950/2950 2951/2951/2951
f 2917/2917/2917 2951/2951/2951 2918/2918/2918
f 2918/2918/2918 2951/2951/2951 2952/2952/2952
f 2918/2918/2918 2952/2952/2952 2919/2919/2919
f 2919/2919/2919 2952/2952/2952 2953/2953/2953
f 2919/2919/2919 2953/2953/2953 2920/2920/2920
f 2920/2920/2920 2953/2953/2953 2954/2954/2954
f 2920/2920/2920 2954/2954/2954 2921/2921/2921
f 2921/2921/2921 2954/2954/2954 2955/2955/2955
f 2921/2921/2921 2955/2955/2955 2922/2922/2922
f 2922/2922/2922 2955/2955/2955 2956/2956/2956
f 2922/2922/2922 2956/2956/2956 2923/2923/2923
f 2923/2923/2923 2956/2956/2956 2957/2957/2957
f 2923/2923/2923 2957/2957/2957 2924/2924/2924
f 2924/2924/2924 2957/2957/2957 2958/2958/2958
f 2924/2924/2924 2958/2958/2958 2925/2925/2925
f 2925/2925/2925 2958/2958/2958 2959/2959/2959
f 2925/2925/2925 2959/2959/2959 2926/2926/2926
f 2926/2926/2926 2959/2959/2959 2960/2960/2960
f 2926/2926/2926 2960/2960/2960 2927/2927/2927
f 2927/2927/2927 2960/2960/2960 2961/2961/2961
f 2927/2927/2927 2961/2961/2961 2928/2928/2928
f 2928/2928/2928 2961/2961/2961 2962/2962/2962
f 2928/2928/2928 2962/2962/2962 2929/2929/2929
f 2929/2929/2929 2962/2962/2962 2963/2963/2963
f 2929/2929/2929 2963/2963/2963 2930/2930/2930
f 2930/2930/2930 2963/2963/2963 2964/2964/2964
f 2930/2930/2930 2964/2964/2964 2931/2931/2931
f 2931/2931/2931 2964/2964/2964 2965/2965/2965
f 2931/2931/2931 2965/2965/2965 2932/2932/2932
f 2932/2932/2932 2965/2965/2965 2966/2966/2966
f 2932/2932/2932 2966/2966/2966 2933/2933/2933
f 2933/2933/2933 2966/2966/2966 2967/2967/2967
f 2933/2933/2933 2967/2967/2967 2934/2934/2934
f 2934/2934/2934 2967/2967/2967 2968/2968/2968
f 2934/2934/2934 2968/2968/2968 2935/2935/2935
f 2935/2935/2935 2968/2968/2968 2969/2969/2969
f 2935/2935/2935 2969/2969/2969 2936/2936/2936
f 2936/2936/2936 2969/2969/2969 2970/2970/2970
f 2936/2936/2936 2970/2970/2970 2937/2937/2937
f 2938/2938/2938 2971/2971/2971 2972/2972/2972
f 2938/2938/2938 2972/2972/2972 2939/2939/2939
f 2939/2939/2939 2972/2972/2972 2973/2973/2973
f 2939/2939/2939 2973/2973/2973 2940/2940/2940
f 2940/2940/2940 2973/2973/2973 2974/2974/2974
f 2940/2940/2940 2974/2974/2974 2941/2941/2941
f 2941/2941/2941 2974/2974/2974 2975/2975/2975
f 2941/2941/2941 2975/2975/2975 2942/2942/2942
f 2942/2942/2942 2975/2975/2975 2976/2976/2976
f 2942/2942/2942 2976/2976/2976 2943/2943/2943
f 2943/2943/2943 2976/2976/2976 2977/2977/2977
f 2943/2943/2943 2977/2977/2977 2944/2944/2944
f 2944/2944/2944 2977/2977/2977 2978/2978/2978
f 2944/2944/2944 2978/2978/2978 2945/2945/2945
f 2945/2945/2945 2978/2978/2978 2979/2979/2979
f 2945/2945/2945 2979/2979/2979 2946/2946/2946
f 2946/2946/2946 2979/2979/2979 2980/2980/2980
f 2946/2946/2946 2980/2980/2980 2947/2947/2947
f 2947/2947/2947 2980/2980/2980 2981/2981/2981
f 2947/2947/2947 2981/2981/2981 2948/2948/2948
f 2948/2948/2948 2981/2981/2981 2982/2982/2982
f 2948/2948/2948 2982/2982/2982 2949/2949/2949
f 2949/2949/2949 2982/2982/2982 2983/2983/2983
f 2949/2949/2949 2983/2983/2983 2950/2950/2950
f 2950/2950/2950 2983/2983/2983 2984/2984/2984
f 2950/2950/2950 2984/2984/2984 2951/2951/2951
f 2951/2951/2951 2984/2984/2984 2985/2985/2985
f 2951/2951/2951 2985/2985/2985 2952/2952/2952
f 2952/2952/2952 2985/2985/2985 2986/2986/2986
f 2952/2952/2952 2986/2986/2986 2953/2953/2953
f 2953/2953/2953 2986/2986/2986 2987/2987/2987
f 2953/2953/2953 2987/2987/2987 2954/2954/2954
f 2954/2954/2954 2987/2987/2987 2988/2988/2988
f 2954/2954/2954 2988/2988/2988 2955/2955/2955
f 2955/2955/2955 2988/2988/2988 2989/2989/2989
f 2955/2955/2955 2989/2989/2989 2956/2956/2956
f 2956/2956/2956 2989/2989/2989 2990/2990/2990
f 2956/2956/2956 2990/2990/2990 2957/2957/2957
f 2957/2957/2957 2990/2990/2990 2991/2991/2991
f 2957/2957/2957 2991/2991/2991 2958/2958/2958
f 2958/2958/2958 2991/2991/2991 2992/2992/2992
f 2958/2958/2958 2992/2992/2992 2959/2959/2959
f 2959/2959/2959 2992/2992/2992 2993/2993/2993
f 2959/2959/2959 2993/2993/2993 2960/2960/2960
f 2960/2960/2960 2993/2993/2993 2994/2994/2994
f 2960/2960/2960 2994/2994/2994 2961/2961/2961
f 2961/2961/2961 2994/2994/2994 2995/2995/2995
f 2961/2961/2961 2995/2995/2995 2962/2962/2962
f 2962/2962/2962 2995/2995/2995 2996/2996/2996
f 2962/2962/2962 2996/2996/2996 2963/2963/2963
f 2963/2963/2963 2996/2996/2996 2997/2997/2997
f 2963/2963/2963 2997/2997/2997 2964/2964/2964
f 2964/2964/2964 2997/2997/2997 2998/2998/2998
f 2964/2964/2964 2998/2998/2998 2965/2965/2965
f 2965/2965/2965 2998/2998/2998 2999/2999/2999
f 2965/2965/2965 2999/2999/2999 2966/2966/2966
f 2966/2966/2966 2999/2999/2999 3000/3000/3000
f 2966/2966/2966 3000/3000/3000 2967/2967/2967
f 2967/2967/2967 3000/3000/3000 3001/3001/3001
f 2967/2967/2967 3001/3001/3001 2968/2968/2968
f 2968/2968/2968 3001/3001/3001 3002/3002/3002
f 2968/2968/2968 3002/3002/3002 2969/2969/2969
f 2969/2969/2969 3002/3002/3002 3003/3003/3003
f 2969/2969/2969 3003/3003/3003 2970/2970/2970
f 2971/2971/2971 3004/3004/3004 3005/3005/3005
f 2971/2971/2971 3005/3005/3005 2972/2972/2972
f 2972/2972/2972 3005/3005/3005 3006/3006/3006
f 2972/2972/2972 3006/3006/3006 2973/2973/2973
f 2973/2973/2973 3006/3006/3006 3007/3007/3007
f 2973/2973/2973 3007/3007/3007 2974/2974/2974
f 2974/2974/2974 3007/3007/3007 3008/3008/3008
f 2974/2974/2974 3008/3008/3008 2975/2975/2975
f 2975/2975/2975 3008/3008/3008 3009/3009/3009
f 2975/2975/2975 3009/3009/3009 2976/2976/2976
f 2976/2976/2976 3009/3009/3009 3010/3010/3010
f 2976/2976/2976 3010/3010/3010 2977/2977/2977
f 2977/2977/2977 3010/3010/3010 3011/3011/3011
f 2977/2977/2977 3011/3011/3011 2978/2978/2978
f 2978/2978/2978 3011/3011/3011 3012/3012/3012
f 2978/2978/2978 3012/3012/3012 2979/2979/2979
f 2979/2979/2979 3012/3012/3012 3013/3013/3013
f 2979/2979/2979 3013/3013/3013 2980/2980/2980
f 2980/2980/2980 3013/3013/3013 3014/3014/3014
f 2980/2980/2980 3014/3014/3014 2981/2981/2981
f 2981/2981/2981 3014/3014/3014 3015/3015/3015
f 2981/2981/2981 3015/3015/3015 2982/2982/2982
f 2982/2982/2982 3015/3015/3015 3016/3016/3016
f 2982/2982/2982 3016/3016/3016 2983/2983/2983
f 2983/2983/2983 3016/3016/3016 3017/3017/3017
f 2983/2983/2983 3017/3017/3017 2984/2984/2984
f 2984/2984/2984 3017/3017/3017 3018/3018/3018
f 2984/2984/2984 3018/3018/3018 2985/2985/2985
f 2985/2985/2985 3018/3018/3018 3019/3019/3019
f 2985/2985/2985 3019/3019/3019 2986/2986/2986
f 2986/2986/2986 3019/3019/3019 3020/3020/3020
f 2986/2986/2986 3020/3020/3020 2987/2987/2987
f 2987/2987/2987 3020/3020/3020 3021/3021/3021
f 2987/2987/2987 3021/3021/3021 2988/2988/2988
f 2988/2988/2988 3021/3021/3021 3022/3022/3022
f 2988/2988/2988 3022/3022/3022 2989/2989/2989
f 2989/2989/2989 3022/3022/3022 3023/3023/3023
f 2989/2989/2989 3023/3023/3023 2990/2990/2990
f 2990/2990/2990 3023/3023/3023 3024/3024/3024
f 2990/2990/2990 3024/3024/3024 2991/2991/2991
f 2991/2991/2991 3024/3024/3024 3025/3025/3025
f 2991/2991/2991 3025/3025/3025 2992/2992/2992
f 2992/2992/2992 3025/3025/3025 3026/3026/3026
f 2992/2992/2992 3026/3026/3026 2993/2993/2993
f 2993/2993/2993 3026/3026/3026 3027/3027/3027
f 2993/2993/2993 3027/3027/3027 2994/2994/2994
f 2994/2994/2994 3027/3027/3027 3028/3028/3028
f 2994/2994/2994 3028/3028/3028 2995/2995/2995
f 2995/2995/2995 3028/3028/3028 3029/3029/3029
f 2995/2995/2995 3029/3029/3029 2996/2996/2996
f 2996/2996/2996 3029/3029/3029 3030/3030/3030
f 2996/2996/2996 3030/3030/3030 2997/2997/2997
f 2997/2997/2997 3030/3030/3030 3031/3031/3031
f 2997/2997/2997 3031/3031/3031 2998/2998/2998
f 2998/2998/2998 3031/3031/3031 3032/3032/3032
f 2998/2998/2998 3032/3032/3032 2999/2999/2999
f 2999/2999/2999 3032/3032/3032 3033/3033/3033
f 2999/2999/2999 3033/3033/3033 3000/3000/3000
f 3000/3000/3000 3033/3033/3033 3034/3034/3034
f 3000/3000/3000 3034/3034/3034 3001/3001/3001
f 3001/3001/3001 3034/3034/3034 3035/3035/3035
f 3001/3001/3001 3035/3035/3035 3002/3002/3002
f 3002/3002/3002 3035/3035/3035 3036/3036/3036
f 3002/3002/3002 3036/3036/3036 3003/3003/3003
f 3004/3004/3004 3037/3037/3037 3038/3038/3038
f 3004/3004/3004 3038/3038/3038 3005/3005/3005
f 3005/3005/3005 3038/3038/3038 3039/3039/3039
f 3005/3005/3005 3039/3039/3039 3006/3006/3006
f 3006/3006/3006 3039/3039/3039 3040/3040/3040
f 3006/3006/3006 3040/3040/3040 3007/3007/3007
f 3007/3007/3007 3040/3040/3040 3041/3041/3041
f 3007/3007/3007 3041/3041/3041 3008/3008/3008
f 3008/3008/3008 3041/3041/3041 3042/3042/3042
f 3008/3008/3008 3042/3042/3042 3009/3009/3009
f 3009/3009/3009 3042/3042/3042 3043/3043/3043
f 3009/3009/3009 3043/3043/3043 3010/3010/3010
f 3010/3010/3010 3043/3043/3043 3044/3044/3044
f 3010/3010/3010 3044/3044/3044 3011/3011/3011
f 3011/3011/3011 3044/3044/3044 3045/3045/3045
f 3011/3011/3011 3045/3045/3045 3012/3012/3012
f 3012/3012/3012 3045/3045/3045 3046/3046/3046
f 3012/3012/3012 3046/3046/3046 3013/3013/3013
f 3013/3013/3013 3046/3046/3046 3047/3047/3047
f 3013/3013/3013 3047/3047/3047 3014/3014/3014
f 3014/3014/3014 3047/3047/3047 3048/3048/3048
f 3014/3014/3014 3048/3048/3048 3015/3015/3015
f 3015/3015/3015 3048/3048/3048 3049/3049/3049
f 3015/3015/3015 3049/3049/3049 3016/3016/3016
f 3016/3016/3016 3049/3049/3049 3050/3050/3050
f 3016/3016/3016 3050/3050/3050 3017/3017/3017
f 3017/3017/3017 3050/3050/3050 3051/3051/3051
f 3017/3017/3017 3051/3051/3051 3018/3018/3018
f 3018/3018/3018 3051/3051/3051 3052/3052/3052
f 3018/3018/3018 3052/3052/3052 3019/3019/3019
f 3019/3019/3019 3052/3052/3052 3053/3053/3053
f 3019/3019/3019 3053/3053/3053 3020/3020/3020
f 3020/3020/3020 3053/3053/3053 3054/3054/3054
f 3020/3020/3020 3054/3054/3054 3021/3021/3021
f 3021/3021/3021 3054/3054/3054 3055/3055/3055
f 3021/3021/3021 3055/3055/3055 3022/3022/3022
f 3022/3022/3022 3055/3055/3055 3056/3056/3056
f 3022/3022/3022 3056/3056/3056 3023/3023/3023
f 3023/3023/3023 3056/3056/3056 3057/3057/3057
f 3023/3023/3023 3057/3057/3057 3024/3024/3024
f 3024/3024/3024 3057/3057/3057 3058/3058/3058
f 3024/3024/3024 3058/3058/3058 3025/3025/3025
f 3025/3025/3025 3058/3058/3058 3059/3059/3059
f 3025/3025/3025 3059/3059/3059 3026/3026/3026
f 3026/3026/3026 3059/3059/3059 3060/3060/3060
f 3026/3026/3026 3060/3060/3060 3027/3027/3027
f 3027/3027/3027 3060/3060/3060 3061/3061/3061
f 3027/3027/3027 3061/3061/3061 3028/3028/3028
f 3028/3028/3028 3061/3061/3061 3062/3062/3062
f 3028/3028/3028 3062/3062/3062 3029/3029/3029
f 3029/3029/3029 3062/3062/3062 3063/3063/3063
f 3029/3029/3029 3063/3063/3063 3030/3030/3030
f 3030/3030/3030 3063/3063/3063 3064/3064/3064
f 3030/3030/3030 3064/3064/3064 3031/3031/3031
f 3031/3031/3031 3064/3064/3064 3065/3065/3065
f 3031/3031/3031 3065/3065/3065 3032/3032/3032
f 3032/3032/3032 3065/3065/3065 3066/3066/3066
f 3032/3032/3032 3066/3066/3066 3033/3033/3033
f 3033/3033/3033 3066/3066/3066 3067/3067/3067
f 3033/3033/3033 3067/3067/3067 3034/3034/3034
f 3034/3034/3034 3067/3067/3067 3068/3068/3068
f 3034/3034/3034 3068/3068/3068 3035/3035/3035
f 3035/3035/3035 3068/3068/3068 3069/3069/3069
f 3035/3035/3035 3069/3069/3069 3036/3036/3036
f 3037/3037/3037 3070/3070/3070 3071/3071/3071
f 3037/3037/3037 3071/3071/3071 3038/3038/3038
f 3038/3038/3038 3071/3071/3071 3072/3072/3072
f 3038/3038/3038 3072/3072/3072 3039/3039/3039
f 3039/3039/3039 3072/3072/3072 3073/3073/3073
f 3039/3039/3039 3073/3073/3073 3040/3040/3040
f 3040/3040/3040 3073/3073/3073 3074/3074/3074
f 3040/3040/3040 3074/3074/3074 3041/3041/3041
f 3041/3041/3041 3074/3074/3074 3075/3075/3075
f 3041/3041/3041 3075/3075/3075 3042/3042/3042
f 3042/3042/3042 3075/3075/3075 3076/3076/3076
f 3042/3042/3042 3076/3076/3076 3043/3043/3043
f 3043/3043/3043 3076/3076/3076 3077/3077/3077
f 3043/3043/3043 3077/3077/3077 3044/3044/3044
f 3044/3044/3044 3077/3077/3077 3078/3078/3078
f 3044/3044/3044 3078/3078/3078 3045/3045/3045
f 3045/3045/3045 3078/3078/3078 3079/3079/3079
f 3045/3045/3045 3079/3079/3079 3046/3046/3046
f 3046/3046/3046 3079/3079/3079 3080/3080/3080
f 3046/3046/3046 3080/3080/3080 3047/3047/3047
f 3047/3047/3047 3080/3080/3080 3081/3081/3081
f 3047/3047/3047 3081/3081/3081 3048/3048/3048
f 3048/3048/3048 3081/3081/3081 3082/3082/3082
f 3048/3048/3048 3082/3082/3082 3049/3049/3049
f 3049/3049/3049 3082/3082/3082 3083/3083/3083
f 3049/3049/3049 3083/3083/3083 3050/3050/3050
f 3050/3050/3050 3083/3083/3083 3084/3084/3084
f 3050/3050/3050 3084/3084/3084 3051/3051/3051
f 3051/3051/3051 3084/3084/3084 3085/3085/3085
f 3051/3051/3051 3085/3085/3085 3052/3052/3052
f 3052/3052/3052 3085/3085/3085 3086/3086/3086
f 3052/3052/3052 3086/3086/3086 3053/3053/3053
f 3053/3053/3053 3086/3086/3086 3087/3087/3087
f 3053/3053/3053 3087/3087/3087 3054/3054/3054
f 3054/3054/3054 3087/3087/3087 3088/3088/3088
f 3054/3054/3054 3088/3088/3088 3055/3055/3055
f 3055/3055/3055 3088/3088/3088 3089/3089/3089
f 3055/3055/3055 3089/3089/3089 3056/3056/3056
f 3056/3056/3056 3089/3089/3089 3090/3090/3090
f 3056/3056/3056 3090/3090/3090 3057/3057/3057
f 3057/3057/3057 3090/3090/3090 3091/3091/3091
f 3057/3057/3057 3091/3091/3091 3058/3058/3058
f 3058/3058/3058 3091/3091/3091 3092/3092/3092
f 3058/3058/3058 3092/3092/3092 3059/3059/3059
f 3059/3059/3059 3092/3092/3092 3093/3093/3093
f 3059/3059/3059 3093/3093/3093 3060/3060/3060
f 3060/3060/3060 3093/3093/3093 3094/3094/3094
f 3060/3060/3060 3094/3094/3094 3061/3061/3061
f 3061/3061/3061 3094/3094/3094 3095/3095/3095
f 3061/3061/3061 3095/3095/3095 3062/3062/3062
f 3062/3062/3062 3095/3095/3095 3096/3096/3096
f 3062/3062/3062 3096/3096/3096 3063/3063/3063
f 3063/3063/3063 3096/3096/3096 3097/3097/3097
f 3063/3063/3063 3097/3097/3097 3064/3064/3064
f 3064/3064/3064 3097/3097/3097 3098/3098/3098
f 3064/3064/3064 3098/3098/3098 3065/3065/3065
f 3065/3065/3065 3098/3098/3098 3099/3099/3099
f 3065/3065/3065 3099/3099/3099 3066/3066/3066
f 3066/3066/3066 3099/3099/3099 3100/3100/3100
f 3066/3066/3066 3100/3100/3100 3067/3067/3067
f 3067/3067/3067 3100/3100/3100 3101/3101/3101
f 3067/3067/3067 3101/3101/3101 3068/3068/3068
f 3068/3068/3068 3101/3101/3101 3102/3102/3102
f 3068/3068/3068 3102/3102/3102 3069/3069/3069
f 3070/3070/3070 3103/3103/3103 3104/3104/3104
f 3070/3070/3070 3104/3104/3104 3071/3071/3071
f 3071/3071/3071 3104/3104/3104 3105/3105/3105
f 3071/3071/3071 3105/3105/3105 3072/3072/3072
f 3072/3072/3072 3105/3105/3105 3106/3106/3106
f 3072/3072/3072 3106/3106/3106 3073/3073/3073
f 3073/3073/3073 3106/3106/3106 3107/3107/3107
f 3073/3073/3073 3107/3107/3107 3074/3074/3074
f 3074/3074/3074 3107/3107/3107 3108/3108/3108
f 3074/3074/3074 3108/3108/3108 3075/3075/3075
f 3075/3075/3075 3108/3108/3108 3109/3109/3109
f 3075/3075/3075 3109/3109/3109 3076/3076/3076
f 3076/3076/3076 3109/3109/3109 3110/3110/3110
f 3076/3076/3076 3110/3110/3110 3077/3077/3077
f 3077/3077/3077 3110/3110/3110 3111/3111/3111
f 3077/3077/3077 3111/3111/3111 3078/3078/3078
f 3078/3078/3078 3111/3111/3111 3112/3112/3112
f 3078/3078/3078 3112/3112/3112 3079/3079/3079
f 3079/3079/3079 3112/3112/3112 3113/3113/3113
f 3079/3079/3079 3113/3113/3113 3080/3080/3080
f 3080/3080/3080 3113/3113/3113 3114/3114/3114
f 3080/3080/3080 3114/3114/3114 3081/3081/3081
f 3081/3081/3081 3114/3114/3114 3115/3115/3115
f 3081/3081/3081 3115/3115/3115 3082/3082/3082
f 3082/3082/3082 3115/3115/3115 3116/3116/3116
f 3082/3082/3082 3116/3116/3116 3083/3083/3083
f 3083/3083/3083 3116/3116/3116 3117/3117/3117
f 3083/3083/3083 3117/3117/3117 3084/3084/3084
f 3084/3084/3084 3117/3117/3117 3118/3118/3118
f 3084/3084/3084 3118/3118/3118 3085/3085/3085
f 3085/3085/3085 3118/3118/3118 3119/3119/3119
f 3085/3085/3085 3119/3119/3119 3086/3086/3086
f 3086/3086/3086 3119/3119/3119 3120/3120/3120
f 3086/3086/3086 3120/3120/3120 3087/3087/3087
f 3087/3087/3087 3120/3120/3120 3121/3121/3121
f 3087/3087/3087 3121/3121/3121 3088/3088/3088
f 3088/3088/3088 3121/3121/3121 3122/3122/3122
f 3088/3088/3088 3122/3122/3122 3089/3089/3089
f 3089/3089/3089 3122/3122/3122 3123/3123/3123
f 3089/3089/3089 3123/3123/3123 3090/3090/3090
f 3090/3090/3090 3123/3123/3123 3124/3124/3124
f 3090/3090/3090 3124/3124/3124 3091/3091/3091
f 3091/3091/3091 3124/3124/3124 3125/3125/3125
f 3091/3091/3091 3125/3125/3125 3092/3092/3092
f 3092/3092/3092 3125/3125/3125 3126/3126/3126
f 3092/3092/3092 3126/3126/3126 3093/3093/3093
f 3093/3093/3093 3126/3126/3126 3127/3127/3127
f 3093/3093/3093 3127/3127/3127 3094/3094/3094
f 3094/3094/3094 3127/3127/3127 3128/3128/3128
f 3094/3094/3094 3128/3128/3128 3095/3095/3095
f 3095/3095/3095 3128/3128/3128 3129/3129/3129
f 3095/3095/3095 3129/3129/3129 3096/3096/3096
f 3096/3096/3096 3129/3129/3129 3130/3130/3130
f 3096/3096/3096 3130/3130/3130 3097/3097/3097
f 3097/3097/3097 3130/3130/3130 3131/3131/3131
f 3097/3097/3097 3131/3131/3131 3098/3098/3098
f 3098/3098/3098 3131/3131/3131 3132/3132/3132
f 3098/3098/3098 3132/3132/3132 3099/3099/3099
f 3099/3099/3099 3132/3132/3132 3133/3133/3133
f 3099/3099/3099 3133/3133/3133 3100/3100/3100
f 3100/3100/3100 3133/3133/3133 3134/3134/3134
f 3100/3100/3100 3134/3134/3134 3101/3101/3101
f 3101/3101/3101 3134/3134/3134 3135/3135/3135
f 3101/3101/3101 3135/3135/3135 3102/3102/3102
f 3103/3103/3103 3136/3136/3136 3137/3137/3137
f 3103/3103/3103 3137/3137/3137 3104/3104/3104
f 3104/3104/3104 3137/3137/3137 3138/3138/3138
f 3104/3104/3104 3138/3138/3138 3105/3105/3105
f 3105/3105/3105 3138/3138/3138 3139/3139/3139
f 3105/3105/3105 3139/3139/3139 3106/3106/3106
f 3106/3106/3106 3139/3139/3139 3140/3140/3140
f 3106/3106/3106 3140/3140/3140 3107/3107/3107
f 3107/3107/3107 3140/3140/3140 3141/3141/3141
f 3107/3107/3107 3141/3141/3141 3108/3108/3108
f 3108/3108/3108 3141/3141/3141 3142/3142/3142
f 3108/3108/3108 3142/3142/3142 3109/3109/3109
f 3109/3109/3109 3142/3142/3142 3143/3143/3143
f 3109/3109/3109 3143/3143/3143 3110/3110/3110
f 3110/3110/3110 3143/3143/3143 3144/3144/3144
f 3110/3110/3110 3144/3144/3144 3111/3111/3111
f 3111/3111/3111 3144/3144/3144 3145/3145/3145
f 3111/3111/3111 3145/3145/3145 3112/3112/3112
f 3112/3112/3112 3145/3145/3145 3146/3146/3146
f 3112/3112/3112 3146/3146/3146 3113/3113/3113
f 3113/3113/3113 3146/3146/3146 3147/3147/3147
f 3113/3113/3113 3147/3147/3147 3114/3114/3114
f 3114/3114/3114 3147/3147/3147 3148/3148/3148
f 3114/3114/3114 3148/3148/3148 3115/3115/3115
f 3115/3115/3115 3148/3148/3148 3149/3149/3149
f 3115/3115/3115 3149/3149/3149 3116/3116/3116
f 3116/3116/3116 3149/3149/3149 3150/3150/3150
f 3116/3116/3116 3150/3150/3150 3117/3117/3117
f 3117/3117/3117 3150/3150/3150 3151/3151/3151
f 3117/3117/3117 3151/3151/3151 3118/3118/3118
f 3118/3118/3118 3151/3151/3151 3152/3152/3152
f 3118/3118/3118 3152/3152/3152 3119/3119/3119
f 3119/3119/3119 3152/3152/3152 3153/3153/3153
f 3119/3119/3119 3153/3153/3153 3120/3120/3120
f 3120/3120/3120 3153/3153/3153 3154/3154/3154
f 3120/3120/3120 3154/3154/3154 3121/3121/3121
f 3121/3121/3121 3154/3154/3154 3155/3155/3155
f 3121/3121/3121 3155/3155/3155 3122/3122/3122
f 3122/3122/3122 3155/3155/3155 3156/3156/3156
f 3122/3122/3122 3156/3156/3156 3123/3123/3123
f 3123/3123/3123 3156/3156/3156 3157/3157/3157
f 3123/3123/3123 3157/3157/3157 3124/3124/3124
f 3124/3124/3124 3157/3157/3157 3158/3158/3158
f 3124/3124/3124 3158/3158/3158 3125/3125/3125
f 3125/3125/3125 3158/3158/3158 3159/3159/3159
f 3125/3125/3125 3159/3159/3159 3126/3126/3126
f 3126/3126/3126 3159/3159/3159 3160/3160/3160
f 3126/3126/3126 3160/3160/3160 3127/3127/3127
f 3127/3127/3127 3160/3160/3160 3161/3161/3161
f 3127/3127/3127 3161/3161/3161 3128/3128/3128
f 3128/3128/3128 3161/3161/3161 3162/3162/3162
f 3128/3128/3128 3162/3162/3162 3129/3129/3129
f 3129/3129/3129 3162/3162/3162 3163/3163/3163
f 3129/3129/3129 3163/3163/3163 3130/3130/3130
f 3130/3130/3130 3163/3163/3163 3164/3164/3164
f 3130/3130/3130 3164/3164/3164 3131/3131/3131
f 3131/3131/3131 3164/3164/3164 3165/3165/3165
f 3131/3131/3131 3165/3165/3165 3132/3132/3132
f 3132/3132/3132 3165/3165/3165 3166/3166/3166
f 3132/3132/3132 3166/3166/3166 3133/3133/3133
f 3133/3133/3133 3166/3166/3166 3167/3167/3167
f 3133/3133/3133 3167/3167/3167 3134/3134/3134
f 3134/3134/3134 3167/3167/3167 3168/3168/3168
f 3134/3134/3134 3168/3168/3168 3135/3135/3135
f 3136/3136/3136 3169/3169/3169 3170/3170/3170
f 3136/3136/3136 3170/3170/3170 3137/3137/3137
f 3137/3137/3137 3170/3170/3170 3171/3171/3171
f 3137/3137/3137 3171/3171/3171 3138/3138/3138
f 3138/3138/3138 3171/3171/3171 3172/3172/3172
f 3138/3138/3138 3172/3172/3172 3139/3139/3139
f 3139/3139/3139 3172/3172/3172 3173/3173/3173
f 3139/3139/3139 3173/3173/3173 3140/3140/3140
f 3140/3140/3140 3173/3173/3173 3174/3174/3174
f 3140/3140/3140 3174/3174/3174 3141/3141/3141
f 3141/3141/3141 3174/3174/3174 3175/3175/3175
f 3141/3141/3141 3175/3175/3175 3142/3142/3142
f 3142/3142/3142 3175/3175/3175 3176/3176/3176
f 3142/3142/3142 3176/3176/3176 3143/3143/3143
f 3143/3143/3143 3176/3176/3176 3177/3177/3177
f 3143/3143/3143 3177/3177/3177 3144/3144/3144
f 3144/3144/3144 3177/3177/3177 3178/3178/3178
f 3144/3144/3144 3178/3178/3178 3145/3145/3145
f 3145/3145/3145 3178/3178/3178 3179/3179/3179
f 3145/3145/3145 3179/3179/3179 3146/3146/3146
f 3146/3146/3146 3179/3179/3179 3180/3180/3180
f 3146/3146/3146 3180/3180/3180 3147/3147/3147
f 3147/3147/3147 3180/3180/3180 3181/3181/3181
f 3147/3147/3147 3181/3181/3181 3148/3148/3148
f 3148/3148/3148 3181/3181/3181 3182/3182/3182
f 3148/3148/3148 3182/3182/3182 3149/3149/3149
f 3149/3149/3149 3182/3182/3182 3183/3183/3183
f 3149/3149/3149 3183/3183/3183 3150/3150/3150
f 3150/3150/3150 3183/3183/3183 3184/3184/3184
f 3150/3150/3150 3184/3184/3184 3151/3151/3151
f 3151/3151/3151 3184/3184/3184 3185/3185/3185
f 3151/3151/3151 3185/3185/3185 3152/3152/3152
f 3152/3152/3152 3185/3185/3185 3186/3186/3186
f 3152/3152/3152 3186/3186/3186 3153/3153/3153
f 3153/3153/3153 3186/3186/3186 3187/3187/3187
f 3153/3153/3153 3187/3187/3187 3154/3154/3154
f 3154/3154/3154 3187/3187/3187 3188/3188/3188
f 3154/3154/3154 3188/3188/3188 3155/3155/3155
f 3155/3155/3155 3188/3188/3188 3189/3189/3189
f 3155/3155/3155 3189/3189/3189 3156/3156/3156
f 3156/3156/3156 3189/3189/3189 3190/3190/3190
f 3156/3156/3156 3190/3190/3190 3157/3157/3157
f 3157/3157/3157 3190/3190/3190 3191/3191/3191
f 3157/3157/3157 3191/3191/3191 3158/3158/3158
f 3158/3158/3158 3191/3191/3191 3192/3192/3192
f 3158/3158/3158 3192/3192/3192 3159/3159/3159
f 3159/3159/3159 3192/3192/3192 3193/3193/3193
f 3159/3159/3159 3193/3193/3193 3160/3160/3160
f 3160/3160/3160 3193/3193/3193 3194/3194/3194
f 3160/3160/3160 3194/3194/3194 3161/3161/3161
f 3161/3161/3161 3194/3194/3194 3195/3195/3195
f 3161/3161/3161 3195/3195/3195 3162/3162/3162
f 3162/3162/3162 3195/3195/3195 3196/3196/3196
f 3162/3162/3162 3196/3196/3196 3163/3163/3163
f 3163/3163/3163 3196/3196/3196 3197/3197/3197
f 3163/3163/3163 3197/3197/3197 3164/3164/3164
f 3164/3164/3164 3197/3197/3197 3198/3198/3198
f 3164/3164/3164 3198/3198/3198 3165/3165/3165
f 3165/3165/3165 3198/3198/3198 3199/3199/3199
f 3165/3165/3165 3199/3199/3199 3166/3166/3166
f 3166/3166/3166 3199/3199/3199 3200/3200/3200
f 3166/3166/3166 3200/3200/3200 3167/3167/3167
f 3167/3167/3167 3200/3200/3200 3201/3201/3201
f 3167/3167/3167 3201/3201/3201 3168/3168/3168
f 3202/3202/3202 3235/3235/3235 3236/3236/3236
f 3202/3202/3202 3236/3236/3236 3203/3203/3203
f 3203/3203/3203 3236/3236/3236 3237/3237/3237
f 3203/3203/3203 3237/3237/3237 3204/3204/3204
f 3204/3204/3204 3237/3237/3237 3238/3238/3238
f 3204/3204/3204 3238/3238/3238 3205/3205/3205
f 3205/3205/3205 3238/3238/3238 3239/3239/3239
f 3205/3205/3205 3239/3239/3239 3206/3206/3206
f 3206/3206/3206 3239/3239/3239 3240/3240/3240
f 3206/3206/3206 3240/3240/3240 3207/3207/3207
f 3207/3207/3207 3240/3240/3240 3241/3241/3241
f 3207/3207/3207 3241/3241/3241 3208/3208/3208
f 3208/3208/3208 3241/3241/3241 3242/3242/3242
f 3208/3208/3208 3242/3242/3242 3209/3209/3209
f 3209/3209/3209 3242/3242/3242 3243/3243/3243
f 3209/3209/3209 3243/3243/3243 3210/3210/3210
f 3210/3210/3210 3243/3243/3243 3244/3244/3244
f 3210/3210/3210 3244/3244/3244 3211/3211/3211
f 3211/3211/3211 3244/3244/3244 3245/3245/3245
f 3211/3211/3211 3245/3245/3245 3212/3212/3212
f 3212/3212/3212 3245/3245/3245 3246/3246/3246
f 3212/3212/3212 3246/3246/3246 3213/3213/3213
f 3213/3213/3213 3246/3246/3246 3247/3247/3247
f 3213/3213/3213 3247/3247/3247 3214/3214/3214
f 3214/3214/3214 3247/3247/3247 3248/3248/3248
f 3214/3214/3214 3248/3248/3248 3215/3215/3215
f 3215/3215/3215 3248/3248/3248 3249/3249/3249
f 3215/3215/3215 3249/3249/3249 3216/3216/3216
f 3216/3216/3216 3249/3249/3249 3250/3250/3250
f 3216/3216/3216 3250/3250/3250 3217/3217/3217
f 3217/3217/3217 3250/3250/3250 3251/3251/3251
f 3217/3217/3217 3251/3251/3251 3218/3218/3218
f 3218/3218/3218 3251/3251/3251 3252/3252/3252
f 3218/3218/3218 3252/3252/3252 3219/3219/3219
f 3219/3219/3219 3252/3252/3252 3253/3253/3253
f 3219/3219/3219 3253/3253/3253 3220/3220/3220
f 3220/3220/3220 3253/3253/3253 3254/3254/3254
f 3220/3220/3220 3254/3254/3254 3221/3221/3221
f 3221/3221/3221 3254/3254/3254 3255/3255/3255
f 3221/3221/3221 3255/3255/3255 3222/3222/3222
f 3222/3222/3222 3255/3255/3255 3256/3256/3256
f 3222/3222/3222 3256/3256/3256 3223/3223/3223
f 3223/3223/3223 3256/3256/3256 3257/3257/3257
f 3223/3223/3223 3257/3257/3257 3224/3224/3224
f 3224/3224/3224 3257/3257/3257 3258/3258/3258
f 3224/3224/3224 3258/3258/3258 3225/3225/3225
f 3225/3225/3225 3258/3258/3258 3259/3259/3259
f 3225/3225/3225 3259/3259/3259 3226/3226/3226
f 3226/3226/3226 3259/3259/3259 3260/3260/3260
f 3226/3226/3226 3260/3260/3260 3227/3227/3227
f 3227/3227/3227 3260/3260/3260 3261/3261/3261
f 3227/3227/3227 3261/3261/3261 3228/3228/3228
f 3228/3228/3228 3261/3261/3261 3262/3262/3262
f 3228/3228/3228 3262/3262/3262 3229/3229/3229
f 3229/3229/3229 3262/3262/3262 3263/3263/3263
f 3229/3229/3229 3263/3263/3263 3230/3230/3230
f 3230/3230/3230 3263/3263/3263 3264/3264/3264
f 3230/3230/3230 3264/3264/3264 3231/3231/3231
f 3231/3231/3231 3264/3264/3264 3265/3265/3265
f 3231/3231/3231 3265/3265/3265 3232/3232/3232
f 3232/3232/3232 3265/3265/3265 3266/3266/3266
f 3232/3232/3232 3266/3266/3266 3233/3233/3233
f 3233/3233/3233 3266/3266/3266 3267/3267/3267
f 3233/3233/3233 3267/3267/3267 3234/3234/3234
f 3235/3235/3235 3268/3268/3268 3269/3269/3269
f 3235/3235/3235 3269/3269/3269 3236/3236/3236
f 3236/3236/3236 3269/3269/3269 3270/3270/3270
f 3236/3236/3236 3270/3270/3270 3237/3237/3237
f 3237/3237/3237 3270/3270/3270 3271/3271/3271
f 3237/3237/3237 3271/3271/3271 3238/3238/3238
f 3238/3238/3238 3271/3271/3271 3272/3272/3272
f 3238/3238/3238 3272/3272/3272 3239/3239/3239
f 3239/3239/3239 3272/3272/3272 3273/3273/3273
f 3239/3239/3239 3273/3273/3273 3240/3240/3240
f 3240/3240/3240 3273/3273/3273 3274/3274/3274
f 3240/3240/3240 3274/3274/3274 3241/3241/3241
f 3241/3241/3241 3274/3274/3274 3275/3275/3275
f 3241/3241/3241 3275/3275/3275 3242/3242/3242
f 3242/3242/3242 3275/3275/3275 3276/3276/3276
f 3242/3242/3242 3276/3276/3276 3243/3243/3243
f 3243/3243/3243 3276/3276/3276 3277/3277/3277
f 3243/3243/3243 3277/3277/3277 3244/3244/3244
f 3244/3244/3244 3277/3277/3277 3278/3278/3278
f 3244/3244/3244 3278/3278/3278 3245/3245/3245
f 3245/3245/3245 3278/3278/3278 3279/3279/3279
f 3245/3245/3245 3279/3279/3279 3246/3246/3246
f 3246/3246/3246 3279/3279/3279 3280/3280/3280
f 3246/3246/3246 3280/3280/3280 3247/3247/3247
f 3247/3247/3247 3280/3280/3280 3281/3281/3281
f 3247/3247/3247 3281/3281/3281 3248/3248/3248
f 3248/3248/3248 3281/3281/3281 3282/3282/3282
f 3248/3248/3248 3282/3282/3282 3249/3249/3249
f 3249/3249/3249 3282/3282/3282 3283/3283/3283
f 3249/3249/3249 3283/3283/3283 3250/3250/3250
f 3250/3250/3250 3283/3283/3283 3284/3284/3284
f 3250/3250/3250 3284/3284/3284 3251/3251/3251
f 3251/3251/3251 3284/3284/3284 3285/3285/3285
f 3251/3251/3251 3285/3285/3285 3252/3252/3252
f 3252/3252/3252 3285/3285/3285 3286/3286/3286
f 3252/3252/3252 3286/3286/3286 3253/3253/3253
f 3253/3253/3253 3286/3286/3286 3287/3287/3287
f 3253/3253/3253 3287/3287/3287 3254/3254/3254
f 3254/3254/3254 3287/3287/3287 3288/3288/3288
f 3254/3254/3254 3288/3288/3288 3255/3255/3255
f 3255/3255/3255 3288/3288/3288 3289/3289/3289
f 3255/3255/3255 3289/3289/3289 3256/3256/3256
f 3256/3256/3256 3289/3289/3289 3290/3290/3290
f 3256/3256/3256 3290/3290/3290 3257/3257/3257
f 3257/3257/3257 3290/3290/3290 3291/3291/3291
f 3257/3257/3257 3291/3291/3291 3258/3258/3258
f 3258/3258/3258 3291/3291/3291 3292/3292/3292
f 3258/3258/3258 3292/3292/3292 3259/3259/3259
f 3259/3259/3259 3292/3292/3292 3293/3293/3293
f 3259/3259/3259 3293/3293/3293 3260/3260/3260
f 3260/3260/3260 3293/3293/3293 3294/3294/3294
f 3260/3260/3260 3294/3294/3294 3261/3261/3261
f 3261/3261/3261 3294/3294/3294 3295/3295/3295
f 3261/3261/3261 3295/3295/3295 3262/3262/3262
f 3262/3262/3262 3295/3295/3295 3296/3296/3296
f 3262/3262/3262 3296/3296/3296 3263/3263/3263
f 3263/3263/3263 3296/3296/3296 3297/3297/3297
f 3263/3263/3263 3297/3297/3297 3264/3264/3264
f 3264/3264/3264 3297/3297/3297 3298/3298/3298
f 3264/3264/3264 3298/3298/3298 3265/3265/3265
f 3265/3265/3265 3298/3298/3298 3299/3299/3299
f 3265/3265/3265 3299/3299/3299 3266/3266/3266
f 3266/3266/3266 3299/3299/3299 3300/3300/3300
f 3266/3266/3266 3300/3300/3300 3267/3267/3267
f 3268/3268/3268 3301/3301/3301 3302/3302/3302
f 3268/3268/3268 3302/3302/3302 3269/3269/3269
f 3269/3269/3269 3302/3302/3302 3303/3303/3303
f 3269/3269/3269 3303/3303/3303 3270/3270/3270
f 3270/3270/3270 3303/3303/3303 3304/3304/3304
f 3270/3270/3270 3304/3304/3304 3271/3271/3271
f 3271/3271/3271 3304/3304/3304 3305/3305/3305
f 3271/3271/3271 3305/3305/3305 3272/3272/3272
f 3272/3272/3272 3305/3305/3305 3306/3306/3306
f 3272/3272/3272 3306/3306/3306 3273/3273/3273
f 3273/3273/3273 3306/3306/3306 3307/3307/3307
f 3273/3273/3273 3307/3307/3307 3274/3274/3274
f 3274/3274/3274 3307/3307/3307 3308/3308/3308
f 3274/3274/3274 3308/3308/3308 3275/3275/3275
f 3275/3275/3275 3308/3308/3308 3309/3309/3309
f 3275/3275/3275 3309/3309/3309 3276/3276/3276
f 3276/3276/3276 3309/3309/3309 3310/3310/3310
f 3276/3276/3276 3310/3310/3310 3277/3277/3277
f 3277/3277/3277 3310/3310/3310 3311/3311/3311
f 3277/3277/3277 3311/3311/3311 3278/3278/3278
f 3278/3278/3278 3311/3311/3311 3312/3312/3312
f 3278/3278/3278 3312/3312/3312 3279/3279/3279
f 3279/3279/3279 3312/3312/3312 3313/3313/3313
f 3279/3279/3279 3313/3313/3313 3280/3280/3280
f 3280/3280/3280 3313/3313/3313 3314/3314/3314
f 3280/3280/3280 3314/3314/3314 3281/3281/3281
f 3281/3281/3281 3314/3314/3314 3315/3315/3315
f 3281/3281/3281 3315/3315/3315 3282/3282/3282
f 3282/3282/3282 3315/3315/3315 3316/3316/3316
f 3282/3282/3282 3316/3316/3316 3283/3283/3283
f 3283/3283/3283 3316/3316/3316 3317/3317/3317
f 3283/3283/3283 3317/3317/3317 3284/3284/3284
f 3284/3284/3284 3317/3317/3317 3318/3318/3318
f 3284/3284/3284 3318/3318/3318 3285/3285/3285
f 3285/3285/3285 3318/3318/3318 3319/3319/3319
f 3285/3285/3285 3319/3319/3319 3286/3286/3286
f 3286/3286/3286 3319/3319/3319 3320/3320/3320
f 3286/3286/3286 3320/3320/3320 3287/3287/3287
f 3287/3287/3287 3320/3320/3320 3321/3321/3321
f 3287/3287/3287 3321/3321/3321 3288/3288/3288
f 3288/3288/3288 3321/3321/3321 3322/3322/3322
f 3288/3288/3288 3322/3322/3322 3289/3289/3289
f 3289/3289/3289 3322/3322/3322 3323/3323/3323
f 3289/3289/3289 3323/3323/3323 3290/3290/3290
f 3290/3290/3290 3323/3323/3323 3324/3324/3324
f 3290/3290/3290 3324/3324/3324 3291/3291/3291
f 3291/3291/3291 3324/3324/3324 3325/3325/3325
f 3291/3291/3291 3325/3325/3325 3292/3292/3292
f 3292/3292/3292 3325/3325/3325 3326/3326/3326
f 3292/3292/3292 3326/3326/3326 3293/3293/3293
f 3293/3293/3293 3326/3326/3326 3327/3327/3327
f 3293/3293/3293 3327/3327/3327 3294/3294/3294
f 3294/3294/3294 3327/3327/3327 3328/3328/3328
f 3294/3294/3294 3328/3328/3328 3295/3295/3295
f 3295/3295/3295 3328/3328/3328 3329/3329/3329
f 3295/3295/3295 3329/3329/3329 3296/3296/3296
f 3296/3296/3296 3329/3329/3329 3330/3330/3330
f 3296/3296/3296 3330/3330/3330 3297/3297/3297
f 3297/3297/3297 3330/3330/3330 3331/3331/3331
f 3297/3297/3297 3331/3331/3331 3298/3298/3298
f 3298/3298/3298 3331/3331/3331 3332/3332/3332
f 3298/3298/3298 3332/3332/3332 3299/3299/3299
f 3299/3299/3299 3332/3332/3332 3333/3333/3333
f 3299/3299/3299 3333/3333/3333 3300/3300/3300
f 3301/3301/3301 3334/3334/3334 3335/3335/3335
f 3301/3301/3301 3335/3335/3335 3302/3302/3302
f 3302/3302/3302 3335/3335/3335 3336/3336/3336
f 3302/3302/3302 3336/3336/3336 3303/3303/3303
f 3303/3303/3303 3336/3336/3336 3337/3337/3337
f 3303/3303/3303 3337/3337/3337 3304/3304/3304
f 3304/3304/3304 3337/3337/3337 3338/3338/3338
f 3304/3304/3304 3338/3338/3338 3305/3305/3305
f 3305/3305/3305 3338/3338/3338 3339/3339/3339
f 3305/3305/3305 3339/3339/3339 3306/3306/3306
f 3306/3306/3306 3339/3339/3339 3340/3340/3340
f 3306/3306/3306 3340/3340/3340 3307/3307/3307
f 3307/3307/3307 3340/3340/3340 3341/3341/3341
f 3307/3307/3307 3341/3341/3341 3308/3308/3308
f 3308/3308/3308 3341/3341/3341 3342/3342/3342
f 3308/3308/3308 3342/3342/3342 3309/3309/3309
f 3309/3309/3309 3342/3342/3342 3343/3343/3343
f 3309/3309/3309 3343/3343/3343 3310/3310/3310
f 3310/3310/3310 3343/3343/3343 3344/3344/3344
f 3310/3310/3310 3344/3344/3344 3311/3311/3311
f 3311/3311/3311 3344/3344/3344 3345/3345/3345
f 3311/3311/3311 3345/3345/3345 3312/3312/3312
f 3312/3312/3312 3345/3345/3345 3346/3346/3346
f 3312/3312/3312 3346/3346/3346 3313/3313/3313
f 3313/3313/3313 3346/3346/3346 3347/3347/3347
f 3313/3313/3313 3347/3347/3347 3314/3314/3314
f 3314/3314/3314 3347/3347/3347 3348/3348/3348
f 3314/3314/3314 3348/3348/3348 3315/3315/3315
f 3315/3315/3315 3348/3348/3348 3349/3349/3349
f 3315/3315/3315 3349/3349/3349 3316/3316/3316
f 3316/3316/3316 3349/3349/3349 3350/3350/3350
f 3316/3316/3316 3350/3350/3350 3317/3317/3317
f 3317/3317/3317 3350/3350/3350 3351/3351/3351
f 3317/3317/3317 3351/3351/3351 3318/3318/3318
f 3318/3318/3318 3351/3351/3351 3352/3352/3352
f 3318/3318/3318 3352/3352/3352 3319/3319/3319
f 3319/3319/3319 3352/3352/3352 3353/3353/3353
f 3319/3319/3319 3353/3353/3353 3320/3320/3320
f 3320/3320/3320 3353/3353/3353 3354/3354/3354
f 3320/3320/3320 3354/3354/3354 3321/3321/3321
f 3321/3321/3321 3354/3354/3354 3355/3355/3355
f 3321/3321/3321 3355/3355/3355 3322/3322/3322
f 3322/3322/3322 3355/3355/3355 3356/3356/3356
f 3322/3322/3322 3356/3356/3356 3323/3323/3323
f 3323/3323/3323 3356/3356/3356 3357/3357/3357
f 3323/3323/3323 3357/3357/3357 3324/3324/3324
f 3324/3324/3324 3357/3357/3357 3358/3358/3358
f 3324/3324/3324 3358/3358/3358 3325/3325/3325
f 3325/3325/3325 3358/3358/3358 3359/3359/3359
f 3325/3325/3325 3359/3359/3359 3326/3326/3326
f 3326/3326/3326 3359/3359/3359 3360/3360/3360
f 3326/3326/3326 3360/3360/3360 3327/3327/3327
f 3327/3327/3327 3360/3360/3360 3361/3361/3361
f 3327/3327/3327 3361/3361/3361 3328/3328/3328
f 3328/3328/3328 3361/3361/3361 3362/3362/3362
f 3328/3328/3328 3362/3362/3362 3329/3329/3329
f 3329/3329/3329 3362/3362/3362 3363/3363/3363
f 3329/3329/3329 3363/3363/3363 3330/3330/3330
f 3330/3330/3330 3363/3363/3363 3364/3364/3364
f 3330/3330/3330 3364/3364/3364 3331/3331/3331
f 3331/3331/3331 3364/3364/3364 3365/3365/3365
f 3331/3331/3331 3365/3365/3365 3332/3332/3332
f 3332/3332/3332 3365/3365/3365 3366/3366/3366
f 3332/3332/3332 3366/3366/3366 3333/3333/3333
f 3334/3334/3334 3367/3367/3367 3368/3368/3368
f 3334/3334/3334 3368/3368/3368 3335/3335/3335
f 3335/3335/3335 3368/3368/3368 3369/3369/3369
f 3335/3335/3335 3369/3369/3369 3336/3336/3336
f 3336/3336/3336 3369/3369/3369 3370/3370/3370
f 3336/3336/3336 3370/3370/3370 3337/3337/3337
f 3337/3337/3337 3370/3370/3370 3371/3371/3371
f 3337/3337/3337 3371/3371/3371 3338/3338/3338
f 3338/3338/3338 3371/3371/3371 3372/3372/3372
f 3338/3338/3338 3372/3372/3372 3339/3339/3339
f 3339/3339/3339 3372/3372/3372 3373/3373/3373
f 3339/3339/3339 3373/3373/3373 3340/3340/3340
f 3340/3340/3340 3373/3373/3373 3374/3374/3374
f 3340/3340/3340 3374/3374/3374 3341/3341/3341
f 3341/3341/3341 3374/3374/3374 3375/3375/3375
f 3341/3341/3341 3375/3375/3375 3342/3342/3342
f 3342/3342/3342 3375/3375/3375 3376/3376/3376
f 3342/3342/3342 3376/3376/3376 3343/3343/3343
f 3343/3343/3343 3376/3376/3376 3377/3377/3377
f 3343/3343/3343 3377/3377/3377 3344/3344/3344
f 3344/3344/3344 3377/3377/3377 3378/3378/3378
f 3344/3344/3344 3378/3378/3378 3345/3345/3345
f 3345/3345/3345 3378/3378/3378 3379/3379/3379
f 3345/3345/3345 3379/3379/3379 3346/3346/3346
f 3346/3346/3346 3379/3379/3379 3380/3380/3380
f 3346/3346/3346 3380/3380/3380 3347/3347/3347
f 3347/3347/3347 3380/3380/3380 3381/3381/3381
f 3347/3347/3347 3381/3381/3381 3348/3348/3348
f 3348/3348/3348 3381/3381/3381 3382/3382/3382
f 3348/3348/3348 3382/3382/3382 3349/3349/3349
f 3349/3349/3349 3382/3382/3382 3383/3383/3383
f 3349/3349/3349 3383/3383/3383 3350/3350/3350
f 3350/3350/3350 3383/3383/3383 3384/3384/3384
f 3350/3350/3350 3384/3384/3384 3351/3351/3351
f 3351/3351/3351 3384/3384/3384 3385/3385/3385
f 3351/3351/3351 3385/3385/3385 3352/3352/3352
f 3352/3352/3352 3385/3385/3385 3386/3386/3386
f 3352/3352/3352 3386/3386/3386 3353/3353/3353
f 3353/3353/3353 3386/3386/3386 3387/3387/3387
f 3353/3353/3353 3387/3387/3387 3354/3354/3354
f 3354/3354/3354 3387/3387/3387 3388/3388/3388
f 3354/3354/3354 3388/3388/3388 3355/3355/3355
f 3355/3355/3355 3388/3388/3388 3389/3389/3389
f 3355/3355/3355 3389/3389/3389 3356/3356/3356
f 3356/3356/3356 3389/3389/3389 3390/3390/3390
f 3356/3356/3356 3390/3390/3390 3357/3357/3357
f 3357/3357/3357 3390/3390/3390 3391/3391/3391
f 3357/3357/3357 3391/3391/3391 3358/3358/3358
f 3358/3358/3358 3391/3391/3391 3392/3392/3392
f 3358/3358/3358 3392/3392/3392 3359/3359/3359
f 3359/3359/3359 3392/3392/3392 3393/3393/3393
f 3359/3359/3359 3393/3393/3393 3360/3360/3360
f 3360/3360/3360 3393/3393/3393 3394/3394/3394
f 3360/3360/3360 3394/3394/3394 3361/3361/3361
f 3361/3361/3361 3394/3394/3394 3395/3395/3395
f 3361/3361/3361 3395/3395/3395 3362/3362/3362
f 3362/3362/3362 3395/3395/3395 3396/3396/3396
f 3362/3362/3362 3396/3396/3396 3363/3363/3363
f 3363/3363/3363 3396/3396/3396 3397/3397/3397
f 3363/3363/3363 3397/3397/3397 3364/3364/3364
f 3364/3364/3364 3397/3397/3397 3398/3398/3398
f 3364/3364/3364 3398/3398/3398 3365/3365/3365
f 3365/3365/3365 3398/3398/3398 3399/3399/3399
f 3365/3365/3365 3399/3399/3399 3366/3366/3366
f 3367/3367/3367 3400/3400/3400 3401/3401/3401
f 3367/3367/3367 3401/3401/3401 3368/3368/3368
f 3368/3368/3368 3401/3401/3401 3402/3402/3402
f 3368/3368/3368 3402/3402/3402 3369/3369/3369
f 3369/3369/3369 3402/3402/3402 3403/3403/3403
f 3369/3369/3369 3403/3403/3403 3370/3370/3370
f 3370/3370/3370 3403/3403/3403 3404/3404/3404
f 3370/3370/3370 3404/3404/3404 3371/3371/3371
f 3371/3371/3371 3404/3404/3404 3405/3405/3405
f 3371/3371/3371 3405/3405/3405 3372/3372/3372
f 3372/3372/3372 3405/3405/3405 3406/3406/3406
f 3372/3372/3372 3406/3406/3406 3373/3373/3373
f 3373/3373/3373 3406/3406/3406 3407/3407/3407
f 3373/3373/3373 3407/3407/3407 3374/3374/3374
f 3374/3374/3374 3407/3407/3407 3408/3408/3408
f 3374/3374/3374 3408/3408/3408 3375/3375/3375
f 3375/3375/3375 3408/3408/3408 3409/3409/3409
f 3375/3375/3375 3409/3409/3409 3376/3376/3376
f 3376/3376/3376 3409/3409/3409 3410/3410/3410
f 3376/3376/3376 3410/3410/3410 3377/3377/3377
f 3377/3377/3377 3410/3410/3410 3411/3411/3411
f 3377/3377/3377 3411/3411/3411 3378/3378/3378
f 3378/3378/3378 3411/3411/3411 3412/3412/3412
f 3378/3378/3378 3412/3412/3412 3379/3379/3379
f 3379/3379/3379 3412/3412/3412 3413/3413/3413
f 3379/3379/3379 3413/3413/3413 3380/3380/3380
f 3380/3380/3380 3413/3413/3413 3414/3414/3414
f 3380/3380/3380 3414/3414/3414 3381/3381/3381
f 3381/3381/3381 3414/3414/3414 3415/3415/3415
f 3381/3381/3381 3415/3415/3415 3382/3382/3382
f 3382/3382/3382 3415/3415/3415 3416/3416/3416
f 3382/3382/3382 3416/3416/3416 3383/3383/3383
f 3383/3383/3383 3416/3416/3416 3417/3417/3417
f 3383/3383/3383 3417/3417/3417 3384/3384/3384
f 3384/3384/3384 3417/3417/3417 3418/3418/3418
f 3384/3384/3384 3418/3418/3418 3385/3385/3385
f 3385/3385/3385 3418/3418/3418 3419/3419/3419
f 3385/3385/3385 3419/3419/3419 3386/3386/3386
f 3386/3386/3386 3419/3419/3419 3420/3420/3420
f 3386/3386/3386 3420/3420/3420 3387/3387/3387
f 3387/3387/3387 3420/3420/3420 3421/3421/3421
f 3387/3387/3387 3421/3421/3421 3388/3388/3388
f 3388/3388/3388 3421/3421/3421 3422/3422/3422
f 3388/3388/3388 3422/3422/3422 3389/3389/3389
f 3389/3389/3389 3422/3422/3422 3423/3423/3423
f 3389/3389/3389 3423/3423/3423 3390/3390/3390
f 3390/3390/3390 3423/3423/3423 3424/3424/3424
f 3390/3390/3390 3424/3424/3424 3391/3391/3391
f 3391/3391/3391 3424/3424/3424 3425/3425/3425
f 3391/3391/3391 3425/3425/3425 3392/3392/3392
f 3392/3392/3392 3425/3425/3425 3426/3426/3426
f 3392/3392/3392 3426/3426/3426 3393/3393/3393
f 3393/3393/3393 3426/3426/3426 3427/3427/3427
f 3393/3393/3393 3427/3427/3427 3394/3394/3394
f 3394/3394/3394 3427/3427/3427 3428/3428/3428
f 3394/3394/3394 3428/3428/3428 3395/3395/3395
f 3395/3395/3395 3428/3428/3428 3429/3429/3429
f 3395/3395/3395 3429/3429/3429 3396/3396/3396
f 3396/3396/3396 3429/3429/3429 3430/3430/3430
f 3396/3396/3396 3430/3430/3430 3397/3397/3397
f 3397/3397/3397 3430/3430/3430 3431/3431/3431
f 3397/3397/3397 3431/3431/3431 3398/3398/3398
f 3398/3398/3398 3431/3431/3431 3432/3432/3432
f 3398/3398/3398 3432/3432/3432 3399/3399/3399
f 3400/3400/3400 3433/3433/3433 3434/3434/3434
f 3400/3400/3400 3434/3434/3434 3401/3401/3401
f 3401/3401/3401 3434/3434/3434 3435/3435/3435
f 3401/3401/3401 3435/3435/3435 3402/3402/3402
f 3402/3402/3402 3435/3435/3435 3436/3436/3436
f 3402/3402/3402 3436/3436/3436 3403/3403/3403
f 3403/3403/3403 3436/3436/3436 3437/3437/3437
f 3403/3403/3403 3437/3437/3437 3404/3404/3404
f 3404/3404/3404 3437/3437/3437 3438/3438/3438
f 3404/3404/3404 3438/3438/3438 3405/3405/3405
f 3405/3405/3405 3438/3438/3438 3439/3439/3439
f 3405/3405/3405 3439/3439/3439 3406/3406/3406
f 3406/3406/3406 3439/3439/3439 3440/3440/3440
f 3406/3406/3406 3440/3440/3440 3407/3407/3407
f 3407/3407/3407 3440/3440/3440 3441/3441/3441
f 3407/3407/3407 3441/3441/3441 3408/3408/3408
f 3408/3408/3408 3441/3441/3441 3442/3442/3442
f 3408/3408/3408 3442/3442/3442 3409/3409/3409
f 3409/3409/3409 3442/3442/3442 3443/3443/3443
f 3409/3409/3409 3443/3443/3443 3410/3410/3410
f 3410/3410/3410 3443/3443/3443 3444/3444/3444
f 3410/3410/3410 3444/3444/3444 3411/3411/3411
f 3411/3411/3411 3444/3444/3444 3445/3445/3445
f 3411/3411/3411 3445/3445/3445 3412/3412/3412
f 3412/3412/3412 3445/3445/3445 3446/3446/3446
f 3412/3412/3412 3446/3446/3446 3413/3413/3413
f 3413/3413/3413 3446/3446/3446 3447/3447/3447
f 3413/3413/3413 3447/3447/3447 3414/3414/3414
f 3414/3414/3414 3447/3447/3447 3448/3448/3448
f 3414/3414/3414 3448/3448/3448 3415/3415/3415
f 3415/3415/3415 3448/3448/3448 3449/3449/3449
f 3415/3415/3415 3449/3449/3449 3416/3416/3416
f 3416/3416/3416 3449/3449/3449 3450/3450/3450
f 3416/3416/3416 3450/3450/3450 3417/3417/3417
f 3417/3417/3417 3450/3450/3450 3451/3451/3451
f 3417/3417/3417 3451/3451/3451 3418/3418/3418
f 3418/3418/3418 3451/3451/3451 3452/3452/3452
f 3418/3418/3418 3452/3452/3452 3419/3419/3419
f 3419/3419/3419 3452/3452/3452 3453/3453/3453
f 3419/3419/3419 3453/3453/3453 3420/3420/3420
f 3420/3420/3420 3453/3453/3453 3454/3454/3454
f 3420/3420/3420 3454/3454/3454 3421/3421/3421
f 3421/3421/3421 3454/3454/3454 3455/3455/3455
f 3421/3421/3421 3455/3455/3455 3422/3422/3422
f 3422/3422/3422 3455/3455/3455 3456/3456/3456
f 3422/3422/3422 3456/3456/3456 3423/3423/3423
f 3423/3423/3423 3456/3456/3456 3457/3457/3457
f 3423/3423/3423 3457/3457/3457 3424/3424/3424
f 3424/3424/3424 3457/3457/3457 3458/3458/3458
f 3424/3424/3424 3458/3458/3458 3425/3425/3425
f 3425/3425/3425 3458/3458/3458 3459/3459/3459
f 3425/3425/3425 3459/3459/3459 3426/3426/3426
f 3426/3426/3426 3459/3459/3459 3460/3460/3460
f 3426/3426/3426 3460/3460/3460 3427/3427/3427
f 3427/3427/3427 3460/3460/3460 3461/3461/3461
f 3427/3427/3427 3461/3461/3461 3428/3428/3428
f 3428/3428/3428 3461/3461/3461 3462/3462/3462
f 3428/3428/3428 3462/3462/3462 3429/3429/3429
f 3429/3429/3429 3462/3462/3462 3463/3463/3463
f 3429/3429/3429 3463/3463/3463 3430/3430/3430
f 3430/3430/3430 3463/3463/3463 3464/3464/3464
f 3430/3430/3430 3464/3464/3464 3431/3431/3431
f 3431/3431/3431 3464/3464/3464 3465/3465/3465
f 3431/3431/3431 3465/3465/3465 3432/3432/3432
f 3433/3433/3433 3466/3466/3466 3467/3467/3467
f 3433/3433/3433 3467/3467/3467 3434/3434/3434
f 3434/3434/3434 3467/3467/3467 3468/3468/3468
f 3434/3434/3434 3468/3468/3468 3435/3435/3435
f 3435/3435/3435 3468/3468/3468 3469/3469/3469
f 3435/3435/3435 3469/3469/3469 3436/3436/3436
f 3436/3436/3436 3469/3469/3469 3470/3470/3470
f 3436/3436/3436 3470/3470/3470 3437/3437/3437
f 3437/3437/3437 3470/3470/3470 3471/3471/3471
f 3437/3437/3437 3471/3471/3471 3438/3438/3438
f 3438/3438/3438 3471/3471/3471 3472/3472/3472
f 3438/3438/3438 3472/3472/3472 3439/3439/3439
f 3439/3439/3439 3472/3472/3472 3473/3473/3473
f 3439/3439/3439 3473/3473/3473 3440/3440/3440
f 3440/3440/3440 3473/3473/3473 3474/3474/3474
f 3440/3440/3440 3474/3474/3474 3441/3441/3441
f 3441/3441/3441 3474/3474/3474 3475/3475/3475
f 3441/3441/3441 3475/3475/3475 3442/3442/3442
f 3442/3442/3442 3475/3475/3475 3476/3476/3476
f 3442/3442/3442 3476/3476/3476 3443/3443/3443
f 3443/3443/3443 3476/3476/3476 3477/3477/3477
f 3443/3443/3443 3477/3477/3477 3444/3444/3444
f 3444/3444/3444 3477/3477/3477 3478/3478/3478
f 3444/3444/3444 3478/3478/3478 3445/3445/3445
f 3445/3445/3445 3478/3478/3478 3479/3479/3479
f 3445/3445/3445 3479/3479/3479 3446/3446/3446
f 3446/3446/3446 3479/3479/3479 3480/3480/3480
f 3446/3446/3446 3480/3480/3480 3447/3447/3447
f 3447/3447/3447 3480/3480/3480 3481/3481/3481
f 3447/3447/3447 3481/3481/3481 3448/3448/3448
f 3448/3448/3448 3481/3481/3481 3482/3482/3482
f 3448/3448/3448 3482/3482/3482 3449/3449/3449
f 3449/3449/3449 3482/3482/3482 3483/3483/3483
f 3449/3449/3449 3483/3483/3483 3450/3450/3450
f 3450/3450/3450 3483/3483/3483 3484/3484/3484
f 3450/3450/3450 3484/3484/3484 3451/3451/3451
f 3451/3451/3451 3484/3484/3484 3485/3485/3485
f 3451/3451/3451 3485/3485/3485 3452/3452/3452
f 3452/3452/3452 3485/3485/3485 3486/3486/3486
f 3452/3452/3452 3486/3486/3486 3453/3453/3453
f 3453/3453/3453 3486/3486/3486 3487/3487/3487
f 3453/3453/3453 3487/3487/3487 3454/3454/3454
f 3454/3454/3454 3487/3487/3487 3488/3488/3488
f 3454/3454/3454 3488/3488/3488 3455/3455/3455
f 3455/3455/3455 3488/3488/3488 3489/3489/3489
f 3455/3455/3455 3489/3489/3489 3456/3456/3456
f 3456/3456/3456 3489/3489/3489 3490/3490/3490
f 3456/3456/3456 3490/3490/3490 3457/3457/3457
f 3457/3457/3457 3490/3490/3490 3491/3491/3491
f 3457/3457/3457 3491/3491/3491 3458/3458/3458
f 3458/3458/3458 3491/3491/3491 3492/3492/3492
f 3458/3458/3458 3492/3492/3492 3459/3459/3459
f 3459/3459/3459 3492/3492/3492 3493/3493/3493
f 3459/3459/3459 3493/3493/3493 3460/3460/3460
f 3460/3460/3460 3493/3493/3493 3494/3494/3494
f 3460/3460/3460 3494/3494/3494 3461/3461/3461
f 3461/3461/3461 3494/3494/3494 3495/3495/3495
f 3461/3461/3461 3495/3495/3495 3462/3462/3462
f 3462/3462/3462 3495/3495/3495 3496/3496/3496
f 3462/3462/3462 3496/3496/3496 3463/3463/3463
f 3463/3463/3463 3496/3496/3496 3497/3497/3497
f 3463/3463/3463 3497/3497/3497 3464/3464/3464
f 3464/3464/3464 3497/3497/3497 3498/3498/3498
f 3464/3464/3464 3498/3498/3498 3465/3465/3465
f 3466/3466/3466 3499/3499/3499 3500/3500/3500
f 3466/3466/3466 3500/3500/3500 3467/3467/3467
f 3467/3467/3467 3500/3500/3500 3501/3501/3501
f 3467/3467/3467 3501/3501/3501 3468/3468/3468
f 3468/3468/3468 3501/3501/3501 3502/3502/3502
f 3468/3468/3468 3502/3502/3502 3469/3469/3469
f 3469/3469/3469 3502/3502/3502 3503/3503/3503
f 3469/3469/3469 3503/3503/3503 3470/3470/3470
f 3470/3470/3470 3503/3503/3503 3504/3504/3504
f 3470/3470/3470 3504/3504/3504 3471/3471/3471
f 3471/3471/3471 3504/3504/3504 3505/3505/3505
f 3471/3471/3471 3505/3505/3505 3472/3472/3472
f 3472/3472/3472 3505/3505/3505 3506/3506/3506
f 3472/3472/3472 3506/3506/3506 3473/3473/3473
f 3473/3473/3473 3506/3506/3506 3507/3507/3507
f 3473/3473/3473 3507/3507/3507 3474/3474/3474
f 3474/3474/3474 3507/3507/3507 3508/3508/3508
f 3474/3474/3474 3508/3508/3508 3475/3475/3475
f 3475/3475/3475 3508/3508/3508 3509/3509/3509
f 3475/3475/3475 3509/3509/3509 3476/3476/3476
f 3476/3476/3476 3509/3509/3509 3510/3510/3510
f 3476/3476/3476 3510/3510/3510 3477/3477/3477
f 3477/3477/3477 3510/3510/3510 3511/3511/3511
f 3477/3477/3477 3511/3511/3511 3478/3478/3478
f 3478/3478/3478 3511/3511/3511 3512/3512/3512
f 3478/3478/3478 3512/3512/3512 3479/3479/3479
f 3479/3479/3479 3512/3512/3512 3513/3513/3513
f 3479/3479/3479 3513/3513/3513 3480/3480/3480
f 3480/3480/3480 3513/3513/3513 3514/3514/3514
f 3480/3480/3480 3514/3514/3514 3481/3481/3481
f 3481/3481/3481 3514/3514/3514 3515/3515/3515
f 3481/3481/3481 3515/3515/3515 3482/3482/3482
f 3482/3482/3482 3515/3515/3515 3516/3516/3516
f 3482/3482/3482 3516/3516/3516 3483/3483/3483
f 3483/3483/3483 3516/3516/3516 3517/3517/3517
f 3483/3483/3483 3517/3517/3517 3484/3484/3484
f 3484/3484/3484 3517/3517/3517 3518/3518/3518
f 3484/3484/3484 3518/3518/3518 3485/3485/3485
f 3485/3485/3485 3518/3518/3518 3519/3519/3519
f 3485/3485/3485 3519/3519/3519 3486/3486/3486
f 3486/3486/3486 3519/3519/3519 3520/3520/3520
f 3486/3486/3486 3520/3520/3520 3487/3487/3487
f 3487/3487/3487 3520/3520/3520 3521/3521/3521
f 3487/3487/3487 3521/3521/3521 3488/3488/3488
f 3488/3488/3488 3521/3521/3521 3522/3522/3522
f 3488/3488/3488 3522/3522/3522 3489/3489/3489
f 3489/3489/3489 3522/3522/3522 3523/3523/3523
f 3489/3489/3489 3523/3523/3523 3490/3490/3490
f 3490/3490/3490 3523/3523/3523 3524/3524/3524
f 3490/3490/3490 3524/3524/3524 3491/3491/3491
f 3491/3491/3491 3524/3524/3524 3525/3525/3525
f 3491/3491/3491 3525/3525/3525 3492/3492/3492
f 3492/3492/3492 3525/3525/3525 3526/3526/3526
f 3492/3492/3492 3526/3526/3526 3493/3493/3493
f 3493/3493/3493 3526/3526/3526 3527/3527/3527
f 3493/3493/3493 3527/3527/3527 3494/3494/3494
f 3494/3494/3494 3527/3527/3527 3528/3528/3528
f 3494/3494/3494 3528/3528/3528 3495/3495/3495
f 3495/3495/3495 3528/3528/3528 3529/3529/3529
f 3495/3495/3495 3529/3529/3529 3496/3496/3496
f 3496/3496/3496 3529/3529/3529 3530/3530/3530
f 3496/3496/3496 3530/3530/3530 3497/3497/3497
f 3497/3497/3497 3530/3530/3530 3531/3531/3531
f 3497/3497/3497 3531/3531/3531 3498/3498/3498
f 3499/3499/3499 3532/3532/3532 3533/3533/3533
f 3499/3499/3499 3533/3533/3533 3500/3500/3500
f 3500/3500/3500 3533/3533/3533 3534/3534/3534
f 3500/3500/3500 3534/3534/3534 3501/3501/3501
f 3501/3501/3501 3534/3534/3534 3535/3535/3535
f 3501/3501/3501 3535/3535/3535 3502/3502/3502
f 3502/3502/3502 3535/3535/3535 3536/3536/3536
f 3502/3502/3502 3536/3536/3536 3503/3503/3503
f 3503/3503/3503 3536/3536/3536 3537/3537/3537
f 3503/3503/3503 3537/3537/3537 3504/3504/3504
f 3504/3504/3504 3537/3537/3537 3538/3538/3538
f 3504/3504/3504 3538/3538/3538 3505/3505/3505
f 3505/3505/3505 3538/3538/3538 3539/3539/3539
f 3505/3505/3505 3539/3539/3539 3506/3506/3506
f 3506/3506/3506 3539/3539/3539 3540/3540/3540
f 3506/3506/3506 3540/3540/3540 3507/3507/3507
f 3507/3507/3507 3540/3540/3540 3541/3541/3541
f 3507/3507/3507 3541/3541/3541 3508/3508/3508
f 3508/3508/3508 3541/3541/3541 3542/3542/3542
f 3508/3508/3508 3542/3542/3542 3509/3509/3509
f 3509/3509/3509 3542/3542/3542 3543/3543/3543
f 3509/3509/3509 3543/3543/3543 3510/3510/3510
f 3510/3510/3510 3543/3543/3543 3544/3544/3544
f 3510/3510/3510 3544/3544/3544 3511/3511/3511
f 3511/3511/3511 3544/3544/3544 3545/3545/3545
f 3511/3511/3511 3545/3545/3545 3512/3512/3512
f 3512/3512/3512 3545/3545/3545 3546/3546/3546
f 3512/3512/3512 3546/3546/3546 3513/3513/3513
f 3513/3513/3513 3546/3546/3546 3547/3547/3547
f 3513/3513/3513 3547/3547/3547 3514/3514/3514
f 3514/3514/3514 3547/3547/3547 3548/3548/3548
f 3514/3514/3514 3548/3548/3548 3515/3515/3515
f 3515/3515/3515 3548/3548/3548 3549/3549/3549
f 3515/3515/3515 3549/3549/3549 3516/3516/3516
f 3516/3516/3516 3549/3549/3549 3550/3550/3550
f 3516/3516/3516 3550/3550/3550 3517/3517/3517
f 3517/3517/3517 3550/3550/3550 3551/3551/3551
f 3517/3517/3517 3551/3551/3551 3518/3518/3518
f 3518/3518/3518 3551/3551/3551 3552/3552/3552
f 3518/3518/3518 3552/3552/3552 3519/3519/3519
f 3519/3519/3519 3552/3552/3552 3553/3553/3553
f 3519/3519/3519 3553/3553/3553 3520/3520/3520
f 3520/3520/3520 3553/3553/3553 3554/3554/3554
f 3520/3520/3520 3554/3554/3554 3521/3521/3521
f 3521/3521/3521 3554/3554/3554 3555/3555/3555
f 3521/3521/3521 3555/3555/3555 3522/3522/3522
f 3522/3522/3522 3555/3555/3555 3556/3556/3556
f 3522/3522/3522 3556/3556/3556 3523/3523/3523
f 3523/3523/3523 3556/3556/3556 3557/3557/3557
f 3523/3523/3523 3557/3557/3557 3524/3524/3524
f 3524/3524/3524 3557/3557/3557 3558/3558/3558
f 3524/3524/3524 3558/3558/3558 3525/3525/3525
f 3525/3525/3525 3558/3558/3558 3559/3559/3559
f 3525/3525/3525 3559/3559/3559 3526/3526/3526
f 3526/3526/3526 3559/3559/3559 3560/3560/3560
f 3526/3526/3526 3560/3560/3560 3527/3527/3527
f 3527/3527/3527 3560/3560/3560 3561/3561/3561
f 3527/3527/3527 3561/3561/3561 3528/3528/3528
f 3528/3528/3528 3561/3561/3561 3562/3562/3562
f 3528/3528/3528 3562/3562/3562 3529/3529/3529
f 3529/3529/3529 3562/3562/3562 3563/3563/3563
f 3529/3529/3529 3563/3563/3563 3530/3530/3530
f 3530/3530/3530 3563/3563/3563 3564/3564/3564
f 3530/3530/3530 3564/3564/3564 3531/3531/3531
f 3532/3532/3532 3565/3565/3565 3566/3566/3566
f 3532/3532/3532 3566/3566/3566 3533/3533/3533
f 3533/3533/3533 3566/3566/3566 3567/3567/3567
f 3533/3533/3533 3567/3567/3567 3534/3534/3534
f 3534/3534/3534 3567/3567/3567 3568/3568/3568
f 3534/3534/3534 3568/3568/3568 3535/3535/3535
f 3535/3535/3535 3568/3568/3568 3569/3569/3569
f 3535/3535/3535 3569/3569/3569 3536/3536/3536
f 3536/3536/3536 3569/3569/3569 3570/3570/3570
f 3536/3536/3536 3570/3570/3570 3537/3537/3537
f 3537/3537/3537 3570/3570/3570 3571/3571/3571
f 3537/3537/3537 3571/3571/3571 3538/3538/3538
f 3538/3538/3538 3571/3571/3571 3572/3572/3572
f 3538/3538/3538 3572/3572/3572 3539/3539/3539
f 3539/3539/3539 3572/3572/3572 3573/3573/3573
f 3539/3539/3539 3573/3573/3573 3540/3540/3540
f 3540/3540/3540 3573/3573/3573 3574/3574/3574
f 3540/3540/3540 3574/3574/3574 3541/3541/3541
f 3541/3541/3541 3574/3574/3574 3575/3575/3575
f 3541/3541/3541 3575/3575/3575 3542/3542/3542
f 3542/3542/3542 3575/3575/3575 3576/3576/3576
f 3542/3542/3542 3576/3576/3576 3543/3543/3543
f 3543/3543/3543 3576/3576/3576 3577/3577/3577
f 3543/3543/3543 3577/3577/3577 3544/3544/3544
f 3544/3544/3544 3577/3577/3577 3578/3578/3578
f 3544/3544/3544 3578/3578/3578 3545/3545/3545
f 3545/3545/3545 3578/3578/3578 3579/3579/3579
f 3545/3545/3545 3579/3579/3579 3546/3546/3546
f 3546/3546/3546 3579/3579/3579 3580/3580/3580
f 3546/3546/3546 3580/3580/3580 3547/3547/3547
f 3547/3547/3547 3580/3580/3580 3581/3581/3581
f 3547/3547/3547 3581/3581/3581 3548/3548/3548
f 3548/3548/3548 3581/3581/3581 3582/3582/3582
f 3548/3548/3548 3582/3582/3582 3549/3549/3549
f 3549/3549/3549 3582/3582/3582 3583/3583/3583
f 3549/3549/3549 3583/3583/3583 3550/3550/3550
f 3550/3550/3550 3583/3583/3583 3584/3584/3584
f 3550/3550/3550 3584/3584/3584 3551/3551/3551
f 3551/3551/3551 3584/3584/3584 3585/3585/3585
f 3551/3551/3551 3585/3585/3585 3552/3552/3552
f 3552/3552/3552 3585/3585/3585 3586/3586/3586
f 3552/3552/3552 3586/3586/3586 3553/3553/3553
f 3553/3553/3553 3586/3586/3586 3587/3587/3587
f 3553/3553/3553 3587/3587/3587 3554/3554/3554
f 3554/3554/3554 3587/3587/3587 3588/3588/3588
f 3554/3554/3554 3588/3588/3588 3555/3555/3555
f 3555/3555/3555 3588/3588/3588 3589/3589/3589
f 3555/3555/3555 3589/3589/3589 3556/3556/3556
f 3556/3556/3556 3589/3589/3589 3590/3590/3590
f 3556/3556/3556 3590/3590/3590 3557/3557/3557
f 3557/3557/3557 3590/3590/3590 3591/3591/3591
f 3557/3557/3557 3591/3591/3591 3558/3558/3558
f 3558/3558/3558 3591/3591/3591 3592/3592/3592
f 3558/3558/3558 3592/3592/3592 3559/3559/3559
f 3559/3559/3559 3592/3592/3592 3593/3593/3593
f 3559/3559/3559 3593/3593/3593 3560/3560/3560
f 3560/3560/3560 3593/3593/3593 3594/3594/3594
f 3560/3560/3560 3594/3594/3594 3561/3561/3561
f 3561/3561/3561 3594/3594/3594 3595/3595/3595
f 3561/3561/3561 3595/3595/3595 3562/3562/3562
f 3562/3562/3562 3595/3595/3595 3596/3596/3596
f 3562/3562/3562 3596/3596/3596 3563/3563/3563
f 3563/3563/3563 3596/3596/3596 3597/3597/3597
f 3563/3563/3563 3597/3597/3597 3564/3564/3564
f 3565/3565/3565 3598/3598/3598 3599/3599/3599
f 3565/3565/3565 3599/3599/3599 3566/3566/3566
f 3566/3566/3566 3599/3599/3599 3600/3600/3600
f 3566/3566/3566 3600/3600/3600 3567/3567/3567
f 3567/3567/3567 3600/3600/3600 3601/3601/3601
f 3567/3567/3567 3601/3601/3601 3568/3568/3568
f 3568/3568/3568 3601/3601/3601 3602/3602/3602
f 3568/3568/3568 3602/3602/3602 3569/3569/3569
f 3569/3569/3569 3602/3602/3602 3603/3603/3603
f 3569/3569/3569 3603/3603/3603 3570/3570/3570
f 3570/3570/3570 3603/3603/3603 3604/3604/3604
f 3570/3570/3570 3604/3604/3604 3571/3571/3571
f 3571/3571/3571 3604/3604/3604 3605/3605/3605
f 3571/3571/3571 3605/3605/3605 3572/3572/3572
f 3572/3572/3572 3605/3605/3605 3606/3606/3606
f 3572/3572/3572 3606/3606/3606 3573/3573/3573
f 3573/3573/3573 3606/3606/3606 3607/3607/3607
f 3573/3573/3573 3607/3607/3607 3574/3574/3574
f 3574/3574/3574 3607/3607/3607 3608/3608/3608
f 3574/3574/3574 3608/3608/3608 3575/3575/3575
f 3575/3575/3575 3608/3608/3608 3609/3609/3609
f 3575/3575/3575 3609/3609/3609 3576/3576/3576
f 3576/3576/3576 3609/3609/3609 3610/3610/3610
f 3576/3576/3576 3610/3610/3610 3577/3577/3577
f 3577/3577/3577 3610/3610/3610 3611/3611/3611
f 3577/3577/3577 3611/3611/3611 3578/3578/3578
f 3578/3578/3578 3611/3611/3611 3612/3612/3612
f 3578/3578/3578 3612/3612/3612 3579/3579/3579
f 3579/3579/3579 3612/3612/3612 3613/3613/3613
f 3579/3579/3579 3613/3613/3613 3580/3580/3580
f 3580/3580/3580 3613/3613/3613 3614/3614/3614
f 3580/3580/3580 3614/3614/3614 3581/3581/3581
f 3581/3581/3581 3614/3614/3614 3615/3615/3615
f 3581/3581/3581 3615/3615/3615 3582/3582/3582
f 3582/3582/3582 3615/3615/3615 3616/3616/3616
f 3582/3582/3582 3616/3616/3616 3583/3583/3583
f 3583/3583/3583 3616/3616/3616 3617/3617/3617
f 3583/3583/3583 3617/3617/3617 3584/3584/3584
f 3584/3584/3584 3617/3617/3617 3618/3618/3618
f 3584/3584/3584 3618/3618/3618 3585/3585/3585
f 3585/3585/3585 3618/3618/3618 3619/3619/3619
f 3585/3585/3585 3619/3619/3619 3586/3586/3586
f 3586/3586/3586 3619/3619/3619 3620/3620/3620
f 3586/3586/3586 3620/3620/3620 3587/3587/3587
f 3587/3587/3587 3620/3620/3620 3621/3621/3621
f 3587/3587/3587 3621/3621/3621 3588/3588/3588
f 3588/3588/3588 3621/3621/3621 3622/3622/3622
f 3588/3588/3588 3622/3622/3622 3589/3589/3589
f 3589/3589/3589 3622/3622/3622 3623/3623/3623
f 3589/3589/3589 3623/3623/3623 3590/3590/3590
f 3590/3590/3590 3623/3623/3623 3624/3624/3624
f 3590/3590/3590 3624/3624/3624 3591/3591/3591
f 3591/3591/3591 3624/3624/3624 3625/3625/3625
f 3591/3591/3591 3625/3625/3625 3592/3592/3592
f 3592/3592/3592 3625/3625/3625 3626/3626/3626
f 3592/3592/3592 3626/3626/3626 3593/3593/3593
f 3593/3593/3593 3626/3626/3626 3627/3627/3627
f 3593/3593/3593 3627/3627/3627 3594/3594/3594
f 3594/3594/3594 3627/3627/3627 3628/3628/3628
f 3594/3594/3594 3628/3628/3628 3595/3595/3595
f 3595/3595/3595 3628/3628/3628 3629/3629/3629
f 3595/3595/3595 3629/3629/3629 3596/3596/3596
f 3596/3596/3596 3629/3629/3629 3630/3630/3630
f 3596/3596/3596 3630/3630/3630 3597/3597/3597
f 3598/3598/3598 3631/3631/3631 3632/3632/3632
f 3598/3598/3598 3632/3632/3632 3599/3599/3599
f 3599/3599/3599 3632/3632/3632 3633/3633/3633
f 3599/3599/3599 3633/3633/3633 3600/3600/3600
f 3600/3600/3600 3633/3633/3633 3634/3634/3634
f 3600/3600/3600 3634/3634/3634 3601/3601/3601
f 3601/3601/3601 3634/3634/3634 3635/3635/3635
f 3601/3601/3601 3635/3635/3635 3602/3602/3602
f 3602/3602/3602 3635/3635/3635 3636/3636/3636
f 3602/3602/3602 3636/3636/3636 3603/3603/3603
f 3603/3603/3603 3636/3636/3636 3637/3637/3637
f 3603/3603/3603 3637/3637/3637 3604/3604/3604
f 3604/3604/3604 3637/3637/3637 3638/3638/3638
f 3604/3604/3604 3638/3638/3638 3605/3605/3605
f 3605/3605/3605 3638/3638/3638 3639/3639/3639
f 3605/3605/3605 3639/3639/3639 3606/3606/3606
f 3606/3606/3606 3639/3639/3639 3640/3640/3640
f 3606/3606/3606 3640/3640/3640 3607/3607/3607
f 3607/3607/3607 3640/3640/3640 3641/3641/3641
f 3607/3607/3607 3641/3641/3641 3608/3608/3608
f 3608/3608/3608 3641/3641/3641 3642/3642/3642
f 3608/3608/3608 3642/3642/3642 3609/3609/3609
f 3609/3609/3609 3642/3642/3642 3643/3643/3643
f 3609/3609/3609 3643/3643/3643 3610/3610/3610
f 3610/3610/3610 3643/3643/3643 3644/3644/3644
f 3610/3610/3610 3644/3644/3644 3611/3611/3611
f 3611/3611/3611 3644/3644/3644 3645/3645/3645
f 3611/3611/3611 3645/3645/3645 3612/3612/3612
f 3612/3612/3612 3645/3645/3645 3646/3646/3646
f 3612/3612/3612 3646/3646/3646 3613/3613/3613
f 3613/3613/3613 3646/3646/3646 3647/3647/3647
f 3613/3613/3613 3647/3647/3647 3614/3614/3614
f 3614/3614/3614 3647/3647/3647 3648/3648/3648
f 3614/3614/3614 3648/3648/3648 3615/3615/3615
f 3615/3615/3615 3648/3648/3648 3649/3649/3649
f 3615/3615/3615 3649/3649/3649 3616/3616/3616
f 3616/3616/3616 3649/3649/3649 3650/3650/3650
f 3616/3616/3616 3650/3650/3650 3617/3617/3617
f 3617/3617/3617 3650/3650/3650 3651/3651/3651
f 3617/3617/3617 3651/3651/3651 3618/3618/3618
f 3618/3618/3618 3651/3651/3651 3652/3652/3652
f 3618/3618/3618 3652/3652/3652 3619/3619/3619
f 3619/3619/3619 3652/3652/3652 3653/3653/3653
f 3619/3619/3619 3653/3653/3653 3620/3620/3620
f 3620/3620/3620 3653/3653/3653 3654/3654/3654
f 3620/3620/3620 3654/3654/3654 3621/3621/3621
f 3621/3621/3621 3654/3654/3654 3655/3655/3655
f 3621/3621/3621 3655/3655/3655 3622/3622/3622
f 3622/3622/3622 3655/3655/3655 3656/3656/3656
f 3622/3622/3622 3656/3656/3656 3623/3623/3623
f 3623/3623/3623 3656/3656/3656 3657/3657/3657
f 3623/3623/3623 3657/3657/3657 3624/3624/3624
f 3624/3624/3624 3657/3657/3657 3658/3658/3658
f 3624/3624/3624 3658/3658/3658 3625/3625/3625
f 3625/3625/3625 3658/3658/3658 3659/3659/3659
f 3625/3625/3625 3659/3659/3659 3626/3626/3626
f 3626/3626/3626 3659/3659/3659 3660/3660/3660
f 3626/3626/3626 3660/3660/3660 3627/3627/3627
f 3627/3627/3627 3660/3660/3660 3661/3661/3661
f 3627/3627/3627 3661/3661/3661 3628/3628/3628
f 3628/3628/3628 3661/3661/3661 3662/3662/3662
f 3628/3628/3628 3662/3662/3662 3629/3629/3629
f 3629/3629/3629 3662/3662/3662 3663/3663/3663
f 3629/3629/3629 3663/3663/3663 3630/3630/3630
f 3631/3631/3631 3664/3664/3664 3665/3665/3665
f 3631/3631/3631 3665/3665/3665 3632/3632/3632
f 3632/3632/3632 3665/3665/3665 3666/3666/3666
f 3632/3632/3632 3666/3666/3666 3633/3633/3633
f 3633/3633/3633 3666/3666/3666 3667/3667/3667
f 3633/3633/3633 3667/3667/3667 3634/3634/3634
f 3634/3634/3634 3667/3667/3667 3668/3668/3668
f 3634/3634/3634 3668/3668/3668 3635/3635/3635
f 3635/3635/3635 3668/3668/3668 3669/3669/3669
f 3635/3635/3635 3669/3669/3669 3636/3636/3636
f 3636/3636/3636 3669/3669/3669 3670/3670/3670
f 3636/3636/3636 3670/3670/3670 3637/3637/3637
f 3637/3637/3637 3670/3670/3670 3671/3671/3671
f 3637/3637/3637 3671/3671/3671 3638/3638/3638
f 3638/3638/3638 3671/3671/3671 3672/3672/3672
f 3638/3638/3638 3672/3672/3672 3639/3639/3639
f 3639/3639/3639 3672/3672/3672 3673/3673/3673
f 3639/3639/3639 3673/3673/3673 3640/3640/3640
f 3640/3640/3640 3673/3673/3673 3674/3674/3674
f 3640/3640/3640 3674/3674/3674 3641/3641/3641
f 3641/3641/3641 3674/3674/3674 3675/3675/3675
f 3641/3641/3641 3675/3675/3675 3642/3642/3642
f 3642/3642/3642 3675/3675/3675 3676/3676/3676
f 3642/3642/3642 3676/3676/3676 3643/3643/3643
f 3643/3643/3643 3676/3676/3676 3677/3677/3677
f 3643/3643/3643 3677/3677/3677 3644/3644/3644
f 3644/3644/3644 3677/3677/3677 3678/3678/3678
f 3644/3644/3644 3678/3678/3678 3645/3645/3645
f 3645/3645/3645 3678/3678/3678 3679/3679/3679
f 3645/3645/3645 3679/3679/3679 3646/3646/3646
f 3646/3646/3646 3679/3679/3679 3680/3680/3680
f 3646/3646/3646 3680/3680/3680 3647/3647/3647
f 3647/3647/3647 3680/3680/3680 3681/3681/3681
f 3647/3647/3647 3681/3681/3681 3648/3648/3648
f 3648/3648/3648 3681/3681/3681 3682/3682/3682
f 3648/3648/3648 3682/3682/3682 3649/3649/3649
f 3649/3649/3649 3682/3682/3682 3683/3683/3683
f 3649/3649/3649 3683/3683/3683 3650/3650/3650
f 3650/3650/3650 3683/3683/3683 3684/3684/3684
f 3650/3650/3650 3684/3684/3684 3651/3651/3651
f 3651/3651/3651 3684/3684/3684 3685/3685/3685
f 3651/3651/3651 3685/3685/3685 3652/3652/3652
f 3652/3652/3652 3685/3685/3685 3686/3686/3686
f 3652/3652/3652 3686/3686/3686 3653/3653/3653
f 3653/3653/3653 3686/3686/3686 3687/3687/3687
f 3653/3653/3653 3687/3687/3687 3654/3654/3654
f 3654/3654/3654 3687/3687/3687 3688/3688/3688
f 3654/3654/3654 3688/3688/3688 3655/3655/3655
f 3655/3655/3655 3688/3688/3688 3689/3689/3689
f 3655/3655/3655 3689/3689/3689 3656/3656/3656
f 3656/3656/3656 3689/3689/3689 3690/3690/3690
f 3656/3656/3656 3690/3690/3690 3657/3657/3657
f 3657/3657/3657 3690/3690/3690 3691/3691/3691
f 3657/3657/3657 3691/3691/3691 3658/3658/3658
f 3658/3658/3658 3691/3691/3691 3692/3692/3692
f 3658/3658/3658 3692/3692/3692 3659/3659/3659
f 3659/3659/3659 3692/3692/3692 3693/3693/3693
f 3659/3659/3659 3693/3693/3693 3660/3660/3660
f 3660/3660/3660 3693/3693/3693 3694/3694/3694
f 3660/3660/3660 3694/3694/3694 3661/3661/3661
f 3661/3661/3661 3694/3694/3694 3695/3695/3695
f 3661/3661/3661 3695/3695/3695 3662/3662/3662
f 3662/3662/3662 3695/3695/3695 3696/3696/3696
f 3662/3662/3662 3696/3696/3696 3663/3663/3663
f 3664/3664/3664 3697/3697/3697 3698/3698/3698
f 3664/3664/3664 3698/3698/3698 3665/3665/3665
f 3665/3665/3665 3698/3698/3698 3699/3699/3699
f 3665/3665/3665 3699/3699/3699 3666/3666/3666
f 3666/3666/3666 3699/3699/3699 3700/3700/3700
f 3666/3666/3666 3700/3700/3700 3667/3667/3667
f 3667/3667/3667 3700/3700/3700 3701/3701/3701
f 3667/3667/3667 3701/3701/3701 3668/3668/3668
f 3668/3668/3668 3701/3701/3701 3702/3702/3702
f 3668/3668/3668 3702/3702/3702 3669/3669/3669
f 3669/3669/3669 3702/3702/3702 3703/3703/3703
f 3669/3669/3669 3703/3703/3703 3670/3670/3670
f 3670/3670/3670 3703/3703/3703 3704/3704/3704
f 3670/3670/3670 3704/3704/3704 3671/3671/3671
f 3671/3671/3671 3704/3704/3704 3705/3705/3705
f 3671/3671/3671 3705/3705/3705 3672/3672/3672
f 3672/3672/3672 3705/3705/3705 3706/3706/3706
f 3672/3672/3672 3706/3706/3706 3673/3673/3673
f 3673/3673/3673 3706/3706/3706 3707/3707/3707
f 3673/3673/3673 3707/3707/3707 3674/3674/3674
f 3674/3674/3674 3707/3707/3707 3708/3708/3708
f 3674/3674/3674 3708/3708/3708 3675/3675/3675
f 3675/3675/3675 3708/3708/3708 3709/3709/3709
f 3675/3675/3675 3709/3709/3709 3676/3676/3676
f 3676/3676/3676 3709/3709/3709 3710/3710/3710
f 3676/3676/3676 3710/3710/3710 3677/3677/3677
f 3677/3677/3677 3710/3710/3710 3711/3711/3711
f 3677/3677/3677 3711/3711/3711 3678/3678/3678
f 3678/3678/3678 3711/3711/3711 3712/3712/3712
f 3678/3678/3678 3712/3712/3712 3679/3679/3679
f 3679/3679/3679 3712/3712/3712 3713/3713/3713
f 3679/3679/3679 3713/3713/3713 3680/3680/3680
f 3680/3680/3680 3713/3713/3713 3714/3714/3714
f 3680/3680/3680 3714/3714/3714 3681/3681/3681
f 3681/3681/3681 3714/3714/3714 3715/3715/3715
f 3681/3681/3681 3715/3715/3715 3682/3682/3682
f 3682/3682/3682 3715/3715/3715 3716/3716/3716
f 3682/3682/3682 3716/3716/3716 3683/3683/3683
f 3683/3683/3683 3716/3716/3716 3717/3717/3717
f 3683/3683/3683 3717/3717/3717 3684/3684/3684
f 3684/3684/3684 3717/3717/3717 3718/3718/3718
f 3684/3684/3684 3718/3718/3718 3685/3685/3685
f 3685/3685/3685 3718/3718/3718 3719/3719/3719
f 3685/3685/3685 3719/3719/3719 3686/3686/3686
f 3686/3686/3686 3719/3719/3719 3720/3720/3720
f 3686/3686/3686 3720/3720/3720 3687/3687/3687
f 3687/3687/3687 3720/3720/3720 3721/3721/3721
f 3687/3687/3687 3721/3721/3721 3688/3688/3688
f 3688/3688/3688 3721/3721/3721 3722/3722/3722
f 3688/3688/3688 3722/3722/3722 3689/3689/3689
f 3689/3689/3689 3722/3722/3722 3723/3723/3723
f 3689/3689/3689 3723/3723/3723 3690/3690/3690
f 3690/3690/3690 3723/3723/3723 3724/3724/3724
f 3690/3690/3690 3724/3724/3724 3691/3691/3691
f 3691/3691/3691 3724/3724/3724 3725/3725/3725
f 3691/3691/3691 3725/3725/3725 3692/3692/3692
f 3692/3692/3692 3725/3725/3725 3726/3726/3726
f 3692/3692/3692 3726/3726/3726 3693/3693/3693
f 3693/3693/3693 3726/3726/3726 3727/3727/3727
f 3693/3693/3693 3727/3727/3727 3694/3694/3694
f 3694/3694/3694 3727/3727/3727 3728/3728/3728
f 3694/3694/3694 3728/3728/3728 3695/3695/3695
f 3695/3695/3695 3728/3728/3728 3729/3729/3729
f 3695/3695/3695 3729/3729/3729 3696/3696/3696
f 3697/3697/3697 3730/3730/3730 3731/3731/3731
f 3697/3697/3697 3731/3731/3731 3698/3698/3698
f 3698/3698/3698 3731/3731/3731 3732/3732/3732
f 3698/3698/3698 3732/3732/3732 3699/3699/3699
f 3699/3699/3699 3732/3732/3732 3733/3733/3733
f 3699/3699/3699 3733/3733/3733 3700/3700/3700
f 3700/3700/3700 3733/3733/3733 3734/3734/3734
f 3700/3700/3700 3734/3734/3734 3701/3701/3701
f 3701/3701/3701 3734/3734/3734 3735/3735/3735
f 3701/3701/3701 3735/3735/3735 3702/3702/3702
f 3702/3702/3702 3735/3735/3735 3736/3736/3736
f 3702/3702/3702 3736/3736/3736 3703/3703/3703
f 3703/3703/3703 3736/3736/3736 3737/3737/3737
f 3703/3703/3703 3737/3737/3737 3704/3704/3704
f 3704/3704/3704 3737/3737/3737 3738/3738/3738
f 3704/3704/3704 3738/3738/3738 3705/3705/3705
f 3705/3705/3705 3738/3738/3738 3739/3739/3739
f 3705/3705/3705 3739/3739/3739 3706/3706/3706
f 3706/3706/3706 3739/3739/3739 3740/3740/3740
f 3706/3706/3706 3740/3740/3740 3707/3707/3707
f 3707/3707/3707 3740/3740/3740 3741/3741/3741
f 3707/3707/3707 3741/3741/3741 3708/3708/3708
f 3708/3708/3708 3741/3741/3741 3742/3742/3742
f 3708/3708/3708 3742/3742/3742 3709/3709/3709
f 3709/3709/3709 3742/3742/3742 3743/3743/3743
f 3709/3709/3709 3743/3743/3743 3710/3710/3710
f 3710/3710/3710 3743/3743/3743 3744/3744/3744
f 3710/3710/3710 3744/3744/3744 3711/3711/3711
f 3711/3711/3711 3744/3744/3744 3745/3745/3745
f 3711/3711/3711 3745/3745/3745 3712/3712/3712
f 3712/3712/3712 3745/3745/3745 3746/3746/3746
f 3712/3712/3712 3746/3746/3746 3713/3713/3713
f 3713/3713/3713 3746/3746/3746 3747/3747/3747
f 3713/3713/3713 3747/3747/3747 3714/3714/3714
f 3714/3714/3714 3747/3747/3747 3748/3748/3748
f 3714/3714/3714 3748/3748/3748 3715/3715/3715
f 3715/3715/3715 3748/3748/3748 3749/3749/3749
f 3715/3715/3715 3749/3749/3749 3716/3716/3716
f 3716/3716/3716 3749/3749/3749 3750/3750/3750
f 3716/3716/3716 3750/3750/3750 3717/3717/3717
f 3717/3717/3717 3750/3750/3750 3751/3751/3751
f 3717/3717/3717 3751/3751/3751 3718/3718/3718
f 3718/3718/3718 3751/3751/3751 3752/3752/3752
f 3718/3718/3718 3752/3752/3752 3719/3719/3719
f 3719/3719/3719 3752/3752/3752 3753/3753/3753
f 3719/3719/3719 3753/3753/3753 3720/3720/3720
f 3720/3720/3720 3753/3753/3753 3754/3754/3754
f 3720/3720/3720 3754/3754/3754 3721/3721/3721
f 3721/3721/3721 3754/3754/3754 3755/3755/3755
f 3721/3721/3721 3755/3755/3755 3722/3722/3722
f 3722/3722/3722 3755/3755/3755 3756/3756/3756
f 3722/3722/3722 3756/3756/3756 3723/3723/3723
f 3723/3723/3723 3756/3756/3756 3757/3757/3757
f 3723/3723/3723 3757/3757/3757 3724/3724/3724
f 3724/3724/3724 3757/3757/3757 3758/3758/3758
f 3724/3724/3724 3758/3758/3758 3725/3725/3725
f 3725/3725/3725 3758/3758/3758 3759/3759/3759
f 3725/3725/3725 3759/3759/3759 3726/3726/3726
f 3726/3726/3726 3759/3759/3759 3760/3760/3760
f 3726/3726/3726 3760/3760/3760 3727/3727/3727
f 3727/3727/3727 3760/3760/3760 3761/3761/3761
f 3727/3727/3727 3761/3761/3761 3728/3728/3728
f 3728/3728/3728 3761/3761/3761 3762/3762/3762
f 3728/3728/3728 3762/3762/3762 3729/3729/3729
f 3730/3730/3730 3763/3763/3763 3764/3764/3764
f 3730/3730/3730 3764/3764/3764 3731/3731/3731
f 3731/3731/3731 3764/3764/3764 3765/3765/3765
f 3731/3731/3731 3765/3765/3765 3732/3732/3732
f 3732/3732/3732 3765/3765/3765 3766/3766/3766
f 3732/3732/3732 3766/3766/3766 3733/3733/3733
f 3733/3733/3733 3766/3766/3766 3767/3767/3767
f 3733/3733/3733 3767/3767/3767 3734/3734/3734
f 3734/3734/3734 3767/3767/3767 3768/3768/3768
f 3734/3734/3734 3768/3768/3768 3735/3735/3735
f 3735/3735/3735 3768/3768/3768 3769/3769/3769
f 3735/3735/3735 3769/3769/3769 3736/3736/3736
f 3736/3736/3736 3769/3769/3769 3770/3770/3770
f 3736/3736/3736 3770/3770/3770 3737/3737/3737
f 3737/3737/3737 3770/3770/3770 3771/3771/3771
f 3737/3737/3737 3771/3771/3771 3738/3738/3738
f 3738/3738/3738 3771/3771/3771 3772/3772/3772
f 3738/3738/3738 3772/3772/3772 3739/3739/3739
f 3739/3739/3739 3772/3772/3772 3773/3773/3773
f 3739/3739/3739 3773/3773/3773 3740/3740/3740
f 3740/3740/3740 3773/3773/3773 3774/3774/3774
f 3740/3740/3740 3774/3774/3774 3741/3741/3741
f 3741/3741/3741 3774/3774/3774 3775/3775/3775
f 3741/3741/3741 3775/3775/3775 3742/3742/3742
f 3742/3742/3742 3775/3775/3775 3776/3776/3776
f 3742/3742/3742 3776/3776/3776 3743/3743/3743
f 3743/3743/3743 3776/3776/3776 3777/3777/3777
f 3743/3743/3743 3777/3777/3777 3744/3744/3744
f 3744/3744/3744 3777/3777/3777 3778/3778/3778
f 3744/3744/3744 3778/3778/3778 3745/3745/3745
f 3745/3745/3745 3778/3778/3778 3779/3779/3779
f 3745/3745/3745 3779/3779/3779 3746/3746/3746
f 3746/3746/3746 3779/3779/3779 3780/3780/3780
f 3746/3746/3746 3780/3780/3780 3747/3747/3747
f 3747/3747/3747 3780/3780/3780 3781/3781/3781
f 3747/3747/3747 3781/3781/3781 3748/3748/3748
f 3748/3748/3748 3781/3781/3781 3782/3782/3782
f 3748/3748/3748 3782/3782/3782 3749/3749/3749
f 3749/3749/3749 3782/3782/3782 3783/3783/3783
f 3749/3749/3749 3783/3783/3783 3750/3750/3750
f 3750/3750/3750 3783/3783/3783 3784/3784/3784
f 3750/3750/3750 3784/3784/3784 3751/3751/3751
f 3751/3751/3751 3784/3784/3784 3785/3785/3785
f 3751/3751/3751 3785/3785/3785 3752/3752/3752
f 3752/3752/3752 3785/3785/3785 3786/3786/3786
f 3752/3752/3752 3786/3786/3786 3753/3753/3753
f 3753/3753/3753 3786/3786/3786 3787/3787/3787
f 3753/3753/3753 3787/3787/3787 3754/3754/3754
f 3754/3754/3754 3787/3787/3787 3788/3788/3788
f 3754/3754/3754 3788/3788/3788 3755/3755/3755
f 3755/3755/3755 3788/3788/3788 3789/3789/3789
f 3755/3755/3755 3789/3789/3789 3756/3756/3756
f 3756/3756/3756 3789/3789/3789 3790/3790/3790
f 3756/3756/3756 3790/3790/3790 3757/3757/3757
f 3757/3757/3757 3790/3790/3790 3791/3791/3791
f 3757/3757/3757 3791/3791/3791 3758/3758/3758
f 3758/3758/3758 3791/3791/3791 3792/3792/3792
f 3758/3758/3758 3792/3792/3792 3759/3759/3759
f 3759/3759/3759 3792/3792/3792 3793/3793/3793
f 3759/3759/3759 3793/3793/3793 3760/3760/3760
f 3760/3760/3760 3793/3793/3793 3794/3794/3794
f 3760/3760/3760 3794/3794/3794 3761/3761/3761
f 3761/3761/3761 3794/3794/3794 3795/3795/3795
f 3761/3761/3761 3795/3795/3795 3762/3762/3762
f 3763/3763/3763 3796/3796/3796 3797/3797/3797
f 3763/3763/3763 3797/3797/3797 3764/3764/3764
f 3764/3764/3764 3797/3797/3797 3798/3798/3798
f 3764/3764/3764 3798/3798/3798 3765/3765/3765
f 3765/3765/3765 3798/3798/3798 3799/3799/3799
f 3765/3765/3765 3799/3799/3799 3766/3766/3766
f 3766/3766/3766 3799/3799/3799 3800/3800/3800
f 3766/3766/3766 3800/3800/3800 3767/3767/3767
f 3767/3767/3767 3800/3800/3800 3801/3801/3801
f 3767/3767/3767 3801/3801/3801 3768/3768/3768
f 3768/3768/3768 3801/3801/3801 3802/3802/3802
f 3768/3768/3768 3802/3802/3802 3769/3769/3769
f 3769/3769/3769 3802/3802/3802 3803/3803/3803
f 3769/3769/3769 3803/3803/3803 3770/3770/3770
f 3770/3770/3770 3803/3803/3803 3804/3804/3804
f 3770/3770/3770 3804/3804/3804 3771/3771/3771
f 3771/3771/3771 3804/3804/3804 3805/3805/3805
f 3771/3771/3771 3805/3805/3805 3772/3772/3772
f 3772/3772/3772 3805/3805/3805 3806/3806/3806
f 3772/3772/3772 3806/3806/3806 3773/3773/3773
f 3773/3773/3773 3806/3806/3806 3807/3807/3807
f 3773/3773/3773 3807/3807/3807 3774/3774/3774
f 3774/3774/3774 3807/3807/3807 3808/3808/3808
f 3774/3774/3774 3808/3808/3808 3775/3775/3775
f 3775/3775/3775 3808/3808/3808 3809/3809/3809
f 3775/3775/3775 3809/3809/3809 3776/3776/3776
f 3776/3776/3776 3809/3809/3809 3810/3810/3810
f 3776/3776/3776 3810/3810/3810 3777/3777/3777
f 3777/3777/3777 3810/3810/3810 3811/3811/3811
f 3777/3777/3777 3811/3811/3811 3778/3778/3778
f 3778/3778/3778 3811/3811/3811 3812/3812/3812
f 3778/3778/3778 3812/3812/3812 3779/3779/3779
f 3779/3779/3779 3812/3812/3812 3813/3813/3813
f 3779/3779/3779 3813/3813/3813 3780/3780/3780
f 3780/3780/3780 3813/3813/3813 3814/3814/3814
f 3780/3780/3780 3814/3814/3814 3781/3781/3781
f 3781/3781/3781 3814/3814/3814 3815/3815/3815
f 3781/3781/3781 3815/3815/3815 3782/3782/3782
f 3782/3782/3782 3815/3815/3815 3816/3816/3816
f 3782/3782/3782 3816/3816/3816 3783/3783/3783
f 3783/3783/3783 3816/3816/3816 3817/3817/3817
f 3783/3783/3783 3817/3817/3817 3784/3784/3784
f 3784/3784/3784 3817/3817/3817 3818/3818/3818
f 3784/3784/3784 3818/3818/3818 3785/3785/3785
f 3785/3785/3785 3818/3818/3818 3819/3819/3819
f 3785/3785/3785 3819/3819/3819 3786/3786/3786
f 3786/3786/3786 3819/3819/3819 3820/3820/3820
f 3786/3786/3786 3820/3820/3820 3787/3787/3787
f 3787/3787/3787 3820/3820/3820 3821/3821/3821
f 3787/3787/3787 3821/3821/3821 3788/3788/3788
f 3788/3788/3788 3821/3821/3821 3822/3822/3822
f 3788/3788/3788 3822/3822/3822 3789/3789/3789
f 3789/3789/3789 3822/3822/3822 3823/3823/3823
f 3789/3789/3789 3823/3823/3823 3790/3790/3790
f 3790/3790/3790 3823/3823/3823 3824/3824/3824
f 3790/3790/3790 3824/3824/3824 3791/3791/3791
f 3791/3791/3791 3824/3824/3824 3825/3825/3825
f 3791/3791/3791 3825/3825/3825 3792/3792/3792
f 3792/3792/3792 3825/3825/3825 3826/3826/3826
f 3792/3792/3792 3826/3826/3826 3793/3793/3793
f 3793/3793/3793 3826/3826/3826 3827/3827/3827
f 3793/3793/3793 3827/3827/3827 3794/3794/3794
f 3794/3794/3794 3827/3827/3827 3828/3828/3828
f 3794/3794/3794 3828/3828/3828 3795/3795/3795
f 3796/3796/3796 3829/3829/3829 3830/3830/3830
f 3796/3796/3796 3830/3830/3830 3797/3797/3797
f 3797/3797/3797 3830/3830/3830 3831/3831/3831
f 3797/3797/3797 3831/3831/3831 3798/3798/3798
f 3798/3798/3798 3831/3831/3831 3832/3832/3832
f 3798/3798/3798 3832/3832/3832 3799/3799/3799
f 3799/3799/3799 3832/3832/3832 3833/3833/3833
f 3799/3799/3799 3833/3833/3833 3800/3800/3800
f 3800/3800/3800 3833/3833/3833 3834/3834/3834
f 3800/3800/3800 3834/3834/3834 3801/3801/3801
f 3801/3801/3801 3834/3834/3834 3835/3835/3835
f 3801/3801/3801 3835/3835/3835 3802/3802/3802
f 3802/3802/3802 3835/3835/3835 3836/3836/3836
f 3802/3802/3802 3836/3836/3836 3803/3803/3803
f 3803/3803/3803 3836/3836/3836 3837/3837/3837
f 3803/3803/3803 3837/3837/3837 3804/3804/3804
f 3804/3804/3804 3837/3837/3837 3838/3838/3838
f 3804/3804/3804 3838/3838/3838 3805/3805/3805
f 3805/3805/3805 3838/3838/3838 3839/3839/3839
f 3805/3805/3805 3839/3839/3839 3806/3806/3806
f 3806/3806/3806 3839/3839/3839 3840/3840/3840
f 3806/3806/3806 3840/3840/3840 3807/3807/3807
f 3807/3807/3807 3840/3840/3840 3841/3841/3841
f 3807/3807/3807 3841/3841/3841 3808/3808/3808
f 3808/3808/3808 3841/3841/3841 3842/3842/3842
f 3808/3808/3808 3842/3842/3842 3809/3809/3809
f 3809/3809/3809 3842/3842/3842 3843/3843/3843
f 3809/3809/3809 3843/3843/3843 3810/3810/3810
f 3810/3810/3810 3843/3843/3843 3844/3844/3844
f 3810/3810/3810 3844/3844/3844 3811/3811/3811
f 3811/3811/3811 3844/3844/3844 3845/3845/3845
f 3811/3811/3811 3845/3845/3845 3812/3812/3812
f 3812/3812/3812 3845/3845/3845 3846/3846/3846
f 3812/3812/3812 3846/3846/3846 3813/3813/3813
f 3813/3813/3813 3846/3846/3846 3847/3847/3847
f 3813/3813/3813 3847/3847/3847 3814/3814/3814
f 3814/3814/3814 3847/3847/3847 3848/3848/3848
f 3814/3814/3814 3848/3848/3848 3815/3815/3815
f 3815/3815/3815 3848/3848/3848 3849/3849/3849
f 3815/3815/3815 3849/3849/3849 3816/3816/3816
f 3816/3816/3816 3849/3849/3849 3850/3850/3850
f 3816/3816/3816 3850/3850/3850 3817/3817/3817
f 3817/3817/3817 3850/3850/3850 3851/3851/3851
f 3817/3817/3817 3851/3851/3851 3818/3818/3818
f 3818/3818/3818 3851/3851/3851 3852/3852/3852
f 3818/3818/3818 3852/3852/3852 3819/3819/3819
f 3819/3819/3819 3852/3852/3852 3853/3853/3853
f 3819/3819/3819 3853/3853/3853 3820/3820/3820
f 3820/3820/3820 3853/3853/3853 3854/3854/3854
f 3820/3820/3820 3854/3854/3854 3821/3821/3821
f 3821/3821/3821 3854/3854/3854 3855/3855/3855
f 3821/3821/3821 3855/3855/3855 3822/3822/3822
f 3822/3822/3822 3855/3855/3855 3856/3856/3856
f 3822/3822/3822 3856/3856/3856 3823/3823/3823
f 3823/3823/3823 3856/3856/3856 3857/3857/3857
f 3823/3823/3823 3857/3857/3857 3824/3824/3824
f 3824/3824/3824 3857/3857/3857 3858/3858/3858
f 3824/3824/3824 3858/3858/3858 3825/3825/3825
f 3825/3825/3825 3858/3858/3858 3859/3859/3859
f 3825/3825/3825 3859/3859/3859 3826/3826/3826
f 3826/3826/3826 3859/3859/3859 3860/3860/3860
f 3826/3826/3826 3860/3860/3860 3827/3827/3827
f 3827/3827/3827 3860/3860/3860 3861/3861/3861
f 3827/3827/3827 3861/3861/3861 3828/3828/3828
f 3829/3829/3829 3862/3862/3862 3863/3863/3863
f 3829/3829/3829 3863/3863/3863 3830/3830/3830
f 3830/3830/3830 3863/3863/3863 3864/3864/3864
f 3830/3830/3830 3864/3864/3864 3831/3831/3831
f 3831/3831/3831 3864/3864/3864 3865/3865/3865
f 3831/3831/3831 3865/3865/3865 3832/3832/3832
f 3832/3832/3832 3865/3865/3865 3866/3866/3866
f 3832/3832/3832 3866/3866/3866 3833/3833/3833
f 3833/3833/3833 3866/3866/3866 3867/3867/3867
f 3833/3833/3833 3867/3867/3867 3834/3834/3834
f 3834/3834/3834 3867/3867/3867 3868/3868/3868
f 3834/3834/3834 3868/3868/3868 3835/3835/3835
f 3835/3835/3835 3868/3868/3868 3869/3869/3869
f 3835/3835/3835 3869/3869/3869 3836/3836/3836
f 3836/3836/3836 3869/3869/3869 3870/3870/3870
f 3836/3836/3836 3870/3870/3870 3837/3837/3837
f 3837/3837/3837 3870/3870/3870 3871/3871/3871
f 3837/3837/3837 3871/3871/3871 3838/3838/3838
f 3838/3838/3838 3871/3871/3871 3872/3872/3872
f 3838/3838/3838 3872/3872/3872 3839/3839/3839
f 3839/3839/3839 3872/3872/3872 3873/3873/3873
f 3839/3839/3839 3873/3873/3873 3840/3840/3840
f 3840/3840/3840 3873/3873/3873 3874/3874/3874
f 3840/3840/3840 3874/3874/3874 3841/3841/3841
f 3841/3841/3841 3874/3874/3874 3875/3875/3875
f 3841/3841/3841 3875/3875/3875 3842/3842/3842
f 3842/3842/3842 3875/3875/3875 3876/3876/3876
f 3842/3842/3842 3876/3876/3876 3843/3843/3843
f 3843/3843/3843 3876/3876/3876 3877/3877/3877
f 3843/3843/3843 3877/3877/3877 3844/3844/3844
f 3844/3844/3844 3877/3877/3877 3878/3878/3878
f 3844/3844/3844 3878/3878/3878 3845/3845/3845
f 3845/3845/3845 3878/3878/3878 3879/3879/3879
f 3845/3845/3845 3879/3879/3879 3846/3846/3846
f 3846/3846/3846 3879/3879/3879 3880/3880/3880
f 3846/3846/3846 3880/3880/3880 3847/3847/3847
f 3847/3847/3847 3880/3880/3880 3881/3881/3881
f 3847/3847/3847 3881/3881/3881 3848/3848/3848
f 3848/3848/3848 3881/3881/3881 3882/3882/3882
f 3848/3848/3848 3882/3882/3882 3849/3849/3849
f 3849/3849/3849 3882/3882/3882 3883/3883/3883
f 3849/3849/3849 3883/3883/3883 3850/3850/3850
f 3850/3850/3850 3883/3883/3883 3884/3884/3884
f 3850/3850/3850 3884/3884/3884 3851/3851/3851
f 3851/3851/3851 3884/3884/3884 3885/3885/3885
f 3851/3851/3851 3885/3885/3885 3852/3852/3852
f 3852/3852/3852 3885/3885/3885 3886/3886/3886
f 3852/3852/3852 3886/3886/3886 3853/3853/3853
f 3853/3853/3853 3886/3886/3886 3887/3887/3887
f 3853/3853/3853 3887/3887/3887 3854/3854/3854
f 3854/3854/3854 3887/3887/3887 3888/3888/3888
f 3854/3854/3854 3888/3888/3888 3855/3855/3855
f 3855/3855/3855 3888/3888/3888 3889/3889/3889
f 3855/3855/3855 3889/3889/3889 3856/3856/3856
f 3856/3856/3856 3889/3889/3889 3890/3890/3890
f 3856/3856/3856 3890/3890/3890 3857/3857/3857
f 3857/3857/3857 3890/3890/3890 3891/3891/3891
f 3857/3857/3857 3891/3891/3891 3858/3858/3858
f 3858/3858/3858 3891/3891/3891 3892/3892/3892
f 3858/3858/3858 3892/3892/3892 3859/3859/3859
f 3859/3859/3859 3892/3892/3892 3893/3893/3893
f 3859/3859/3859 3893/3893/3893 3860/3860/3860
f 3860/3860/3860 3893/3893/3893 3894/3894/3894
f 3860/3860/3860 3894/3894/3894 3861/3861/3861
f 3862/3862/3862 3895/3895/3895 3896/3896/3896
f 3862/3862/3862 3896/3896/3896 3863/3863/3863
f 3863/3863/3863 3896/3896/3896 3897/3897/3897
f 3863/3863/3863 3897/3897/3897 3864/3864/3864
f 3864/3864/3864 3897/3897/3897 3898/3898/3898
f 3864/3864/3864 3898/3898/3898 3865/3865/3865
f 3865/3865/3865 3898/3898/3898 3899/3899/3899
f 3865/3865/3865 3899/3899/3899 3866/3866/3866
f 3866/3866/3866 3899/3899/3899 3900/3900/3900
f 3866/3866/3866 3900/3900/3900 3867/3867/3867
f 3867/3867/3867 3900/3900/3900 3901/3901/3901
f 3867/3867/3867 3901/3901/3901 3868/3868/3868
f 3868/3868/3868 3901/3901/3901 3902/3902/3902
f 3868/3868/3868 3902/3902/3902 3869/3869/3869
f 3869/3869/3869 3902/3902/3902 3903/3903/3903
f 3869/3869/3869 3903/3903/3903 3870/3870/3870
f 3870/3870/3870 3903/3903/3903 3904/3904/3904
f 3870/3870/3870 3904/3904/3904 3871/3871/3871
f 3871/3871/3871 3904/3904/3904 3905/3905/3905
f 3871/3871/3871 3905/3905/3905 3872/3872/3872
f 3872/3872/3872 3905/3905/3905 3906/3906/3906
f 3872/3872/3872 3906/3906/3906 3873/3873/3873
f 3873/3873/3873 3906/3906/3906 3907/3907/3907
f 3873/3873/3873 3907/3907/3907 3874/3874/3874
f 3874/3874/3874 3907/3907/3907 3908/3908/3908
f 3874/3874/3874 3908/3908/3908 3875/3875/3875
f 3875/3875/3875 3908/3908/3908 3909/3909/3909
f 3875/3875/3875 3909/3909/3909 3876/3876/3876
f 3876/3876/3876 3909/3909/3909 3910/3910/3910
f 3876/3876/3876 3910/3910/3910 3877/3877/3877
f 3877/3877/3877 3910/3910/3910 3911/3911/3911
f 3877/3877/3877 3911/3911/3911 3878/3878/3878
f 3878/3878/3878 3911/3911/3911 3912/3912/3912
f 3878/3878/3878 3912/3912/3912 3879/3879/3879
f 3879/3879/3879 3912/3912/3912 3913/3913/3913
f 3879/3879/3879 3913/3913/3913 3880/3880/3880
f 3880/3880/3880 3913/3913/3913 3914/3914/3914
f 3880/3880/3880 3914/3914/3914 3881/3881/3881
f 3881/3881/3881 3914/3914/3914 3915/3915/3915
f 3881/3881/3881 3915/3915/3915 3882/3882/3882
f 3882/3882/3882 3915/3915/3915 3916/3916/3916
f 3882/3882/3882 3916/3916/3916 3883/3883/3883
f 3883/3883/3883 3916/3916/3916 3917/3917/3917
f 3883/3883/3883 3917/3917/3917 3884/3884/3884
f 3884/3884/3884 3917/3917/3917 3918/3918/3918
f 3884/3884/3884 3918/3918/3918 3885/3885/3885
f 3885/3885/3885 3918/3918/3918 3919/3919/3919
f 3885/3885/3885 3919/3919/3919 3886/3886/3886
f 3886/3886/3886 3919/3919/3919 3920/3920/3920
f 3886/3886/3886 3920/3920/3920 3887/3887/3887
f 3887/3887/3887 3920/3920/3920 3921/3921/3921
f 3887/3887/3887 3921/3921/3921 3888/3888/3888
f 3888/3888/3888 3921/3921/3921 3922/3922/3922
f 3888/3888/3888 3922/3922/3922 3889/3889/3889
f 3889/3889/3889 3922/3922/3922 3923/3923/3923
f 3889/3889/3889 3923/3923/3923 3890/3890/3890
f 3890/3890/3890 3923/3923/3923 3924/3924/3924
f 3890/3890/3890 3924/3924/3924 3891/3891/3891
f 3891/3891/3891 3924/3924/3924 3925/3925/3925
f 3891/3891/3891 3925/3925/3925 3892/3892/3892
f 3892/3892/3892 3925/3925/3925 3926/3926/3926
f 3892/3892/3892 3926/3926/3926 3893/3893/3893
f 3893/3893/3893 3926/3926/3926 3927/3927/3927
f 3893/3893/3893 3927/3927/3927 3894/3894/3894
f 3895/3895/3895 3928/3928/3928 3929/3929/3929
f 3895/3895/3895 3929/3929/3929 3896/3896/3896
f 3896/3896/3896 3929/3929/3929 3930/3930/3930
f 3896/3896/3896 3930/3930/3930 3897/3897/3897
f 3897/3897/3897 3930/3930/3930 3931/3931/3931
f 3897/3897/3897 3931/3931/3931 3898/3898/3898
f 3898/3898/3898 3931/3931/3931 3932/3932/3932
f 3898/3898/3898 3932/3932/3932 3899/3899/3899
f 3899/3899/3899 3932/3932/3932 3933/3933/3933
f 3899/3899/3899 3933/3933/3933 3900/3900/3900
f 3900/3900/3900 3933/3933/3933 3934/3934/3934
f 3900/3900/3900 3934/3934/3934 3901/3901/3901
f 3901/3901/3901 3934/3934/3934 3935/3935/3935
f 3901/3901/3901 3935/3935/3935 3902/3902/3902
f 3902/3902/3902 3935/3935/3935 3936/3936/3936
f 3902/3902/3902 3936/3936/3936 3903/3903/3903
f 3903/3903/3903 3936/3936/3936 3937/3937/3937
f 3903/3903/3903 3937/3937/3937 3904/3904/3904
f 3904/3904/3904 3937/3937/3937 3938/3938/3938
f 3904/3904/3904 3938/3938/3938 3905/3905/3905
f 3905/3905/3905 3938/3938/3938 3939/3939/3939
f 3905/3905/3905 3939/3939/3939 3906/3906/3906
f 3906/3906/3906 3939/3939/3939 3940/3940/3940
f 3906/3906/3906 3940/3940/3940 3907/3907/3907
f 3907/3907/3907 3940/3940/3940 3941/3941/3941
f 3907/3907/3907 3941/3941/3941 3908/3908/3908
f 3908/3908/3908 3941/3941/3941 3942/3942/3942
f 3908/3908/3908 3942/3942/3942 3909/3909/3909
f 3909/3909/3909 3942/3942/3942 3943/3943/3943
f 3909/3909/3909 3943/3943/3943 3910/3910/3910
f 3910/3910/3910 3943/3943/3943 3944/3944/3944
f 3910/3910/3910 3944/3944/3944 3911/3911/3911
f 3911/3911/3911 3944/3944/3944 3945/3945/3945
f 3911/3911/3911 3945/3945/3945 3912/3912/3912
f 3912/3912/3912 3945/3945/3945 3946/3946/3946
f 3912/3912/3912 3946/3946/3946 3913/3913/3913
f 3913/3913/3913 3946/3946/3946 3947/3947/3947
f 3913/3913/3913 3947/3947/3947 3914/3914/3914
f 3914/3914/3914 3947/3947/3947 3948/3948/3948
f 3914/3914/3914 3948/3948/3948 3915/3915/3915
f 3915/3915/3915 3948/3948/3948 3949/3949/3949
f 3915/3915/3915 3949/3949/3949 3916/3916/3916
f 3916/3916/3916 3949/3949/3949 3950/3950/3950
f 3916/3916/3916 3950/3950/3950 3917/3917/3917
f 3917/3917/3917 3950/3950/3950 3951/3951/3951
f 3917/3917/3917 3951/3951/3951 3918/3918/3918
f 3918/3918/3918 3951/3951/3951 3952/3952/3952
f 3918/3918/3918 3952/3952/3952 3919/3919/3919
f 3919/3919/3919 3952/3952/3952 3953/3953/3953
f 3919/3919/3919 3953/3953/3953 3920/3920/3920
f 3920/3920/3920 3953/3953/3953 3954/3954/3954
f 3920/3920/3920 3954/3954/3954 3921/3921/3921
f 3921/3921/3921 3954/3954/3954 3955/3955/3955
f 3921/3921/3921 3955/3955/3955 3922/3922/3922
f 3922/3922/3922 3955/3955/3955 3956/3956/3956
f 3922/3922/3922 3956/3956/3956 3923/3923/3923
f 3923/3923/3923 3956/3956/3956 3957/3957/3957
f 3923/3923/3923 3957/3957/3957 3924/3924/3924
f 3924/3924/3924 3957/3957/3957 3958/3958/3958
f 3924/3924/3924 3958/3958/3958 3925/3925/3925
f 3925/3925/3925 3958/3958/3958 3959/3959/3959
f 3925/3925/3925 3959/3959/3959 3926/3926/3926
f 3926/3926/3926 3959/3959/3959 3960/3960/3960
f 3926/3926/3926 3960/3960/3960 3927/3927/3927
f 3928/3928/3928 3961/3961/3961 3962/3962/3962
f 3928/3928/3928 3962/3962/3962 3929/3929/3929
f 3929/3929/3929 3962/3962/3962 3963/3963/3963
f 3929/3929/3929 3963/3963/3963 3930/3930/3930
f 3930/3930/3930 3963/3963/3963 3964/3964/3964
f 3930/3930/3930 3964/3964/3964 3931/3931/3931
f 3931/3931/3931 3964/3964/3964 3965/3965/3965
f 3931/3931/3931 3965/3965/3965 3932/3932/3932
f 3932/3932/3932 3965/3965/3965 3966/3966/3966
f 3932/3932/3932 3966/3966/3966 3933/3933/3933
f 3933/3933/3933 3966/3966/3966 3967/3967/3967
f 3933/3933/3933 3967/3967/3967 3934/3934/3934
f 3934/3934/3934 3967/3967/3967 3968/3968/3968
f 3934/3934/3934 3968/3968/3968 3935/3935/3935
f 3935/3935/3935 3968/3968/3968 3969/3969/3969
f 3935/3935/3935 3969/3969/3969 3936/3936/3936
f 3936/3936/3936 3969/3969/3969 3970/3970/3970
f 3936/3936/3936 3970/3970/3970 3937/3937/3937
f 3937/3937/3937 3970/3970/3970 3971/3971/3971
f 3937/3937/3937 3971/3971/3971 3938/3938/3938
f 3938/3938/3938 3971/3971/3971 3972/3972/3972
f 3938/3938/3938 3972/3972/3972 3939/3939/3939
f 3939/3939/3939 3972/3972/3972 3973/3973/3973
f 3939/3939/3939 3973/3973/3973 3940/3940/3940
f 3940/3940/3940 3973/3973/3973 3974/3974/3974
f 3940/3940/3940 3974/3974/3974 3941/3941/3941
f 3941/3941/3941 3974/3974/3974 3975/3975/3975
f 3941/3941/3941 3975/3975/3975 3942/3942/3942
f 3942/3942/3942 3975/3975/3975 3976/3976/3976
f 3942/3942/3942 3976/3976/3976 3943/3943/3943
f 3943/3943/3943 3976/3976/3976 3977/3977/3977
f 3943/3943/3943 3977/3977/3977 3944/3944/3944
f 3944/3944/3944 3977/3977/3977 3978/3978/3978
f 3944/3944/3944 3978/3978/3978 3945/3945/3945
f 3945/3945/3945 3978/3978/3978 3979/3979/3979
f 3945/3945/3945 3979/3979/3979 3946/3946/3946
f 3946/3946/3946 3979/3979/3979 3980/3980/3980
f 3946/3946/3946 3980/3980/3980 3947/3947/3947
f 3947/3947/3947 3980/3980/3980 3981/3981/3981
f 3947/3947/3947 3981/3981/3981 3948/3948/3948
f 3948/3948/3948 3981/3981/3981 3982/3982/3982
f 3948/3948/3948 3982/3982/3982 3949/3949/3949
f 3949/3949/3949 3982/3982/3982 3983/3983/3983
f 3949/3949/3949 3983/3983/3983 3950/3950/3950
f 3950/3950/3950 3983/3983/3983 3984/3984/3984
f 3950/3950/3950 3984/3984/3984 3951/3951/3951
f 3951/3951/3951 3984/3984/3984 3985/3985/3985
f 3951/3951/3951 3985/3985/3985 3952/3952/3952
f 3952/3952/3952 3985/3985/3985 3986/3986/3986
f 3952/3952/3952 3986/3986/3986 3953/3953/3953
f 3953/3953/3953 3986/3986/3986 3987/3987/3987
f 3953/3953/3953 3987/3987/3987 3954/3954/3954
f 3954/3954/3954 3987/3987/3987 3988/3988/3988
f 3954/3954/3954 3988/3988/3988 3955/3955/3955
f 3955/3955/3955 3988/3988/3988 3989/3989/3989
f 3955/3955/3955 3989/3989/3989 3956/3956/3956
f 3956/3956/3956 3989/3989/3989 3990/3990/3990
f 3956/3956/3956 3990/3990/3990 3957/3957/3957
f 3957/3957/3957 3990/3990/3990 3991/3991/3991
f 3957/3957/3957 3991/3991/3991 3958/3958/3958
f 3958/3958/3958 3991/3991/3991 3992/3992/3992
f 3958/3958/3958 3992/3992/3992 3959/3959/3959
f 3959/3959/3959 3992/3992/3992 3993/3993/3993
f 3959/3959/3959 3993/3993/3993 3960/3960/3960
f 3961/3961/3961 3994/3994/3994 3995/3995/3995
f 3961/3961/3961 3995/3995/3995 3962/3962/3962
f 3962/3962/3962 3995/3995/3995 3996/3996/3996
f 3962/3962/3962 3996/3996/3996 3963/3963/3963
f 3963/3963/3963 3996/3996/3996 3997/3997/3997
f 3963/3963/3963 3997/3997/3997 3964/3964/3964
f 3964/3964/3964 3997/3997/3997 3998/3998/3998
f 3964/3964/3964 3998/3998/3998 3965/3965/3965
f 3965/3965/3965 3998/3998/3998 3999/3999/3999
f 3965/3965/3965 3999/3999/3999 3966/3966/3966
f 3966/3966/3966 3999/3999/3999 4000/4000/4000
f 3966/3966/3966 4000/4000/4000 3967/3967/3967
f 3967/3967/3967 4000/4000/4000 4001/4001/4001
f 3967/3967/3967 4001/4001/4001 3968/3968/3968
f 3968/3968/3968 4001/4001/4001 4002/4002/4002
f 3968/3968/3968 4002/4002/4002 3969/3969/3969
f 3969/3969/3969 4002/4002/4002 4003/4003/4003
f 3969/3969/3969 4003/4003/4003 3970/3970/3970
f 3970/3970/3970 4003/4003/4003 4004/4004/4004
f 3970/3970/3970 4004/4004/4004 3971/3971/3971
f 3971/3971/3971 4004/4004/4004 4005/4005/4005
f 3971/3971/3971 4005/4005/4005 3972/3972/3972
f 3972/3972/3972 4005/4005/4005 4006/4006/4006
f 3972/3972/3972 4006/4006/4006 3973/3973/3973
f 3973/3973/3973 4006/4006/4006 4007/4007/4007
f 3973/3973/3973 4007/4007/4007 3974/3974/3974
f 3974/3974/3974 4007/4007/4007 4008/4008/4008
f 3974/3974/3974 4008/4008/4008 3975/3975/3975
f 3975/3975/3975 4008/4008/4008 4009/4009/4009
f 3975/3975/3975 4009/4009/4009 3976/3976/3976
f 3976/3976/3976 4009/4009/4009 4010/4010/4010
f 3976/3976/3976 4010/4010/4010 3977/3977/3977
f 3977/3977/3977 4010/4010/4010 4011/4011/4011
f 3977/3977/3977 4011/4011/4011 3978/3978/3978
f 3978/3978/3978 4011/4011/4011 4012/4012/4012
f 3978/3978/3978 4012/4012/4012 3979/3979/3979
f 3979/3979/3979 4012/4012/4012 4013/4013/4013
f 3979/3979/3979 4013/4013/4013 3980/3980/3980
f 3980/3980/3980 4013/4013/4013 4014/4014/4014
f 3980/3980/3980 4014/4014/4014 3981/3981/3981
f 3981/3981/3981 4014/4014/4014 4015/4015/4015
f 3981/3981/3981 4015/4015/4015 3982/3982/3982
f 3982/3982/3982 4015/4015/4015 4016/4016/4016
f 3982/3982/3982 4016/4016/4016 3983/3983/3983
f 3983/3983/3983 4016/4016/4016 4017/4017/4017
f 3983/3983/3983 4017/4017/4017 3984/3984/3984
f 3984/3984/3984 4017/4017/4017 4018/4018/4018
f 3984/3984/3984 4018/4018/4018 3985/3985/3985
f 3985/3985/3985 4018/4018/4018 4019/4019/4019
f 3985/3985/3985 4019/4019/4019 3986/3986/3986
f 3986/3986/3986 4019/4019/4019 4020/4020/4020
f 3986/3986/3986 4020/4020/4020 3987/3987/3987
f 3987/3987/3987 4020/4020/4020 4021/4021/4021
f 3987/3987/3987 4021/4021/4021 3988/3988/3988
f 3988/3988/3988 4021/4021/4021 4022/4022/4022
f 3988/3988/3988 4022/4022/4022 3989/3989/3989
f 3989/3989/3989 4022/4022/4022 4023/4023/4023
f 3989/3989/3989 4023/4023/4023 3990/3990/3990
f 3990/3990/3990 4023/4023/4023 4024/4024/4024
f 3990/3990/3990 4024/4024/4024 3991/3991/3991
f 3991/3991/3991 4024/4024/4024 4025/4025/4025
f 3991/3991/3991 4025/4025/4025 3992/3992/3992
f 3992/3992/3992 4025/4025/4025 4026/4026/4026
f 3992/3992/3992 4026/4026/4026 3993/3993/3993
f 3994/3994/3994 4027/4027/4027 4028/4028/4028
f 3994/3994/3994 4028/4028/4028 3995/3995/3995
f 3995/3995/3995 4028/4028/4028 4029/4029/4029
f 3995/3995/3995 4029/4029/4029 3996/3996/3996
f 3996/3996/3996 4029/4029/4029 4030/4030/4030
f 3996/3996/3996 4030/4030/4030 3997/3997/3997
f 3997/3997/3997 4030/4030/4030 4031/4031/4031
f 3997/3997/3997 4031/4031/4031 3998/3998/3998
f 3998/3998/3998 4031/4031/4031 4032/4032/4032
f 3998/3998/3998 4032/4032/4032 3999/3999/3999
f 3999/3999/3999 4032/4032/4032 4033/4033/4033
f 3999/3999/3999 4033/4033/4033 4000/4000/4000
f 4000/4000/4000 4033/4033/4033 4034/4034/4034
f 4000/4000/4000 4034/4034/4034 4001/4001/4001
f 4001/4001/4001 4034/4034/4034 4035/4035/4035
f 4001/4001/4001 4035/4035/4035 4002/4002/4002
f 4002/4002/4002 4035/4035/4035 4036/4036/4036
f 4002/4002/4002 4036/4036/4036 4003/4003/4003
f 4003/4003/4003 4036/4036/4036 4037/4037/4037
f 4003/4003/4003 4037/4037/4037 4004/4004/4004
f 4004/4004/4004 4037/4037/4037 4038/4038/4038
f 4004/4004/4004 4038/4038/4038 4005/4005/4005
f 4005/4005/4005 4038/4038/4038 4039/4039/4039
f 4005/4005/4005 4039/4039/4039 4006/4006/4006
f 4006/4006/4006 4039/4039/4039 4040/4040/4040
f 4006/4006/4006 4040/4040/4040 4007/4007/4007
f 4007/4007/4007 4040/4040/4040 4041/4041/4041
f 4007/4007/4007 4041/4041/4041 4008/4008/4008
f 4008/4008/4008 4041/4041/4041 4042/4042/4042
f 4008/4008/4008 4042/4042/4042 4009/4009/4009
f 4009/4009/4009 4042/4042/4042 4043/4043/4043
f 4009/4009/4009 4043/4043/4043 4010/4010/4010
f 4010/4010/4010 4043/4043/4043 4044/4044/4044
f 4010/4010/4010 4044/4044/4044 4011/4011/4011
f 4011/4011/4011 4044/4044/4044 4045/4045/4045
f 4011/4011/4011 4045/4045/4045 4012/4012/4012
f 4012/4012/4012 4045/4045/4045 4046/4046/4046
f 4012/4012/4012 4046/4046/4046 4013/4013/4013
f 4013/4013/4013 4046/4046/4046 4047/4047/4047
f 4013/4013/4013 4047/4047/4047 4014/4014/4014
f 4014/4014/4014 4047/4047/4047 4048/4048/4048
f 4014/4014/4014 4048/4048/4048 4015/4015/4015
f 4015/4015/4015 4048/4048/4048 4049/4049/4049
f 4015/4015/4015 4049/4049/4049 4016/4016/4016
f 4016/4016/4016 4049/4049/4049 4050/4050/4050
f 4016/4016/4016 4050/4050/4050 4017/4017/4017
f 4017/4017/4017 4050/4050/4050 4051/4051/4051
f 4017/4017/4017 4051/4051/4051 4018/4018/4018
f 4018/4018/4018 4051/4051/4051 4052/4052/4052
f 4018/4018/4018 4052/4052/4052 4019/4019/4019
f 4019/4019/4019 4052/4052/4052 4053/4053/4053
f 4019/4019/4019 4053/4053/4053 4020/4020/4020
f 4020/4020/4020 4053/4053/4053 4054/4054/4054
f 4020/4020/4020 4054/4054/4054 4021/4021/4021
f 4021/4021/4021 4054/4054/4054 4055/4055/4055
f 4021/4021/4021 4055/4055/4055 4022/4022/4022
f 4022/4022/4022 4055/4055/4055 4056/4056/4056
f 4022/4022/4022 4056/4056/4056 4023/4023/4023
f 4023/4023/4023 4056/4056/4056 4057/4057/4057
f 4023/4023/4023 4057/4057/4057 4024/4024/4024
f 4024/4024/4024 4057/4057/4057 4058/4058/4058
f 4024/4024/4024 4058/4058/4058 4025/4025/4025
f 4025/4025/4025 4058/4058/4058 4059/4059/4059
f 4025/4025/4025 4059/4059/4059 4026/4026/4026
f 4027/4027/4027 4060/4060/4060 4061/4061/4061
f 4027/4027/4027 4061/4061/4061 4028/4028/4028
f 4028/4028/4028 4061/4061/4061 4062/4062/4062
f 4028/4028/4028 4062/4062/4062 4029/4029/4029
f 4029/4029/4029 4062/4062/4062 4063/4063/4063
f 4029/4029/4029 4063/4063/4063 4030/4030/4030
f 4030/4030/4030 4063/4063/4063 4064/4064/4064
f 4030/4030/4030 4064/4064/4064 4031/4031/4031
f 4031/4031/4031 4064/4064/4064 4065/4065/4065
f 4031/4031/4031 4065/4065/4065 4032/4032/4032
f 4032/4032/4032 4065/4065/4065 4066/4066/4066
f 4032/4032/4032 4066/4066/4066 4033/4033/4033
f 4033/4033/4033 4066/4066/4066 4067/4067/4067
f 4033/4033/4033 4067/4067/4067 4034/4034/4034
f 4034/4034/4034 4067/4067/4067 4068/4068/4068
f 4034/4034/4034 4068/4068/4068 4035/4035/4035
f 4035/4035/4035 4068/4068/4068 4069/4069/4069
f 4035/4035/4035 4069/4069/4069 4036/4036/4036
f 4036/4036/4036 4069/4069/4069 4070/4070/4070
f 4036/4036/4036 4070/4070/4070 4037/4037/4037
f 4037/4037/4037 4070/4070/4070 4071/4071/4071
f 4037/4037/4037 4071/4071/4071 4038/4038/4038
f 4038/4038/4038 4071/4071/4071 4072/4072/4072
f 4038/4038/4038 4072/4072/4072 4039/4039/4039
f 4039/4039/4039 4072/4072/4072 4073/4073/4073
f 4039/4039/4039 4073/4073/4073 4040/4040/4040
f 4040/4040/4040 4073/4073/4073 4074/4074/4074
f 4040/4040/4040 4074/4074/4074 4041/4041/4041
f 4041/4041/4041 4074/4074/4074 4075/4075/4075
f 4041/4041/4041 4075/4075/4075 4042/4042/4042
f 4042/4042/4042 4075/4075/4075 4076/4076/4076
f 4042/4042/4042 4076/4076/4076 4043/4043/4043
f 4043/4043/4043 4076/4076/4076 4077/4077/4077
f 4043/4043/4043 4077/4077/4077 4044/4044/4044
f 4044/4044/4044 4077/4077/4077 4078/4078/4078
f 4044/4044/4044 4078/4078/4078 4045/4045/4045
f 4045/4045/4045 4078/4078/4078 4079/4079/4079
f 4045/4045/4045 4079/4079/4079 4046/4046/4046
f 4046/4046/4046 4079/4079/4079 4080/4080/4080
f 4046/4046/4046 4080/4080/4080 4047/4047/4047
f 4047/4047/4047 4080/4080/4080 4081/4081/4081
f 4047/4047/4047 4081/4081/4081 4048/4048/4048
f 4048/4048/4048 4081/4081/4081 4082/4082/4082
f 4048/4048/4048 4082/4082/4082 4049/4049/4049
f 4049/4049/4049 4082/4082/4082 4083/4083/4083
f 4049/4049/4049 4083/4083/4083 4050/4050/4050
f 4050/4050/4050 4083/4083/4083 4084/4084/4084
f 4050/4050/4050 4084/4084/4084 4051/4051/4051
f 4051/4051/4051 4084/4084/4084 4085/4085/4085
f 4051/4051/4051 4085/4085/4085 4052/4052/4052
f 4052/4052/4052 4085/4085/4085 4086/4086/4086
f 4052/4052/4052 4086/4086/4086 4053/4053/4053
f 4053/4053/4053 4086/4086/4086 4087/4087/4087
f 4053/4053/4053 4087/4087/4087 4054/4054/4054
f 4054/4054/4054 4087/4087/4087 4088/4088/4088
f 4054/4054/4054 4088/4088/4088 4055/4055/4055
f 4055/4055/4055 4088/4088/4088 4089/4089/4089
f 4055/4055/4055 4089/4089/4089 4056/4056/4056
f 4056/4056/4056 4089/4089/4089 4090/4090/4090
f 4056/4056/4056 4090/4090/4090 4057/4057/4057
f 4057/4057/4057 4090/4090/4090 4091/4091/4091
f 4057/4057/4057 4091/4091/4091 4058/4058/4058
f 4058/4058/4058 4091/4091/4091 4092/4092/4092
f 4058/4058/4058 4092/4092/4092 4059/4059/4059
f 4060/4060/4060 4093/4093/4093 4094/4094/4094
f 4060/4060/4060 4094/4094/4094 4061/4061/4061
f 4061/4061/4061 4094/4094/4094 4095/4095/4095
f 4061/4061/4061 4095/4095/4095 4062/4062/4062
f 4062/4062/4062 4095/4095/4095 4096/4096/4096
f 4062/4062/4062 4096/4096/4096 4063/4063/4063
f 4063/4063/4063 4096/4096/4096 4097/4097/4097
f 4063/4063/4063 4097/4097/4097 4064/4064/4064
f 4064/4064/4064 4097/4097/4097 4098/4098/4098
f 4064/4064/4064 4098/4098/4098 4065/4065/4065
f 4065/4065/4065 4098/4098/4098 4099/4099/4099
f 4065/4065/4065 4099/4099/4099 4066/4066/4066
f 4066/4066/4066 4099/4099/4099 4100/4100/4100
f 4066/4066/4066 4100/4100/4100 4067/4067/4067
f 4067/4067/4067 4100/4100/4100 4101/4101/4101
f 4067/4067/4067 4101/4101/4101 4068/4068/4068
f 4068/4068/4068 4101/4101/4101 4102/4102/4102
f 4068/4068/4068 4102/4102/4102 4069/4069/4069
f 4069/4069/4069 4102/4102/4102 4103/4103/4103
f 4069/4069/4069 4103/4103/4103 4070/4070/4070
f 4070/4070/4070 4103/4103/4103 4104/4104/4104
f 4070/4070/4070 4104/4104/4104 4071/4071/4071
f 4071/4071/4071 4104/4104/4104 4105/4105/4105
f 4071/4071/4071 4105/4105/4105 4072/4072/4072
f 4072/4072/4072 4105/4105/4105 4106/4106/4106
f 4072/4072/4072 4106/4106/4106 4073/4073/4073
f 4073/4073/4073 4106/4106/4106 4107/4107/4107
f 4073/4073/4073 4107/4107/4107 4074/4074/4074
f 4074/4074/4074 4107/4107/4107 4108/4108/4108
f 4074/4074/4074 4108/4108/4108 4075/4075/4075
f 4075/4075/4075 4108/4108/4108 4109/4109/4109
f 4075/4075/4075 4109/4109/4109 4076/4076/4076
f 4076/4076/4076 4109/4109/4109 4110/4110/4110
f 4076/4076/4076 4110/4110/4110 4077/4077/4077
f 4077/4077/4077 4110/4110/4110 4111/4111/4111
f 4077/4077/4077 4111/4111/4111 4078/4078/4078
f 4078/4078/4078 4111/4111/4111 4112/4112/4112
f 4078/4078/4078 4112/4112/4112 4079/4079/4079
f 4079/4079/4079 4112/4112/4112 4113/4113/4113
f 4079/4079/4079 4113/4113/4113 4080/4080/4080
f 4080/4080/4080 4113/4113/4113 4114/4114/4114
f 4080/4080/4080 4114/4114/4114 4081/4081/4081
f 4081/4081/4081 4114/4114/4114 4115/4115/4115
f 4081/4081/4081 4115/4115/4115 4082/4082/4082
f 4082/4082/4082 4115/4115/4115 4116/4116/4116
f 4082/4082/4082 4116/4116/4116 4083/4083/4083
f 4083/4083/4083 4116/4116/4116 4117/4117/4117
f 4083/4083/4083 4117/4117/4117 4084/4084/4084
f 4084/4084/4084 4117/4117/4117 4118/4118/4118
f 4084/4084/4084 4118/4118/4118 4085/4085/4085
f 4085/4085/4085 4118/4118/4118 4119/4119/4119
f 4085/4085/4085 4119/4119/4119 4086/4086/4086
f 4086/4086/4086 4119/4119/4119 4120/4120/4120
f 4086/4086/4086 4120/4120/4120 4087/4087/4087
f 4087/4087/4087 4120/4120/4120 4121/4121/4121
f 4087/4087/4087 4121/4121/4121 4088/4088/4088
f 4088/4088/4088 4121/4121/4121 4122/4122/4122
f 4088/4088/4088 4122/4122/4122 4089/4089/4089
f 4089/4089/4089 4122/4122/4122 4123/4123/4123
f 4089/4089/4089 4123/4123/4123 4090/4090/4090
f 4090/4090/4090 4123/4123/4123 4124/4124/4124
f 4090/4090/4090 4124/4124/4124 4091/4091/4091
f 4091/4091/4091 4124/4124/4124 4125/4125/4125
f 4091/4091/4091 4125/4125/4125 4092/4092/4092
f 4093/4093/4093 4126/4126/4126 4127/4127/4127
f 4093/4093/4093 4127/4127/4127 4094/4094/4094
f 4094/4094/4094 4127/4127/4127 4128/4128/4128
f 4094/4094/4094 4128/4128/4128 4095/4095/4095
f 4095/4095/4095 4128/4128/4128 4129/4129/4129
f 4095/4095/4095 4129/4129/4129 4096/4096/4096
f 4096/4096/4096 4129/4129/4129 4130/4130/4130
f 4096/4096/4096 4130/4130/4130 4097/4097/4097
f 4097/4097/4097 4130/4130/4130 4131/4131/4131
f 4097/4097/4097 4131/4131/4131 4098/4098/4098
f 4098/4098/4098 4131/4131/4131 4132/4132/4132
f 4098/4098/4098 4132/4132/4132 4099/4099/4099
f 4099/4099/4099 4132/4132/4132 4133/4133/4133
f 4099/4099/4099 4133/4133/4133 4100/4100/4100
f 4100/4100/4100 4133/4133/4133 4134/4134/4134
f 4100/4100/4100 4134/4134/4134 4101/4101/4101
f 4101/4101/4101 4134/4134/4134 4135/4135/4135
f 4101/4101/4101 4135/4135/4135 4102/4102/4102
f 4102/4102/4102 4135/4135/4135 4136/4136/4136
f 4102/4102/4102 4136/4136/4136 4103/4103/4103
f 4103/4103/4103 4136/4136/4136 4137/4137/4137
f 4103/4103/4103 4137/4137/4137 4104/4104/4104
f 4104/4104/4104 4137/4137/4137 4138/4138/4138
f 4104/4104/4104 4138/4138/4138 4105/4105/4105
f 4105/4105/4105 4138/4138/4138 4139/4139/4139
f 4105/4105/4105 4139/4139/4139 4106/4106/4106
f 4106/4106/4106 4139/4139/4139 4140/4140/4140
f 4106/4106/4106 4140/4140/4140 4107/4107/4107
f 4107/4107/4107 4140/4140/4140 4141/4141/4141
f 4107/4107/4107 4141/4141/4141 4108/4108/4108
f 4108/4108/4108 4141/4141/4141 4142/4142/4142
f 4108/4108/4108 4142/4142/4142 4109/4109/4109
f 4109/4109/4109 4142/4142/4142 4143/4143/4143
f 4109/4109/4109 4143/4143/4143 4110/4110/4110
f 4110/4110/4110 4143/4143/4143 4144/4144/4144
f 4110/4110/4110 4144/4144/4144 4111/4111/4111
f 4111/4111/4111 4144/4144/4144 4145/4145/4145
f 4111/4111/4111 4145/4145/4145 4112/4112/4112
f 4112/4112/4112 4145/4145/4145 4146/4146/4146
f 4112/4112/4112 4146/4146/4146 4113/4113/4113
f 4113/4113/4113 4146/4146/4146 4147/4147/4147
f 4113/4113/4113 4147/4147/4147 4114/4114/4114
f 4114/4114/4114 4147/4147/4147 4148/4148/4148
f 4114/4114/4114 4148/4148/4148 4115/4115/4115
f 4115/4115/4115 4148/4148/4148 4149/4149/4149
f 4115/4115/4115 4149/4149/4149 4116/4116/4116
f 4116/4116/4116 4149/4149/4149 4150/4150/4150
f 4116/4116/4116 4150/4150/4150 4117/4117/4117
f 4117/4117/4117 4150/4150/4150 4151/4151/4151
f 4117/4117/4117 4151/4151/4151 4118/4118/4118
f 4118/4118/4118 4151/4151/4151 4152/4152/4152
f 4118/4118/4118 4152/4152/4152 4119/4119/4119
f 4119/4119/4119 4152/4152/4152 4153/4153/4153
f 4119/4119/4119 4153/4153/4153 4120/4120/4120
f 4120/4120/4120 4153/4153/4153 4154/4154/4154
f 4120/4120/4120 4154/4154/4154 4121/4121/4121
f 4121/4121/4121 4154/4154/4154 4155/4155/4155
f 4121/4121/4121 4155/4155/4155 4122/4122/4122
f 4122/4122/4122 4155/4155/4155 4156/4156/4156
f 4122/4122/4122 4156/4156/4156 4123/4123/4123
f 4123/4123/4123 4156/4156/4156 4157/4157/4157
f 4123/4123/4123 4157/4157/4157 4124/4124/4124
f 4124/4124/4124 4157/4157/4157 4158/4158/4158
f 4124/4124/4124 4158/4158/4158 4125/4125/4125
f 4126/4126/4126 4159/4159/4159 4160/4160/4160
f 4126/4126/4126 4160/4160/4160 4127/4127/4127
f 4127/4127/4127 4160/4160/4160 4161/4161/4161
f 4127/4127/4127 4161/4161/4161 4128/4128/4128
f 4128/4128/4128 4161/4161/4161 4162/4162/4162
f 4128/4128/4128 4162/4162/4162 4129/4129/4129
f 4129/4129/4129 4162/4162/4162 4163/4163/4163
f 4129/4129/4129 4163/4163/4163 4130/4130/4130
f 4130/4130/4130 4163/4163/4163 4164/4164/4164
f 4130/4130/4130 4164/4164/4164 4131/4131/4131
f 4131/4131/4131 4164/4164/4164 4165/4165/4165
f 4131/4131/4131 4165/4165/4165 4132/4132/4132
f 4132/4132/4132 4165/4165/4165 4166/4166/4166
f 4132/4132/4132 4166/4166/4166 4133/4133/4133
f 4133/4133/4133 4166/4166/4166 4167/4167/4167
f 4133/4133/4133 4167/4167/4167 4134/4134/4134
f 4134/4134/4134 4167/4167/4167 4168/4168/4168
f 4134/4134/4134 4168/4168/4168 4135/4135/4135
f 4135/4135/4135 4168/4168/4168 4169/4169/4169
f 4135/4135/4135 4169/4169/4169 4136/4136/4136
f 4136/4136/4136 4169/4169/4169 4170/4170/4170
f 4136/4136/4136 4170/4170/4170 4137/4137/4137
f 4137/4137/4137 4170/4170/4170 4171/4171/4171
f 4137/4137/4137 4171/4171/4171 4138/4138/4138
f 4138/4138/4138 4171/4171/4171 4172/4172/4172
f 4138/4138/4138 4172/4172/4172 4139/4139/4139
f 4139/4139/4139 4172/4172/4172 4173/4173/4173
f 4139/4139/4139 4173/4173/4173 4140/4140/4140
f 4140/4140/4140 4173/4173/4173 4174/4174/4174
f 4140/4140/4140 4174/4174/4174 4141/4141/4141
f 4141/4141/4141 4174/4174/4174 4175/4175/4175
f 4141/4141/4141 4175/4175/4175 4142/4142/4142
f 4142/4142/4142 4175/4175/4175 4176/4176/4176
f 4142/4142/4142 4176/4176/4176 4143/4143/4143
f 4143/4143/4143 4176/4176/4176 4177/4177/4177
f 4143/4143/4143 4177/4177/4177 4144/4144/4144
f 4144/4144/4144 4177/4177/4177 4178/4178/4178
f 4144/4144/4144 4178/4178/4178 4145/4145/4145
f 4145/4145/4145 4178/4178/4178 4179/4179/4179
f 4145/4145/4145 4179/4179/4179 4146/4146/4146
f 4146/4146/4146 4179/4179/4179 4180/4180/4180
f 4146/4146/4146 4180/4180/4180 4147/4147/4147
f 4147/4147/4147 4180/4180/4180 4181/4181/4181
f 4147/4147/4147 4181/4181/4181 4148/4148/4148
f 4148/4148/4148 4181/4181/4181 4182/4182/4182
f 4148/4148/4148 4182/4182/4182 4149/4149/4149
f 4149/4149/4149 4182/4182/4182 4183/4183/4183
f 4149/4149/4149 4183/4183/4183 4150/4150/4150
f 4150/4150/4150 4183/4183/4183 4184/4184/4184
f 4150/4150/4150 4184/4184/4184 4151/4151/4151
f 4151/4151/4151 4184/4184/4184 4185/4185/4185
f 4151/4151/4151 4185/4185/4185 4152/4152/4152
f 4152/4152/4152 4185/4185/4185 4186/4186/4186
f 4152/4152/4152 4186/4186/4186 4153/4153/4153
f 4153/4153/4153 4186/4186/4186 4187/4187/4187
f 4153/4153/4153 4187/4187/4187 4154/4154/4154
f 4154/4154/4154 4187/4187/4187 4188/4188/4188
f 4154/4154/4154 4188/4188/4188 4155/4155/4155
f 4155/4155/4155 4188/4188/4188 4189/4189/4189
f 4155/4155/4155 4189/4189/4189 4156/4156/4156
f 4156/4156/4156 4189/4189/4189 4190/4190/4190
f 4156/4156/4156 4190/4190/4190 4157/4157/4157
f 4157/4157/4157 4190/4190/4190 4191/4191/4191
f 4157/4157/4157 4191/4191/4191 4158/4158/4158
f 4159/4159/4159 4192/4192/4192 4193/4193/4193
f 4159/4159/4159 4193/4193/4193 4160/4160/4160
f 4160/4160/4160 4193/4193/4193 4194/4194/4194
f 4160/4160/4160 4194/4194/4194 4161/4161/4161
f 4161/4161/4161 4194/4194/4194 4195/4195/4195
f 4161/4161/4161 4195/4195/4195 4162/4162/4162
f 4162/4162/4162 4195/4195/4195 4196/4196/4196
f 4162/4162/4162 4196/4196/4196 4163/4163/4163
f 4163/4163/4163 4196/4196/4196 4197/4197/4197
f 4163/4163/4163 4197/4197/4197 4164/4164/4164
f 4164/4164/4164 4197/4197/4197 4198/4198/4198
f 4164/4164/4164 4198/4198/4198 4165/4165/4165
f 4165/4165/4165 4198/4198/4198 4199/4199/4199
f 4165/4165/4165 4199/4199/4199 4166/4166/4166
f 4166/4166/4166 4199/4199/4199 4200/4200/4200
f 4166/4166/4166 4200/4200/4200 4167/4167/4167
f 4167/4167/4167 4200/4200/4200 4201/4201/4201
f 4167/4167/4167 4201/4201/4201 4168/4168/4168
f 4168/4168/4168 4201/4201/4201 4202/4202/4202
f 4168/4168/4168 4202/4202/4202 4169/4169/4169
f 4169/4169/4169 4202/4202/4202 4203/4203/4203
f 4169/4169/4169 4203/4203/4203 4170/4170/4170
f 4170/4170/4170 4203/4203/4203 4204/4204/4204
f 4170/4170/4170 4204/4204/4204 4171/4171/4171
f 4171/4171/4171 4204/4204/4204 4205/4205/4205
f 4171/4171/4171 4205/4205/4205 4172/4172/4172
f 4172/4172/4172 4205/4205/4205 4206/4206/4206
f 4172/4172/4172 4206/4206/4206 4173/4173/4173
f 4173/4173/4173 4206/4206/4206 4207/4207/4207
f 4173/4173/4173 4207/4207/4207 4174/4174/4174
f 4174/4174/4174 4207/4207/4207 4208/4208/4208
f 4174/4174/4174 4208/4208/4208 4175/4175/4175
f 4175/4175/4175 4208/4208/4208 4209/4209/4209
f 4175/4175/4175 4209/4209/4209 4176/4176/4176
f 4176/4176/4176 4209/4209/4209 4210/4210/4210
f 4176/4176/4176 4210/4210/4210 4177/4177/4177
f 4177/4177/4177 4210/4210/4210 4211/4211/4211
f 4177/4177/4177 4211/4211/4211 4178/4178/4178
f 4178/4178/4178 4211/4211/4211 4212/4212/4212
f 4178/4178/4178 4212/4212/4212 4179/4179/4179
f 4179/4179/4179 4212/4212/4212 4213/4213/4213
f 4179/4179/4179 4213/4213/4213 4180/4180/4180
f 4180/4180/4180 4213/4213/4213 4214/4214/4214
f 4180/4180/4180 4214/4214/4214 4181/4181/4181
f 4181/4181/4181 4214/4214/4214 4215/4215/4215
f 4181/4181/4181 4215/4215/4215 4182/4182/4182
f 4182/4182/4182 4215/4215/4215 4216/4216/4216
f 4182/4182/4182 4216/4216/4216 4183/4183/4183
f 4183/4183/4183 4216/4216/4216 4217/4217/4217
f 4183/4183/4183 4217/4217/4217 4184/4184/4184
f 4184/4184/4184 4217/4217/4217 4218/4218/4218
f 4184/4184/4184 4218/4218/4218 4185/4185/4185
f 4185/4185/4185 4218/4218/4218 4219/4219/4219
f 4185/4185/4185 4219/4219/4219 4186/4186/4186
f 4186/4186/4186 4219/4219/4219 4220/4220/4220
f 4186/4186/4186 4220/4220/4220 4187/4187/4187
f 4187/4187/4187 4220/4220/4220 4221/4221/4221
f 4187/4187/4187 4221/4221/4221 4188/4188/4188
f 4188/4188/4188 4221/4221/4221 4222/4222/4222
f 4188/4188/4188 4222/4222/4222 4189/4189/4189
f 4189/4189/4189 4222/4222/4222 4223/4223/4223
f 4189/4189/4189 4223/4223/4223 4190/4190/4190
f 4190/4190/4190 4223/4223/4223 4224/4224/4224
f 4190/4190/4190 4224/4224/4224 4191/4191/4191
f 4192/4192/4192 4225/4225/4225 4226/4226/4226
f 4192/4192/4192 4226/4226/4226 4193/4193/4193
f 4193/4193/4193 4226/4226/4226 4227/4227/4227
f 4193/4193/4193 4227/4227/4227 4194/4194/4194
f 4194/4194/4194 4227/4227/4227 4228/4228/4228
f 4194/4194/4194 4228/4228/4228 4195/4195/4195
f 4195/4195/4195 4228/4228/4228 4229/4229/4229
f 4195/4195/4195 4229/4229/4229 4196/4196/4196
f 4196/4196/4196 4229/4229/4229 4230/4230/4230
f 4196/4196/4196 4230/4230/4230 4197/4197/4197
f 4197/4197/4197 4230/4230/4230 4231/4231/4231
f 4197/4197/4197 4231/4231/4231 4198/4198/4198
f 4198/4198/4198 4231/4231/4231 4232/4232/4232
f 4198/4198/4198 4232/4232/4232 4199/4199/4199
f 4199/4199/4199 4232/4232/4232 4233/4233/4233
f 4199/4199/4199 4233/4233/4233 4200/4200/4200
f 4200/4200/4200 4233/4233/4233 4234/4234/4234
f 4200/4200/4200 4234/4234/4234 4201/4201/4201
f 4201/4201/4201 4234/4234/4234 4235/4235/4235
f 4201/4201/4201 4235/4235/4235 4202/4202/4202
f 4202/4202/4202 4235/4235/4235 4236/4236/4236
f 4202/4202/4202 4236/4236/4236 4203/4203/4203
f 4203/4203/4203 4236/4236/4236 4237/4237/4237
f 4203/4203/4203 4237/4237/4237 4204/4204/4204
f 4204/4204/4204 4237/4237/4237 4238/4238/4238
f 4204/4204/4204 4238/4238/4238 4205/4205/4205
f 4205/4205/4205 4238/4238/4238 4239/4239/4239
f 4205/4205/4205 4239/4239/4239 4206/4206/4206
f 4206/4206/4206 4239/4239/4239 4240/4240/4240
f 4206/4206/4206 4240/4240/4240 4207/4207/4207
f 4207/4207/4207 4240/4240/4240 4241/4241/4241
f 4207/4207/4207 4241/4241/4241 4208/4208/4208
f 4208/4208/4208 4241/4241/4241 4242/4242/4242
f 4208/4208/4208 4242/4242/4242 4209/4209/4209
f 4209/4209/4209 4242/4242/4242 4243/4243/4243
f 4209/4209/4209 4243/4243/4243 4210/4210/4210
f 4210/4210/4210 4243/4243/4243 4244/4244/4244
f 4210/4210/4210 4244/4244/4244 4211/4211/4211
f 4211/4211/4211 4244/4244/4244 4245/4245/4245
f 4211/4211/4211 4245/4245/4245 4212/4212/4212
f 4212/4212/4212 4245/4245/4245 4246/4246/4246
f 4212/4212/4212 4246/4246/4246 4213/4213/4213
f 4213/4213/4213 4246/4246/4246 4247/4247/4247
f 4213/4213/4213 4247/4247/4247 4214/4214/4214
f 4214/4214/4214 4247/4247/4247 4248/4248/4248
f 4214/4214/4214 4248/4248/4248 4215/4215/4215
f 4215/4215/4215 4248/4248/4248 4249/4249/4249
f 4215/4215/4215 4249/4249/4249 4216/4216/4216
f 4216/4216/4216 4249/4249/4249 4250/4250/4250
f 4216/4216/4216 4250/4250/4250 4217/4217/4217
f 4217/4217/4217 4250/4250/4250 4251/4251/4251
f 4217/4217/4217 4251/4251/4251 4218/4218/4218
f 4218/4218/4218 4251/4251/4251 4252/4252/4252
f 4218/4218/4218 4252/4252/4252 4219/4219/4219
f 4219/4219/4219 4252/4252/4252 4253/4253/4253
f 4219/4219/4219 4253/4253/4253 4220/4220/4220
f 4220/4220/4220 4253/4253/4253 4254/4254/4254
f 4220/4220/4220 4254/4254/4254 4221/4221/4221
f 4221/4221/4221 4254/4254/4254 4255/4255/4255
f 4221/4221/4221 4255/4255/4255 4222/4222/4222
f 4222/4222/4222 4255/4255/4255 4256/4256/4256
f 4222/4222/4222 4256/4256/4256 4223/4223/4223
f 4223/4223/4223 4256/4256/4256 4257/4257/4257
f 4223/4223/4223 4257/4257/4257 4224/4224/4224
f 4225/4225/4225 4258/4258/4258 4259/4259/4259
f 4225/4225/4225 4259/4259/4259 4226/4226/4226
f 4226/4226/4226 4259/4259/4259 4260/4260/4260
f 4226/4226/4226 4260/4260/4260 4227/4227/4227
f 4227/4227/4227 4260/4260/4260 4261/4261/4261
f 4227/4227/4227 4261/4261/4261 4228/4228/4228
f 4228/4228/4228 4261/4261/4261 4262/4262/4262
f 4228/4228/4228 4262/4262/4262 4229/4229/4229
f 4229/4229/4229 4262/4262/4262 4263/4263/4263
f 4229/4229/4229 4263/4263/4263 4230/4230/4230
f 4230/4230/4230 4263/4263/4263 4264/4264/4264
f 4230/4230/4230 4264/4264/4264 4231/4231/4231
f 4231/4231/4231 4264/4264/4264 4265/4265/4265
f 4231/4231/4231 4265/4265/4265 4232/4232/4232
f 4232/4232/4232 4265/4265/4265 4266/4266/4266
f 4232/4232/4232 4266/4266/4266 4233/4233/4233
f 4233/4233/4233 4266/4266/4266 4267/4267/4267
f 4233/4233/4233 4267/4267/4267 4234/4234/4234
f 4234/4234/4234 4267/4267/4267 4268/4268/4268
f 4234/4234/4234 4268/4268/4268 4235/4235/4235
f 4235/4235/4235 4268/4268/4268 4269/4269/4269
f 4235/4235/4235 4269/4269/4269 4236/4236/4236
f 4236/4236/4236 4269/4269/4269 4270/4270/4270
f 4236/4236/4236 4270/4270/4270 4237/4237/4237
f 4237/4237/4237 4270/4270/4270 4271/4271/4271
f 4237/4237/4237 4271/4271/4271 4238/4238/4238
f 4238/4238/4238 4271/4271/4271 4272/4272/4272
f 4238/4238/4238 4272/4272/4272 4239/4239/4239
f 4239/4239/4239 4272/4272/4272 4273/4273/4273
f 4239/4239/4239 4273/4273/4273 4240/4240/4240
f 4240/4240/4240 4273/4273/4273 4274/4274/4274
f 4240/4240/4240 4274/4274/4274 4241/4241/4241
f 4241/4241/4241 4274/4274/4274 4275/4275/4275
f 4241/4241/4241 4275/4275/4275 4242/4242/4242
f 4242/4242/4242 4275/4275/4275 4276/4276/4276
f 4242/4242/4242 4276/4276/4276 4243/4243/4243
f 4243/4243/4243 4276/4276/4276 4277/4277/4277
f 4243/4243/4243 4277/4277/4277 4244/4244/4244
f 4244/4244/4244 4277/4277/4277 4278/4278/4278
f 4244/4244/4244 4278/4278/4278 4245/4245/4245
f 4245/4245/4245 4278/4278/4278 4279/4279/4279
f 4245/4245/4245 4279/4279/4279 4246/4246/4246
f 4246/4246/4246 4279/4279/4279 4280/4280/4280
f 4246/4246/4246 4280/4280/4280 4247/4247/4247
f 4247/4247/4247 4280/4280/4280 4281/4281/4281
f 4247/4247/4247 4281/4281/4281 4248/4248/4248
f 4248/4248/4248 4281/4281/4281 4282/4282/4282
f 4248/4248/4248 4282/4282/4282 4249/4249/4249
f 4249/4249/4249 4282/4282/4282 4283/4283/4283
f 4249/4249/4249 4283/4283/4283 4250/4250/4250
f 4250/4250/4250 4283/4283/4283 4284/4284/4284
f 4250/4250/4250 4284/4284/4284 4251/4251/4251
f 4251/4251/4251 4284/4284/4284 4285/4285/4285
f 4251/4251/4251 4285/4285/4285 4252/4252/4252
f 4252/4252/4252 4285/4285/4285 4286/4286/4286
f 4252/4252/4252 4286/4286/4286 4253/4253/4253
f 4253/4253/4253 4286/4286/4286 4287/4287/4287
f 4253/4253/4253 4287/4287/4287 4254/4254/4254
f 4254/4254/4254 4287/4287/4287 4288/4288/4288
f 4254/4254/4254 4288/4288/4288 4255/4255/4255
f 4255/4255/4255 4288/4288/4288 4289/4289/4289
f 4255/4255/4255 4289/4289/4289 4256/4256/4256
f 4256/4256/4256 4289/4289/4289 4290/4290/4290
f 4256/4256/4256 4290/4290/4290 4257/4257/4257
f 4258/4258/4258 4291/4291/4291 4292/4292/4292
f 4258/4258/4258 4292/4292/4292 4259/4259/4259
f 4259/4259/4259 4292/4292/4292 4293/4293/4293
f 4259/4259/4259 4293/4293/4293 4260/4260/4260
f 4260/4260/4260 4293/4293/4293 4294/4294/4294
f 4260/4260/4260 4294/4294/4294 4261/4261/4261
f 4261/4261/4261 4294/4294/4294 4295/4295/4295
f 4261/4261/4261 4295/4295/4295 4262/4262/4262
f 4262/4262/4262 4295/4295/4295 4296/4296/4296
f 4262/4262/4262 4296/4296/4296 4263/4263/4263
f 4263/4263/4263 4296/4296/4296 4297/4297/4297
f 4263/4263/4263 4297/4297/4297 4264/4264/4264
f 4264/4264/4264 4297/4297/4297 4298/4298/4298
f 4264/4264/4264 4298/4298/4298 4265/4265/4265
f 4265/4265/4265 4298/4298/4298 4299/4299/4299
f 4265/4265/4265 4299/4299/4299 4266/4266/4266
f 4266/4266/4266 4299/4299/4299 4300/4300/4300
f 4266/4266/4266 4300/4300/4300 4267/4267/4267
f 4267/4267/4267 4300/4300/4300 4301/4301/4301
f 4267/4267/4267 4301/4301/4301 4268/4268/4268
f 4268/4268/4268 4301/4301/4301 4302/4302/4302
f 4268/4268/4268 4302/4302/4302 4269/4269/4269
f 4269/4269/4269 4302/4302/4302 4303/4303/4303
f 4269/4269/4269 4303/4303/4303 4270/4270/4270
f 4270/4270/4270 4303/4303/4303 4304/4304/4304
f 4270/4270/4270 4304/4304/4304 4271/4271/4271
f 4271/4271/4271 4304/4304/4304 4305/4305/4305
f 4271/4271/4271 4305/4305/4305 4272/4272/4272
f 4272/4272/4272 4305/4305/4305 4306/4306/4306
f 4272/4272/4272 4306/4306/4306 4273/4273/4273
f 4273/4273/4273 4306/4306/4306 4307/4307/4307
f 4273/4273/4273 4307/4307/4307 4274/4274/4274
f 4274/4274/4274 4307/4307/4307 4308/4308/4308
f 4274/4274/4274 4308/4308/4308 4275/4275/4275
f 4275/4275/4275 4308/4308/4308 4309/4309/4309
f 4275/4275/4275 4309/4309/4309 4276/4276/4276
f 4276/4276/4276 4309/4309/4309 4310/4310/4310
f 4276/4276/4276 4310/4310/4310 4277/4277/4277
f 4277/4277/4277 4310/4310/4310 4311/4311/4311
f 4277/4277/4277 4311/4311/4311 4278/4278/4278
f 4278/4278/4278 4311/4311/4311 4312/4312/4312
f 4278/4278/4278 4312/4312/4312 4279/4279/4279
f 4279/4279/4279 4312/4312/4312 4313/4313/4313
f 4279/4279/4279 4313/4313/4313 4280/4280/4280
f 4280/4280/4280 4313/4313/4313 4314/4314/4314
f 4280/4280/4280 4314/4314/4314 4281/4281/4281
f 4281/4281/4281 4314/4314/4314 4315/4315/4315
f 4281/4281/4281 4315/4315/4315 4282/4282/4282
f 4282/4282/4282 4315/4315/4315 4316/4316/4316
f 4282/4282/4282 4316/4316/4316 4283/4283/4283
f 4283/4283/4283 4316/4316/4316 4317/4317/4317
f 4283/4283/4283 4317/4317/4317 4284/4284/4284
f 4284/4284/4284 4317/4317/4317 4318/4318/4318
f 4284/4284/4284 4318/4318/4318 4285/4285/4285
f 4285/4285/4285 4318/4318/4318 4319/4319/4319
f 4285/4285/4285 4319/4319/4319 4286/4286/4286
f 4286/4286/4286 4319/4319/4319 4320/4320/4320
f 4286/4286/4286 4320/4320/4320 4287/4287/4287
f 4287/4287/4287 4320/4320/4320 4321/4321/4321
f 4287/4287/4287 4321/4321/4321 4288/4288/4288
f 4288/4288/4288 4321/4321/4321 4322/4322/4322
f 4288/4288/4288 4322/4322/4322 4289/4289/4289
f 4289/4289/4289 4322/4322/4322 4323/4323/4323
f 4289/4289/4289 4323/4323/4323 4290/4290/4290
f 4291/4291/4291 4324/4324/4324 4325/4325/4325
f 4291/4291/4291 4325/4325/4325 4292/4292/4292
f 4292/4292/4292 4325/4325/4325 4326/4326/4326
f 4292/4292/4292 4326/4326/4326 4293/4293/4293
f 4293/4293/4293 4326/4326/4326 4327/4327/4327
f 4293/4293/4293 4327/4327/4327 4294/4294/4294
f 4294/4294/4294 4327/4327/4327 4328/4328/4328
f 4294/4294/4294 4328/4328/4328 4295/4295/4295
f 4295/4295/4295 4328/4328/4328 4329/4329/4329
f 4295/4295/4295 4329/4329/4329 4296/4296/4296
f 4296/4296/4296 4329/4329/4329 4330/4330/4330
f 4296/4296/4296 4330/4330/4330 4297/4297/4297
f 4297/4297/4297 4330/4330/4330 4331/4331/4331
f 4297/4297/4297 4331/4331/4331 4298/4298/4298
f 4298/4298/4298 4331/4331/4331 4332/4332/4332
f 4298/4298/4298 4332/4332/4332 4299/4299/4299
f 4299/4299/4299 4332/4332/4332 4333/4333/4333
f 4299/4299/4299 4333/4333/4333 4300/4300/4300
f 4300/4300/4300 4333/4333/4333 4334/4334/4334
f 4300/4300/4300 4334/4334/4334 4301/4301/4301
f 4301/4301/4301 4334/4334/4334 4335/4335/4335
f 4301/4301/4301 4335/4335/4335 4302/4302/4302
f 4302/4302/4302 4335/4335/4335 4336/4336/4336
f 4302/4302/4302 4336/4336/4336 4303/4303/4303
f 4303/4303/4303 4336/4336/4336 4337/4337/4337
f 4303/4303/4303 4337/4337/4337 4304/4304/4304
f 4304/4304/4304 4337/4337/4337 4338/4338/4338
f 4304/4304/4304 4338/4338/4338 4305/4305/4305
f 4305/4305/4305 4338/4338/4338 4339/4339/4339
f 4305/4305/4305 4339/4339/4339 4306/4306/4306
f 4306/4306/4306 4339/4339/4339 4340/4340/4340
f 4306/4306/4306 4340/4340/4340 4307/4307/4307
f 4307/4307/4307 4340/4340/4340 4341/4341/4341
f 4307/4307/4307 4341/4341/4341 4308/4308/4308
f 4308/4308/4308 4341/4341/4341 4342/4342/4342
f 4308/4308/4308 4342/4342/4342 4309/4309/4309
f 4309/4309/4309 4342/4342/4342 4343/4343/4343
f 4309/4309/4309 4343/4343/4343 4310/4310/4310
f 4310/4310/4310 4343/4343/4343 4344/4344/4344
f 4310/4310/4310 4344/4344/4344 4311/4311/4311
f 4311/4311/4311 4344/4344/4344 4345/4345/4345
f 4311/4311/4311 4345/4345/4345 4312/4312/4312
f 4312/4312/4312 4345/4345/4345 4346/4346/4346
f 4312/4312/4312 4346/4346/4346 4313/4313/4313
f 4313/4313/4313 4346/4346/4346 4347/4347/4347
f 4313/4313/4313 4347/4347/4347 4314/4314/4314
f 4314/4314/4314 4347/4347/4347 4348/4348/4348
f 4314/4314/4314 4348/4348/4348 4315/4315/4315
f 4315/4315/4315 4348/4348/4348 4349/4349/4349
f 4315/4315/4315 4349/4349/4349 4316/4316/4316
f 4316/4316/4316 4349/4349/4349 4350/4350/4350
f 4316/4316/4316 4350/4350/4350 4317/4317/4317
f 4317/4317/4317 4350/4350/4350 4351/4351/4351
f 4317/4317/4317 4351/4351/4351 4318/4318/4318
f 4318/4318/4318 4351/4351/4351 4352/4352/4352
f 4318/4318/4318 4352/4352/4352 4319/4319/4319
f 4319/4319/4319 4352/4352/4352 4353/4353/4353
f 4319/4319/4319 4353/4353/4353 4320/4320/4320
f 4320/4320/4320 4353/4353/4353 4354/4354/4354
f 4320/4320/4320 4354/4354/4354 4321/4321/4321
f 4321/4321/4321 4354/4354/4354 4355/4355/4355
f 4321/4321/4321 4355/4355/4355 4322/4322/4322
f 4322/4322/4322 4355/4355/4355 4356/4356/4356
f 4322/4322/4322 4356/4356/4356 4323/4323/4323
f 4324/4324/4324 4357/4357/4357 4358/4358/4358
f 4324/4324/4324 4358/4358/4358 4325/4325/4325
f 4325/4325/4325 4358/4358/4358 4359/4359/4359
f 4325/4325/4325 4359/4359/4359 4326/4326/4326
f 4326/4326/4326 4359/4359/4359 4360/4360/4360
f 4326/4326/4326 4360/4360/4360 4327/4327/4327
f 4327/4327/4327 4360/4360/4360 4361/4361/4361
f 4327/4327/4327 4361/4361/4361 4328/4328/4328
f 4328/4328/4328 4361/4361/4361 4362/4362/4362
f 4328/4328/4328 4362/4362/4362 4329/4329/4329
f 4329/4329/4329 4362/4362/4362 4363/4363/4363
f 4329/4329/4329 4363/4363/4363 4330/4330/4330
f 4330/4330/4330 4363/4363/4363 4364/4364/4364
f 4330/4330/4330 4364/4364/4364 4331/4331/4331
f 4331/4331/4331 4364/4364/4364 4365/4365/4365
f 4331/4331/4331 4365/4365/4365 4332/4332/4332
f 4332/4332/4332 4365/4365/4365 4366/4366/4366
f 4332/4332/4332 4366/4366/4366 4333/4333/4333
f 4333/4333/4333 4366/4366/4366 4367/4367/4367
f 4333/4333/4333 4367/4367/4367 4334/4334/4334
f 4334/4334/4334 4367/4367/4367 4368/4368/4368
f 4334/4334/4334 4368/4368/4368 4335/4335/4335
f 4335/4335/4335 4368/4368/4368 4369/4369/4369
f 4335/4335/4335 4369/4369/4369 4336/4336/4336
f 4336/4336/4336 4369/4369/4369 4370/4370/4370
f 4336/4336/4336 4370/4370/4370 4337/4337/4337
f 4337/4337/4337 4370/4370/4370 4371/4371/4371
f 4337/4337/4337 4371/4371/4371 4338/4338/4338
f 4338/4338/4338 4371/4371/4371 4372/4372/4372
f 4338/4338/4338 4372/4372/4372 4339/4339/4339
f 4339/4339/4339 4372/4372/4372 4373/4373/4373
f 4339/4339/4339 4373/4373/4373 4340/4340/4340
f 4340/4340/4340 4373/4373/4373 4374/4374/4374
f 4340/4340/4340 4374/4374/4374 4341/4341/4341
f 4341/4341/4341 4374/4374/4374 4375/4375/4375
f 4341/4341/4341 4375/4375/4375 4342/4342/4342
f 4342/4342/4342 4375/4375/4375 4376/4376/4376
f 4342/4342/4342 4376/4376/4376 4343/4343/4343
f 4343/4343/4343 4376/4376/4376 4377/4377/4377
f 4343/4343/4343 4377/4377/4377 4344/4344/4344
f 4344/4344/4344 4377/4377/4377 4378/4378/4378
f 4344/4344/4344 4378/4378/4378 4345/4345/4345
f 4345/4345/4345 4378/4378/4378 4379/4379/4379
f 4345/4345/4345 4379/4379/4379 4346/4346/4346
f 4346/4346/4346 4379/4379/4379 4380/4380/4380
f 4346/4346/4346 4380/4380/4380 4347/4347/4347
f 4347/4347/4347 4380/4380/4380 4381/4381/4381
f 4347/4347/4347 4381/4381/4381 4348/4348/4348
f 4348/4348/4348 4381/4381/4381 4382/4382/4382
f 4348/4348/4348 4382/4382/4382 4349/4349/4349
f 4349/4349/4349 4382/4382/4382 4383/4383/4383
f 4349/4349/4349 4383/4383/4383 4350/4350/4350
f 4350/4350/4350 4383/4383/4383 4384/4384/4384
f 4350/4350/4350 4384/4384/4384 4351/4351/4351
f 4351/4351/4351 4384/4384/4384 4385/4385/4385
f 4351/4351/4351 4385/4385/4385 4352/4352/4352
f 4352/4352/4352 4385/4385/4385 4386/4386/4386
f 4352/4352/4352 4386/4386/4386 4353/4353/4353
f 4353/4353/4353 4386/4386/4386 4387/4387/4387
f 4353/4353/4353 4387/4387/4387 4354/4354/4354
f 4354/4354/4354 4387/4387/4387 4388/4388/4388
f 4354/4354/4354 4388/4388/4388 4355/4355/4355
f 4355/4355/4355 4388/4388/4388 4389/4389/4389
f 4355/4355/4355 4389/4389/4389 4356/4356/4356
f 4357/4357/4357 4390/4390/4390 4391/4391/4391
f 4357/4357/4357 4391/4391/4391 4358/4358/4358
f 4358/4358/4358 4391/4391/4391 4392/4392/4392
f 4358/4358/4358 4392/4392/4392 4359/4359/4359
f 4359/4359/4359 4392/4392/4392 4393/4393/4393
f 4359/4359/4359 4393/4393/4393 4360/4360/4360
f 4360/4360/4360 4393/4393/4393 4394/4394/4394
f 4360/4360/4360 4394/4394/4394 4361/4361/4361
f 4361/4361/4361 4394/4394/4394 4395/4395/4395
f 4361/4361/4361 4395/4395/4395 4362/4362/4362
f 4362/4362/4362 4395/4395/4395 4396/4396/4396
f 4362/4362/4362 4396/4396/4396 4363/4363/4363
f 4363/4363/4363 4396/4396/4396 4397/4397/4397
f 4363/4363/4363 4397/4397/4397 4364/4364/4364
f 4364/4364/4364 4397/4397/4397 4398/4398/4398
f 4364/4364/4364 4398/4398/4398 4365/4365/4365
f 4365/4365/4365 4398/4398/4398 4399/4399/4399
f 4365/4365/4365 4399/4399/4399 4366/4366/4366
f 4366/4366/4366 4399/4399/4399 4400/4400/4400
f 4366/4366/4366 4400/4400/4400 4367/4367/4367
f 4367/4367/4367 4400/4400/4400 4401/4401/4401
f 4367/4367/4367 4401/4401/4401 4368/4368/4368
f 4368/4368/4368 4401/4401/4401 4402/4402/4402
f 4368/4368/4368 4402/4402/4402 4369/4369/4369
f 4369/4369/4369 4402/4402/4402 4403/4403/4403
f 4369/4369/4369 4403/4403/4403 4370/4370/4370
f 4370/4370/4370 4403/4403/4403 4404/4404/4404
f 4370/4370/4370 4404/4404/4404 4371/4371/4371
f 4371/4371/4371 4404/4404/4404 4405/4405/4405
f 4371/4371/4371 4405/4405/4405 4372/4372/4372
f 4372/4372/4372 4405/4405/4405 4406/4406/4406
f 4372/4372/4372 4406/4406/4406 4373/4373/4373
f 4373/4373/4373 4406/4406/4406 4407/4407/4407
f 4373/4373/4373 4407/4407/4407 4374/4374/4374
f 4374/4374/4374 4407/4407/4407 4408/4408/4408
f 4374/4374/4374 4408/4408/4408 4375/4375/4375
f 4375/4375/4375 4408/4408/4408 4409/4409/4409
f 4375/4375/4375 4409/4409/4409 4376/4376/4376
f 4376/4376/4376 4409/4409/4409 4410/4410/4410
f 4376/4376/4376 4410/4410/4410 4377/4377/4377
f 4377/4377/4377 4410/4410/4410 4411/4411/4411
f 4377/4377/4377 4411/4411/4411 4378/4378/4378
f 4378/4378/4378 4411/4411/4411 4412/4412/4412
f 4378/4378/4378 4412/4412/4412 4379/4379/4379
f 4379/4379/4379 4412/4412/4412 4413/4413/4413
f 4379/4379/4379 4413/4413/4413 4380/4380/4380
f 4380/4380/4380 4413/4413/4413 4414/4414/4414
f 4380/4380/4380 4414/4414/4414 4381/4381/4381
f 4381/4381/4381 4414/4414/4414 4415/4415/4415
f 4381/4381/4381 4415/4415/4415 4382/4382/4382
f 4382/4382/4382 4415/4415/4415 4416/4416/4416
f 4382/4382/4382 4416/4416/4416 4383/4383/4383
f 4383/4383/4383 4416/4416/4416 4417/4417/4417
f 4383/4383/4383 4417/4417/4417 4384/4384/4384
f 4384/4384/4384 4417/4417/4417 4418/4418/4418
f 4384/4384/4384 4418/4418/4418 4385/4385/4385
f 4385/4385/4385 4418/4418/4418 4419/4419/4419
f 4385/4385/4385 4419/4419/4419 4386/4386/4386
f 4386/4386/4386 4419/4419/4419 4420/4420/4420
f 4386/4386/4386 4420/4420/4420 4387/4387/4387
f 4387/4387/4387 4420/4420/4420 4421/4421/4421
f 4387/4387/4387 4421/4421/4421 4388/4388/4388
f 4388/4388/4388 4421/4421/4421 4422/4422/4422
f 4388/4388/4388 4422/4422/4422 4389/4389/4389
f 4390/4390/4390 4423/4423/4423 4424/4424/4424
f 4390/4390/4390 4424/4424/4424 4391/4391/4391
f 4391/4391/4391 4424/4424/4424 4425/4425/4425
f 4391/4391/4391 4425/4425/4425 4392/4392/4392
f 4392/4392/4392 4425/4425/4425 4426/4426/4426
f 4392/4392/4392 4426/4426/4426 4393/4393/4393
f 4393/4393/4393 4426/4426/4426 4427/4427/4427
f 4393/4393/4393 4427/4427/4427 4394/4394/4394
f 4394/4394/4394 4427/4427/4427 4428/4428/4428
f 4394/4394/4394 4428/4428/4428 4395/4395/4395
f 4395/4395/4395 4428/4428/4428 4429/4429/4429
f 4395/4395/4395 4429/4429/4429 4396/4396/4396
f 4396/4396/4396 4429/4429/4429 4430/4430/4430
f 4396/4396/4396 4430/4430/4430 4397/4397/4397
f 4397/4397/4397 4430/4430/4430 4431/4431/4431
f 4397/4397/4397 4431/4431/4431 4398/4398/4398
f 4398/4398/4398 4431/4431/4431 4432/4432/4432
f 4398/4398/4398 4432/4432/4432 4399/4399/4399
f 4399/4399/4399 4432/4432/4432 4433/4433/4433
f 4399/4399/4399 4433/4433/4433 4400/4400/4400
f 4400/4400/4400 4433/4433/4433 4434/4434/4434
f 4400/4400/4400 4434/4434/4434 4401/4401/4401
f 4401/4401/4401 4434/4434/4434 4435/4435/4435
f 4401/4401/4401 4435/4435/4435 4402/4402/4402
f 4402/4402/4402 4435/4435/4435 4436/4436/4436
f 4402/4402/4402 4436/4436/4436 4403/4403/4403
f 4403/4403/4403 4436/4436/4436 4437/4437/4437
f 4403/4403/4403 4437/4437/4437 4404/4404/4404
f 4404/4404/4404 4437/4437/4437 4438/4438/4438
f 4404/4404/4404 4438/4438/4438 4405/4405/4405
f 4405/4405/4405 4438/4438/4438 4439/4439/4439
f 4405/4405/4405 4439/4439/4439 4406/4406/4406
f 4406/4406/4406 4439/4439/4439 4440/4440/4440
f 4406/4406/4406 4440/4440/4440 4407/4407/4407
f 4407/4407/4407 4440/4440/4440 4441/4441/4441
f 4407/4407/4407 4441/4441/4441 4408/4408/4408
f 4408/4408/4408 4441/4441/4441 4442/4442/4442
f 4408/4408/4408 4442/4442/4442 4409/4409/4409
f 4409/4409/4409 4442/4442/4442 4443/4443/4443
f 4409/4409/4409 4443/4443/4443 4410/4410/4410
f 4410/4410/4410 4443/4443/4443 4444/4444/4444
f 4410/4410/4410 4444/4444/4444 4411/4411/4411
f 4411/4411/4411 4444/4444/4444 4445/4445/4445
f 4411/4411/4411 4445/4445/4445 4412/4412/4412
f 4412/4412/4412 4445/4445/4445 4446/4446/4446
f 4412/4412/4412 4446/4446/4446 4413/4413/4413
f 4413/4413/4413 4446/4446/4446 4447/4447/4447
f 4413/4413/4413 4447/4447/4447 4414/4414/4414
f 4414/4414/4414 4447/4447/4447 4448/4448/4448
f 4414/4414/4414 4448/4448/4448 4415/4415/4415
f 4415/4415/4415 4448/4448/4448 4449/4449/4449
f 4415/4415/4415 4449/4449/4449 4416/4416/4416
f 4416/4416/4416 4449/4449/4449 4450/4450/4450
f 4416/4416/4416 4450/4450/4450 4417/4417/4417
f 4417/4417/4417 4450/4450/4450 4451/4451/4451
f 4417/4417/4417 4451/4451/4451 4418/4418/4418
f 4418/4418/4418 4451/4451/4451 4452/4452/4452
f 4418/4418/4418 4452/4452/4452 4419/4419/4419
f 4419/4419/4419 4452/4452/4452 4453/4453/4453
f 4419/4419/4419 4453/4453/4453 4420/4420/4420
f 4420/4420/4420 4453/4453/4453 4454/4454/4454
f 4420/4420/4420 4454/4454/4454 4421/4421/4421
f 4421/4421/4421 4454/4454/4454 4455/4455/4455
f 4421/4421/4421 4455/4455/4455 4422/4422/4422
f 4423/4423/4423 4456/4456/4456 4457/4457/4457
f 4423/4423/4423 4457/4457/4457 4424/4424/4424
f 4424/4424/4424 4457/4457/4457 4458/4458/4458
f 4424/4424/4424 4458/4458/4458 4425/4425/4425
f 4425/4425/4425 4458/4458/4458 4459/4459/4459
f 4425/4425/4425 4459/4459/4459 4426/4426/4426
f 4426/4426/4426 4459/4459/4459 4460/4460/4460
f 4426/4426/4426 4460/4460/4460 4427/4427/4427
f 4427/4427/4427 4460/4460/4460 4461/4461/4461
f 4427/4427/4427 4461/4461/4461 4428/4428/4428
f 4428/4428/4428 4461/4461/4461 4462/4462/4462
f 4428/4428/4428 4462/4462/4462 4429/4429/4429
f 4429/4429/4429 4462/4462/4462 4463/4463/4463
f 4429/4429/4429 4463/4463/4463 4430/4430/4430
f 4430/4430/4430 4463/4463/4463 4464/4464/4464
f 4430/4430/4430 4464/4464/4464 4431/4431/4431
f 4431/4431/4431 4464/4464/4464 4465/4465/4465
f 4431/4431/4431 4465/4465/4465 4432/4432/4432
f 4432/4432/4432 4465/4465/4465 4466/4466/4466
f 4432/4432/4432 4466/4466/4466 4433/4433/4433
f 4433/4433/4433 4466/4466/4466 4467/4467/4467
f 4433/4433/4433 4467/4467/4467 4434/4434/4434
f 4434/4434/4434 4467/4467/4467 4468/4468/4468
f 4434/4434/4434 4468/4468/4468 4435/4435/4435
f 4435/4435/4435 4468/4468/4468 4469/4469/4469
f 4435/4435/4435 4469/4469/4469 4436/4436/4436
f 4436/4436/4436 4469/4469/4469 4470/4470/4470
f 4436/4436/4436 4470/4470/4470 4437/4437/4437
f 4437/4437/4437 4470/4470/4470 4471/4471/4471
f 4437/4437/4437 4471/4471/4471 4438/4438/4438
f 4438/4438/4438 4471/4471/4471 4472/4472/4472
f 4438/4438/4438 4472/4472/4472 4439/4439/4439
f 4439/4439/4439 4472/4472/4472 4473/4473/4473
f 4439/4439/4439 4473/4473/4473 4440/4440/4440
f 4440/4440/4440 4473/4473/4473 4474/4474/4474
f 4440/4440/4440 4474/4474/4474 4441/4441/4441
f 4441/4441/4441 4474/4474/4474 4475/4475/4475
f 4441/4441/4441 4475/4475/4475 4442/4442/4442
f 4442/4442/4442 4475/4475/4475 4476/4476/4476
f 4442/4442/4442 4476/4476/4476 4443/4443/4443
f 4443/4443/4443 4476/4476/4476 4477/4477/4477
f 4443/4443/4443 4477/4477/4477 4444/4444/4444
f 4444/4444/4444 4477/4477/4477 4478/4478/4478
f 4444/4444/4444 4478/4478/4478 4445/4445/4445
f 4445/4445/4445 4478/4478/4478 4479/4479/4479
f 4445/4445/4445 4479/4479/4479 4446/4446/4446
f 4446/4446/4446 4479/4479/4479 4480/4480/4480
f 4446/4446/4446 4480/4480/4480 4447/4447/4447
f 4447/4447/4447 4480/4480/4480 4481/4481/4481
f 4447/4447/4447 4481/4481/4481 4448/4448/4448
f 4448/4448/4448 4481/4481/4481 4482/4482/4482
f 4448/4448/4448 4482/4482/4482 4449/4449/4449
f 4449/4449/4449 4482/4482/4482 4483/4483/4483
f 4449/4449/4449 4483/4483/4483 4450/4450/4450
f 4450/4450/4450 4483/4483/4483 4484/4484/4484
f 4450/4450/4450 4484/4484/4484 4451/4451/4451
f 4451/4451/4451 4484/4484/4484 4485/4485/4485
f 4451/4451/4451 4485/4485/4485 4452/4452/4452
f 4452/4452/4452 4485/4485/4485 4486/4486/4486
f 4452/4452/4452 4486/4486/4486 4453/4453/4453
f 4453/4453/4453 4486/4486/4486 4487/4487/4487
f 4453/4453/4453 4487/4487/4487 4454/4454/4454
f 4454/4454/4454 4487/4487/4487 4488/4488/4488
f 4454/4454/4454 4488/4488/4488 4455/4455/4455
f 4456/4456/4456 4489/4489/4489 4490/4490/4490
f 4456/4456/4456 4490/4490/4490 4457/4457/4457
f 4457/4457/4457 4490/4490/4490 4491/4491/4491
f 4457/4457/4457 4491/4491/4491 4458/4458/4458
f 4458/4458/4458 4491/4491/4491 4492/4492/4492
f 4458/4458/4458 4492/4492/4492 4459/4459/4459
f 4459/4459/4459 4492/4492/4492 4493/4493/4493
f 4459/4459/4459 4493/4493/4493 4460/4460/4460
f 4460/4460/4460 4493/4493/4493 4494/4494/4494
f 4460/4460/4460 4494/4494/4494 4461/4461/4461
f 4461/4461/4461 4494/4494/4494 4495/4495/4495
f 4461/4461/4461 4495/4495/4495 4462/4462/4462
f 4462/4462/4462 4495/4495/4495 4496/4496/4496
f 4462/4462/4462 4496/4496/4496 4463/4463/4463
f 4463/4463/4463 4496/4496/4496 4497/4497/4497
f 4463/4463/4463 4497/4497/4497 4464/4464/4464
f 4464/4464/4464 4497/4497/4497 4498/4498/4498
f 4464/4464/4464 4498/4498/4498 4465/4465/4465
f 4465/4465/4465 4498/4498/4498 4499/4499/4499
f 4465/4465/4465 4499/4499/4499 4466/4466/4466
f 4466/4466/4466 4499/4499/4499 4500/4500/4500
f 4466/4466/4466 4500/4500/4500 4467/4467/4467
f 4467/4467/4467 4500/4500/4500 4501/4501/4501
f 4467/4467/4467 4501/4501/4501 4468/4468/4468
f 4468/4468/4468 4501/4501/4501 4502/4502/4502
f 4468/4468/4468 4502/4502/4502 4469/4469/4469
f 4469/4469/4469 4502/4502/4502 4503/4503/4503
f 4469/4469/4469 4503/4503/4503 4470/4470/4470
f 4470/4470/4470 4503/4503/4503 4504/4504/4504
f 4470/4470/4470 4504/4504/4504 4471/4471/4471
f 4471/4471/4471 4504/4504/4504 4505/4505/4505
f 4471/4471/4471 4505/4505/4505 4472/4472/4472
f 4472/4472/4472 4505/4505/4505 4506/4506/4506
f 4472/4472/4472 4506/4506/4506 4473/4473/4473
f 4473/4473/4473 4506/4506/4506 4507/4507/4507
f 4473/4473/4473 4507/4507/4507 4474/4474/4474
f 4474/4474/4474 4507/4507/4507 4508/4508/4508
f 4474/4474/4474 4508/4508/4508 4475/4475/4475
f 4475/4475/4475 4508/4508/4508 4509/4509/4509
f 4475/4475/4475 4509/4509/4509 4476/4476/4476
f 4476/4476/4476 4509/4509/4509 4510/4510/4510
f 4476/4476/4476 4510/4510/4510 4477/4477/4477
f 4477/4477/4477 4510/4510/4510 4511/4511/4511
f 4477/4477/4477 4511/4511/4511 4478/4478/4478
f 4478/4478/4478 4511/4511/4511 4512/4512/4512
f 4478/4478/4478 4512/4512/4512 4479/4479/4479
f 4479/4479/4479 4512/4512/4512 4513/4513/4513
f 4479/4479/4479 4513/4513/4513 4480/4480/4480
f 4480/4480/4480 4513/4513/4513 4514/4514/4514
f 4480/4480/4480 4514/4514/4514 4481/4481/4481
f 4481/4481/4481 4514/4514/4514 4515/4515/4515
f 4481/4481/4481 4515/4515/4515 4482/4482/4482
f 4482/4482/4482 4515/4515/4515 4516/4516/4516
f 4482/4482/4482 4516/4516/4516 4483/4483/4483
f 4483/4483/4483 4516/4516/4516 4517/4517/4517
f 4483/4483/4483 4517/4517/4517 4484/4484/4484
f 4484/4484/4484 4517/4517/4517 4518/4518/4518
f 4484/4484/4484 4518/4518/4518 4485/4485/4485
f 4485/4485/4485 4518/4518/4518 4519/4519/4519
f 4485/4485/4485 4519/4519/4519 4486/4486/4486
f 4486/4486/4486 4519/4519/4519 4520/4520/4520
f 4486/4486/4486 4520/4520/4520 4487/4487/4487
f 4487/4487/4487 4520/4520/4520 4521/4521/4521
f 4487/4487/4487 4521/4521/4521 4488/4488/4488
f 4489/4489/4489 4522/4522/4522 4523/4523/4523
f 4489/4489/4489 4523/4523/4523 4490/4490/4490
f 4490/4490/4490 4523/4523/4523 4524/4524/4524
f 4490/4490/4490 4524/4524/4524 4491/4491/4491
f 4491/4491/4491 4524/4524/4524 4525/4525/4525
f 4491/4491/4491 4525/4525/4525 4492/4492/4492
f 4492/4492/4492 4525/4525/4525 4526/4526/4526
f 4492/4492/4492 4526/4526/4526 4493/4493/4493
f 4493/4493/4493 4526/4526/4526 4527/4527/4527
f 4493/4493/4493 4527/4527/4527 4494/4494/4494
f 4494/4494/4494 4527/4527/4527 4528/4528/4528
f 4494/4494/4494 4528/4528/4528 4495/4495/4495
f 4495/4495/4495 4528/4528/4528 4529/4529/4529
f 4495/4495/4495 4529/4529/4529 4496/4496/4496
f 4496/4496/4496 4529/4529/4529 4530/4530/4530
f 4496/4496/4496 4530/4530/4530 4497/4497/4497
f 4497/4497/4497 4530/4530/4530 4531/4531/4531
f 4497/4497/4497 4531/4531/4531 4498/4498/4498
f 4498/4498/4498 4531/4531/4531 4532/4532/4532
f 4498/4498/4498 4532/4532/4532 4499/4499/4499
f 4499/4499/4499 4532/4532/4532 4533/4533/4533
f 4499/4499/4499 4533/4533/4533 4500/4500/4500
f 4500/4500/4500 4533/4533/4533 4534/4534/4534
f 4500/4500/4500 4534/4534/4534 4501/4501/4501
f 4501/4501/4501 4534/4534/4534 4535/4535/4535
f 4501/4501/4501 4535/4535/4535 4502/4502/4502
f 4502/4502/4502 4535/4535/4535 4536/4536/4536
f 4502/4502/4502 4536/4536/4536 4503/4503/4503
f 4503/4503/4503 4536/4536/4536 4537/4537/4537
f 4503/4503/4503 4537/4537/4537 4504/4504/4504
f 4504/4504/4504 4537/4537/4537 4538/4538/4538
f 4504/4504/4504 4538/4538/4538 4505/4505/4505
f 4505/4505/4505 4538/4538/4538 4539/4539/4539
f 4505/4505/4505 4539/4539/4539 4506/4506/4506
f 4506/4506/4506 4539/4539/4539 4540/4540/4540
f 4506/4506/4506 4540/4540/4540 4507/4507/4507
f 4507/4507/4507 4540/4540/4540 4541/4541/4541
f 4507/4507/4507 4541/4541/4541 4508/4508/4508
f 4508/4508/4508 4541/4541/4541 4542/4542/4542
f 4508/4508/4508 4542/4542/4542 4509/4509/4509
f 4509/4509/4509 4542/4542/4542 4543/4543/4543
f 4509/4509/4509 4543/4543/4543 4510/4510/4510
f 4510/4510/4510 4543/4543/4543 4544/4544/4544
f 4510/4510/4510 4544/4544/4544 4511/4511/4511
f 4511/4511/4511 4544/4544/4544 4545/4545/4545
f 4511/4511/4511 4545/4545/4545 4512/4512/4512
f 4512/4512/4512 4545/4545/4545 4546/4546/4546
f 4512/4512/4512 4546/4546/4546 4513/4513/4513
f 4513/4513/4513 4546/4546/4546 4547/4547/4547
f 4513/4513/4513 4547/4547/4547 4514/4514/4514
f 4514/4514/4514 4547/4547/4547 4548/4548/4548
f 4514/4514/4514 4548/4548/4548 4515/4515/4515
f 4515/4515/4515 4548/4548/4548 4549/4549/4549
f 4515/4515/4515 4549/4549/4549 4516/4516/4516
f 4516/4516/4516 4549/4549/4549 4550/4550/4550
f 4516/4516/4516 4550/4550/4550 4517/4517/4517
f 4517/4517/4517 4550/4550/4550 4551/4551/4551
f 4517/4517/4517 4551/4551/4551 4518/4518/4518
f 4518/4518/4518 4551/4551/4551 4552/4552/4552
f 4518/4518/4518 4552/4552/4552 4519/4519/4519
f 4519/4519/4519 4552/4552/4552 4553/4553/4553
f 4519/4519/4519 4553/4553/4553 4520/4520/4520
f 4520/4520/4520 4553/4553/4553 4554/4554/4554
f 4520/4520/4520 4554/4554/4554 4521/4521/4521
f 4522/4522/4522 4555/4555/4555 4556/4556/4556
f 4522/4522/4522 4556/4556/4556 4523/4523/4523
f 4523/4523/4523 4556/4556/4556 4557/4557/4557
f 4523/4523/4523 4557/4557/4557 4524/4524/4524
f 4524/4524/4524 4557/4557/4557 4558/4558/4558
f 4524/4524/4524 4558/4558/4558 4525/4525/4525
f 4525/4525/4525 4558/4558/4558 4559/4559/4559
f 4525/4525/4525 4559/4559/4559 4526/4526/4526
f 4526/4526/4526 4559/4559/4559 4560/4560/4560
f 4526/4526/4526 4560/4560/4560 4527/4527/4527
f 4527/4527/4527 4560/4560/4560 4561/4561/4561
f 4527/4527/4527 4561/4561/4561 4528/4528/4528
f 4528/4528/4528 4561/4561/4561 4562/4562/4562
f 4528/4528/4528 4562/4562/4562 4529/4529/4529
f 4529/4529/4529 4562/4562/4562 4563/4563/4563
f 4529/4529/4529 4563/4563/4563 4530/4530/4530
f 4530/4530/4530 4563/4563/4563 4564/4564/4564
f 4530/4530/4530 4564/4564/4564 4531/4531/4531
f 4531/4531/4531 4564/4564/4564 4565/4565/4565
f 4531/4531/4531 4565/4565/4565 4532/4532/4532
f 4532/4532/4532 4565/4565/4565 4566/4566/4566
f 4532/4532/4532 4566/4566/4566 4533/4533/4533
f 4533/4533/4533 4566/4566/4566 4567/4567/4567
f 4533/4533/4533 4567/4567/4567 4534/4534/4534
f 4534/4534/4534 4567/4567/4567 4568/4568/4568
f 4534/4534/4534 4568/4568/4568 4535/4535/4535
f 4535/4535/4535 4568/4568/4568 4569/4569/4569
f 4535/4535/4535 4569/4569/4569 4536/4536/4536
f 4536/4536/4536 4569/4569/4569 4570/4570/4570
f 4536/4536/4536 4570/4570/4570 4537/4537/4537
f 4537/4537/4537 4570/4570/4570 4571/4571/4571
f 4537/4537/4537 4571/4571/4571 4538/4538/4538
f 4538/4538/4538 4571/4571/4571 4572/4572/4572
f 4538/4538/4538 4572/4572/4572 4539/4539/4539
f 4539/4539/4539 4572/4572/4572 4573/4573/4573
f 4539/4539/4539 4573/4573/4573 4540/4540/4540
f 4540/4540/4540 4573/4573/4573 4574/4574/4574
f 4540/4540/4540 4574/4574/4574 4541/4541/4541
f 4541/4541/4541 4574/4574/4574 4575/4575/4575
f 4541/4541/4541 4575/4575/4575 4542/4542/4542
f 4542/4542/4542 4575/4575/4575 4576/4576/4576
f 4542/4542/4542 4576/4576/4576 4543/4543/4543
f 4543/4543/4543 4576/4576/4576 4577/4577/4577
f 4543/4543/4543 4577/4577/4577 4544/4544/4544
f 4544/4544/4544 4577/4577/4577 4578/4578/4578
f 4544/4544/4544 4578/4578/4578 4545/4545/4545
f 4545/4545/4545 4578/4578/4578 4579/4579/4579
f 4545/4545/4545 4579/4579/4579 4546/4546/4546
f 4546/4546/4546 4579/4579/4579 4580/4580/4580
f 4546/4546/4546 4580/4580/4580 4547/4547/4547
f 4547/4547/4547 4580/4580/4580 4581/4581/4581
f 4547/4547/4547 4581/4581/4581 4548/4548/4548
f 4548/4548/4548 4581/4581/4581 4582/4582/4582
f 4548/4548/4548 4582/4582/4582 4549/4549/4549
f 4549/4549/4549 4582/4582/4582 4583/4583/4583
f 4549/4549/4549 4583/4583/4583 4550/4550/4550
f 4550/4550/4550 4583/4583/4583 4584/4584/4584
f 4550/4550/4550 4584/4584/4584 4551/4551/4551
f 4551/4551/4551 4584/4584/4584 4585/4585/4585
f 4551/4551/4551 4585/4585/4585 4552/4552/4552
f 4552/4552/4552 4585/4585/4585 4586/4586/4586
f 4552/4552/4552 4586/4586/4586 4553/4553/4553
f 4553/4553/4553 4586/4586/4586 4587/4587/4587
f 4553/4553/4553 4587/4587/4587 4554/4554/4554
f 4555/4555/4555 4588/4588/4588 4589/4589/4589
f 4555/4555/4555 4589/4589/4589 4556/4556/4556
f 4556/4556/4556 4589/4589/4589 4590/4590/4590
f 4556/4556/4556 4590/4590/4590 4557/4557/4557
f 4557/4557/4557 4590/4590/4590 4591/4591/4591
f 4557/4557/4557 4591/4591/4591 4558/4558/4558
f 4558/4558/4558 4591/4591/4591 4592/4592/4592
f 4558/4558/4558 4592/4592/4592 4559/4559/4559
f 4559/4559/4559 4592/4592/4592 4593/4593/4593
f 4559/4559/4559 4593/4593/4593 4560/4560/4560
f 4560/4560/4560 4593/4593/4593 4594/4594/4594
f 4560/4560/4560 4594/4594/4594 4561/4561/4561
f 4561/4561/4561 4594/4594/4594 4595/4595/4595
f 4561/4561/4561 4595/4595/4595 4562/4562/4562
f 4562/4562/4562 4595/4595/4595 4596/4596/4596
f 4562/4562/4562 4596/4596/4596 4563/4563/4563
f 4563/4563/4563 4596/4596/4596 4597/4597/4597
f 4563/4563/4563 4597/4597/4597 4564/4564/4564
f 4564/4564/4564 4597/4597/4597 4598/4598/4598
f 4564/4564/4564 4598/4598/4598 4565/4565/4565
f 4565/4565/4565 4598/4598/4598 4599/4599/4599
f 4565/4565/4565 4599/4599/4599 4566/4566/4566
f 4566/4566/4566 4599/4599/4599 4600/4600/4600
f 4566/4566/4566 4600/4600/4600 4567/4567/4567
f 4567/4567/4567 4600/4600/4600 4601/4601/4601
f 4567/4567/4567 4601/4601/4601 4568/4568/4568
f 4568/4568/4568 4601/4601/4601 4602/4602/4602
f 4568/4568/4568 4602/4602/4602 4569/4569/4569
f 4569/4569/4569 4602/4602/4602 4603/4603/4603
f 4569/4569/4569 4603/4603/4603 4570/4570/4570
f 4570/4570/4570 4603/4603/4603 4604/4604/4604
f 4570/4570/4570 4604/4604/4604 4571/4571/4571
f 4571/4571/4571 4604/4604/4604 4605/4605/4605
f 4571/4571/4571 4605/4605/4605 4572/4572/4572
f 4572/4572/4572 4605/4605/4605 4606/4606/4606
f 4572/4572/4572 4606/4606/4606 4573/4573/4573
f 4573/4573/4573 4606/4606/4606 4607/4607/4607
f 4573/4573/4573 4607/4607/4607 4574/4574/4574
f 4574/4574/4574 4607/4607/4607 4608/4608/4608
f 4574/4574/4574 4608/4608/4608 4575/4575/4575
f 4575/4575/4575 4608/4608/4608 4609/4609/4609
f 4575/4575/4575 4609/4609/4609 4576/4576/4576
f 4576/4576/4576 4609/4609/4609 4610/4610/4610
f 4576/4576/4576 4610/4610/4610 4577/4577/4577
f 4577/4577/4577 4610/4610/4610 4611/4611/4611
f 4577/4577/4577 4611/4611/4611 4578/4578/4578
f 4578/4578/4578 4611/4611/4611 4612/4612/4612
f 4578/4578/4578 4612/4612/4612 4579/4579/4579
f 4579/4579/4579 4612/4612/4612 4613/4613/4613
f 4579/4579/4579 4613/4613/4613 4580/4580/4580
f 4580/4580/4580 4613/4613/4613 4614/4614/4614
f 4580/4580/4580 4614/4614/4614 4581/4581/4581
f 4581/4581/4581 4614/4614/4614 4615/4615/4615
f 4581/4581/4581 4615/4615/4615 4582/4582/4582
f 4582/4582/4582 4615/4615/4615 4616/4616/4616
f 4582/4582/4582 4616/4616/4616 4583/4583/4583
f 4583/4583/4583 4616/4616/4616 4617/4617/4617
f 4583/4583/4583 4617/4617/4617 4584/4584/4584
f 4584/4584/4584 4617/4617/4617 4618/4618/4618
f 4584/4584/4584 4618/4618/4618 4585/4585/4585
f 4585/4585/4585 4618/4618/4618 4619/4619/4619
f 4585/4585/4585 4619/4619/4619 4586/4586/4586
f 4586/4586/4586 4619/4619/4619 4620/4620/4620
f 4586/4586/4586 4620/4620/4620 4587/4587/4587
f 4588/4588/4588 4621/4621/4621 4622/4622/4622
f 4588/4588/4588 4622/4622/4622 4589/4589/4589
f 4589/4589/4589 4622/4622/4622 4623/4623/4623
f 4589/4589/4589 4623/4623/4623 4590/4590/4590
f 4590/4590/4590 4623/4623/4623 4624/4624/4624
f 4590/4590/4590 4624/4624/4624 4591/4591/4591
f 4591/4591/4591 4624/4624/4624 4625/4625/4625
f 4591/4591/4591 4625/4625/4625 4592/4592/4592
f 4592/4592/4592 4625/4625/4625 4626/4626/4626
f 4592/4592/4592 4626/4626/4626 4593/4593/4593
f 4593/4593/4593 4626/4626/4626 4627/4627/4627
f 4593/4593/4593 4627/4627/4627 4594/4594/4594
f 4594/4594/4594 4627/4627/4627 4628/4628/4628
f 4594/4594/4594 4628/4628/4628 4595/4595/4595
f 4595/4595/4595 4628/4628/4628 4629/4629/4629
f 4595/4595/4595 4629/4629/4629 4596/4596/4596
f 4596/4596/4596 4629/4629/4629 4630/4630/4630
f 4596/4596/4596 4630/4630/4630 4597/4597/4597
f 4597/4597/4597 4630/4630/4630 4631/4631/4631
f 4597/4597/4597 4631/4631/4631 4598/4598/4598
f 4598/4598/4598 4631/4631/4631 4632/4632/4632
f 4598/4598/4598 4632/4632/4632 4599/4599/4599
f 4599/4599/4599 4632/4632/4632 4633/4633/4633
f 4599/4599/4599 4633/4633/4633 4600/4600/4600
f 4600/4600/4600 4633/4633/4633 4634/4634/4634
f 4600/4600/4600 4634/4634/4634 4601/4601/4601
f 4601/4601/4601 4634/4634/4634 4635/4635/4635
f 4601/4601/4601 4635/4635/4635 4602/4602/4602
f 4602/4602/4602 4635/4635/4635 4636/4636/4636
f 4602/4602/4602 4636/4636/4636 4603/4603/4603
f 4603/4603/4603 4636/4636/4636 4637/4637/4637
f 4603/4603/4603 4637/4637/4637 4604/4604/4604
f 4604/4604/4604 4637/4637/4637 4638/4638/4638
f 4604/4604/4604 4638/4638/4638 4605/4605/4605
f 4605/4605/4605 4638/4638/4638 4639/4639/4639
f 4605/4605/4605 4639/4639/4639 4606/4606/4606
f 4606/4606/4606 4639/4639/4639 4640/4640/4640
f 4606/4606/4606 4640/4640/4640 4607/4607/4607
f 4607/4607/4607 4640/4640/4640 4641/4641/4641
f 4607/4607/4607 4641/4641/4641 4608/4608/4608
f 4608/4608/4608 4641/4641/4641 4642/4642/4642
f 4608/4608/4608 4642/4642/4642 4609/4609/4609
f 4609/4609/4609 4642/4642/4642 4643/4643/4643
f 4609/4609/4609 4643/4643/4643 4610/4610/4610
f 4610/4610/4610 4643/4643/4643 4644/4644/4644
f 4610/4610/4610 4644/4644/4644 4611/4611/4611
f 4611/4611/4611 4644/4644/4644 4645/4645/4645
f 4611/4611/4611 4645/4645/4645 4612/4612/4612
f 4612/4612/4612 4645/4645/4645 4646/4646/4646
f 4612/4612/4612 4646/4646/4646 4613/4613/4613
f 4613/4613/4613 4646/4646/4646 4647/4647/4647
f 4613/4613/4613 4647/4647/4647 4614/4614/4614
f 4614/4614/4614 4647/4647/4647 4648/4648/4648
f 4614/4614/4614 4648/4648/4648 4615/4615/4615
f 4615/4615/4615 4648/4648/4648 4649/4649/4649
f 4615/4615/4615 4649/4649/4649 4616/4616/4616
f 4616/4616/4616 4649/4649/4649 4650/4650/4650
f 4616/4616/4616 4650/4650/4650 4617/4617/4617
f 4617/4617/4617 4650/4650/4650 4651/4651/4651
f 4617/4617/4617 4651/4651/4651 4618/4618/4618
f 4618/4618/4618 4651/4651/4651 4652/4652/4652
f 4618/4618/4618 4652/4652/4652 4619/4619/4619
f 4619/4619/4619 4652/4652/4652 4653/4653/4653
f 4619/4619/4619 4653/4653/4653 4620/4620/4620
f 4621/4621/4621 4654/4654/4654 4655/4655/4655
f 4621/4621/4621 4655/4655/4655 4622/4622/4622
f 4622/4622/4622 4655/4655/4655 4656/4656/4656
f 4622/4622/4622 4656/4656/4656 4623/4623/4623
f 4623/4623/4623 4656/4656/4656 4657/4657/4657
f 4623/4623/4623 4657/4657/4657 4624/4624/4624
f 4624/4624/4624 4657/4657/4657 4658/4658/4658
f 4624/4624/4624 4658/4658/4658 4625/4625/4625
f 4625/4625/4625 4658/4658/4658 4659/4659/4659
f 4625/4625/4625 4659/4659/4659 4626/4626/4626
f 4626/4626/4626 4659/4659/4659 4660/4660/4660
f 4626/4626/4626 4660/4660/4660 4627/4627/4627
f 4627/4627/4627 4660/4660/4660 4661/4661/4661
f 4627/4627/4627 4661/4661/4661 4628/4628/4628
f 4628/4628/4628 4661/4661/4661 4662/4662/4662
f 4628/4628/4628 4662/4662/4662 4629/4629/4629
f 4629/4629/4629 4662/4662/4662 4663/4663/4663
f 4629/4629/4629 4663/4663/4663 4630/4630/4630
f 4630/4630/4630 4663/4663/4663 4664/4664/4664
f 4630/4630/4630 4664/4664/4664 4631/4631/4631
f 4631/4631/4631 4664/4664/4664 4665/4665/4665
f 4631/4631/4631 4665/4665/4665 4632/4632/4632
f 4632/4632/4632 4665/4665/4665 4666/4666/4666
f 4632/4632/4632 4666/4666/4666 4633/4633/4633
f 4633/4633/4633 4666/4666/4666 4667/4667/4667
f 4633/4633/4633 4667/4667/4667 4634/4634/4634
f 4634/4634/4634 4667/4667/4667 4668/4668/4668
f 4634/4634/4634 4668/4668/4668 4635/4635/4635
f 4635/4635/4635 4668/4668/4668 4669/4669/4669
f 4635/4635/4635 4669/4669/4669 4636/4636/4636
f 4636/4636/4636 4669/4669/4669 4670/4670/4670
f 4636/4636/4636 4670/4670/4670 4637/4637/4637
f 4637/4637/4637 4670/4670/4670 4671/4671/4671
f 4637/4637/4637 4671/4671/4671 4638/4638/4638
f 4638/4638/4638 4671/4671/4671 4672/4672/4672
f 4638/4638/4638 4672/4672/4672 4639/4639/4639
f 4639/4639/4639 4672/4672/4672 4673/4673/4673
f 4639/4639/4639 4673/4673/4673 4640/4640/4640
f 4640/4640/4640 4673/4673/4673 4674/4674/4674
f 4640/4640/4640 4674/4674/4674 4641/4641/4641
f 4641/4641/4641 4674/4674/4674 4675/4675/4675
f 4641/4641/4641 4675/4675/4675 4642/4642/4642
f 4642/4642/4642 4675/4675/4675 4676/4676/4676
f 4642/4642/4642 4676/4676/4676 4643/4643/4643
f 4643/4643/4643 4676/4676/4676 4677/4677/4677
f 4643/4643/4643 4677/4677/4677 4644/4644/4644
f 4644/4644/4644 4677/4677/4677 4678/4678/4678
f 4644/4644/4644 4678/4678/4678 4645/4645/4645
f 4645/4645/4645 4678/4678/4678 4679/4679/4679
f 4645/4645/4645 4679/4679/4679 4646/4646/4646
f 4646/4646/4646 4679/4679/4679 4680/4680/4680
f 4646/4646/4646 4680/4680/4680 4647/4647/4647
f 4647/4647/4647 4680/4680/4680 4681/4681/4681
f 4647/4647/4647 4681/4681/4681 4648/4648/4648
f 4648/4648/4648 4681/4681/4681 4682/4682/4682
f 4648/4648/4648 4682/4682/4682 4649/4649/4649
f 4649/4649/4649 4682/4682/4682 4683/4683/4683
f 4649/4649/4649 4683/4683/4683 4650/4650/4650
f 4650/4650/4650 4683/4683/4683 4684/4684/4684
f 4650/4650/4650 4684/4684/4684 4651/4651/4651
f 4651/4651/4651 4684/4684/4684 4685/4685/4685
f 4651/4651/4651 4685/4685/4685 4652/4652/4652
f 4652/4652/4652 4685/4685/4685 4686/4686/4686
f 4652/4652/4652 4686/4686/4686 4653/4653/4653
f 4654/4654/4654 4687/4687/4687 4688/4688/4688
f 4654/4654/4654 4688/4688/4688 4655/4655/4655
f 4655/4655/4655 4688/4688/4688 4689/4689/4689
f 4655/4655/4655 4689/4689/4689 4656/4656/4656
f 4656/4656/4656 4689/4689/4689 4690/4690/4690
f 4656/4656/4656 4690/4690/4690 4657/4657/4657
f 4657/4657/4657 4690/4690/4690 4691/4691/4691
f 4657/4657/4657 4691/4691/4691 4658/4658/4658
f 4658/4658/4658 4691/4691/4691 4692/4692/4692
f 4658/4658/4658 4692/4692/4692 4659/4659/4659
f 4659/4659/4659 4692/4692/4692 4693/4693/4693
f 4659/4659/4659 4693/4693/4693 4660/4660/4660
f 4660/4660/4660 4693/4693/4693 4694/4694/4694
f 4660/4660/4660 4694/4694/4694 4661/4661/4661
f 4661/4661/4661 4694/4694/4694 4695/4695/4695
f 4661/4661/4661 4695/4695/4695 4662/4662/4662
f 4662/4662/4662 4695/4695/4695 4696/4696/4696
f 4662/4662/4662 4696/4696/4696 4663/4663/4663
f 4663/4663/4663 4696/4696/4696 4697/4697/4697
f 4663/4663/4663 4697/4697/4697 4664/4664/4664
f 4664/4664/4664 4697/4697/4697 4698/4698/4698
f 4664/4664/4664 4698/4698/4698 4665/4665/4665
f 4665/4665/4665 4698/4698/4698 4699/4699/4699
f 4665/4665/4665 4699/4699/4699 4666/4666/4666
f 4666/4666/4666 4699/4699/4699 4700/4700/4700
f 4666/4666/4666 4700/4700/4700 4667/4667/4667
f 4667/4667/4667 4700/4700/4700 4701/4701/4701
f 4667/4667/4667 4701/4701/4701 4668/4668/4668
f 4668/4668/4668 4701/4701/4701 4702/4702/4702
f 4668/4668/4668 4702/4702/4702 4669/4669/4669
f 4669/4669/4669 4702/4702/4702 4703/4703/4703
f 4669/4669/4669 4703/4703/4703 4670/4670/4670
f 4670/4670/4670 4703/4703/4703 4704/4704/4704
f 4670/4670/4670 4704/4704/4704 4671/4671/4671
f 4671/4671/4671 4704/4704/4704 4705/4705/4705
f 4671/4671/4671 4705/4705/4705 4672/4672/4672
f 4672/4672/4672 4705/4705/4705 4706/4706/4706
f 4672/4672/4672 4706/4706/4706 4673/4673/4673
f 4673/4673/4673 4706/4706/4706 4707/4707/4707
f 4673/4673/4673 4707/4707/4707 4674/4674/4674
f 4674/4674/4674 4707/4707/4707 4708/4708/4708
f 4674/4674/4674 4708/4708/4708 4675/4675/4675
f 4675/4675/4675 4708/4708/4708 4709/4709/4709
f 4675/4675/4675 4709/4709/4709 4676/4676/4676
f 4676/4676/4676 4709/4709/4709 4710/4710/4710
f 4676/4676/4676 4710/4710/4710 4677/4677/4677
f 4677/4677/4677 4710/4710/4710 4711/4711/4711
f 4677/4677/4677 4711/4711/4711 4678/4678/4678
f 4678/4678/4678 4711/4711/4711 4712/4712/4712
f 4678/4678/4678 4712/4712/4712 4679/4679/4679
f 4679/4679/4679 4712/4712/4712 4713/4713/4713
f 4679/4679/4679 4713/4713/4713 4680/4680/4680
f 4680/4680/4680 4713/4713/4713 4714/4714/4714
f 4680/4680/4680 4714/4714/4714 4681/4681/4681
f 4681/4681/4681 4714/4714/4714 4715/4715/4715
f 4681/4681/4681 4715/4715/4715 4682/4682/4682
f 4682/4682/4682 4715/4715/4715 4716/4716/4716
f 4682/4682/4682 4716/4716/4716 4683/4683/4683
f 4683/4683/4683 4716/4716/4716 4717/4717/4717
f 4683/4683/4683 4717/4717/4717 4684/4684/4684
f 4684/4684/4684 4717/4717/4717 4718/4718/4718
f 4684/4684/4684 4718/4718/4718 4685/4685/4685
f 4685/4685/4685 4718/4718/4718 4719/4719/4719
f 4685/4685/4685 4719/4719/4719 4686/4686/4686
f 4687/4687/4687 4720/4720/4720 4721/4721/4721
f 4687/4687/4687 4721/4721/4721 4688/4688/4688
f 4688/4688/4688 4721/4721/4721 4722/4722/4722
f 4688/4688/4688 4722/4722/4722 4689/4689/4689
f 4689/4689/4689 4722/4722/4722 4723/4723/4723
f 4689/4689/4689 4723/4723/4723 4690/4690/4690
f 4690/4690/4690 4723/4723/4723 4724/4724/4724
f 4690/4690/4690 4724/4724/4724 4691/4691/4691
f 4691/4691/4691 4724/4724/4724 4725/4725/4725
f 4691/4691/4691 4725/4725/4725 4692/4692/4692
f 4692/4692/4692 4725/4725/4725 4726/4726/4726
f 4692/4692/4692 4726/4726/4726 4693/4693/4693
f 4693/4693/4693 4726/4726/4726 4727/4727/4727
f 4693/4693/4693 4727/4727/4727 4694/4694/4694
f 4694/4694/4694 4727/4727/4727 4728/4728/4728
f 4694/4694/4694 4728/4728/4728 4695/4695/4695
f 4695/4695/4695 4728/4728/4728 4729/4729/4729
f 4695/4695/4695 4729/4729/4729 4696/4696/4696
f 4696/4696/4696 4729/4729/4729 4730/4730/4730
f 4696/4696/4696 4730/4730/4730 4697/4697/4697
f 4697/4697/4697 4730/4730/4730 4731/4731/4731
f 4697/4697/4697 4731/4731/4731 4698/4698/4698
f 4698/4698/4698 4731/4731/4731 4732/4732/4732
f 4698/4698/4698 4732/4732/4732 4699/4699/4699
f 4699/4699/4699 4732/4732/4732 4733/4733/4733
f 4699/4699/4699 4733/4733/4733 4700/4700/4700
f 4700/4700/4700 4733/4733/4733 4734/4734/4734
f 4700/4700/4700 4734/4734/4734 4701/4701/4701
f 4701/4701/4701 4734/4734/4734 4735/4735/4735
f 4701/4701/4701 4735/4735/4735 4702/4702/4702
f 4702/4702/4702 4735/4735/4735 4736/4736/4736
f 4702/4702/4702 4736/4736/4736 4703/4703/4703
f 4703/4703/4703 4736/4736/4736 4737/4737/4737
f 4703/4703/4703 4737/4737/4737 4704/4704/4704
f 4704/4704/4704 4737/4737/4737 4738/4738/4738
f 4704/4704/4704 4738/4738/4738 4705/4705/4705
f 4705/4705/4705 4738/4738/4738 4739/4739/4739
f 4705/4705/4705 4739/4739/4739 4706/4706/4706
f 4706/4706/4706 4739/4739/4739 4740/4740/4740
f 4706/4706/4706 4740/4740/4740 4707/4707/4707
f 4707/4707/4707 4740/4740/4740 4741/4741/4741
f 4707/4707/4707 4741/4741/4741 4708/4708/4708
f 4708/4708/4708 4741/4741/4741 4742/4742/4742
f 4708/4708/4708 4742/4742/4742 4709/4709/4709
f 4709/4709/4709 4742/4742/4742 4743/4743/4743
f 4709/4709/4709 4743/4743/4743 4710/4710/4710
f 4710/4710/4710 4743/4743/4743 4744/4744/4744
f 4710/4710/4710 4744/4744/4744 4711/4711/4711
f 4711/4711/4711 4744/4744/4744 4745/4745/4745
f 4711/4711/4711 4745/4745/4745 4712/4712/4712
f 4712/4712/4712 4745/4745/4745 4746/4746/4746
f 4712/4712/4712 4746/4746/4746 4713/4713/4713
f 4713/4713/4713 4746/4746/4746 4747/4747/4747
f 4713/4713/4713 4747/4747/4747 4714/4714/4714
f 4714/4714/4714 4747/4747/4747 4748/4748/4748
f 4714/4714/4714 4748/4748/4748 4715/4715/4715
f 4715/4715/4715 4748/4748/4748 4749/4749/4749
f 4715/4715/4715 4749/4749/4749 4716/4716/4716
f 4716/4716/4716 4749/4749/4749 4750/4750/4750
f 4716/4716/4716 4750/4750/4750 4717/4717/4717
f 4717/4717/4717 4750/4750/4750 4751/4751/4751
f 4717/4717/4717 4751/4751/4751 4718/4718/4718
f 4718/4718/4718 4751/4751/4751 4752/4752/4752
f 4718/4718/4718 4752/4752/4752 4719/4719/4719
f 4720/4720/4720 4753/4753/4753 4754/4754/4754
f 4720/4720/4720 4754/4754/4754 4721/4721/4721
f 4721/4721/4721 4754/4754/4754 4755/4755/4755
f 4721/4721/4721 4755/4755/4755 4722/4722/4722
f 4722/4722/4722 4755/4755/4755 4756/4756/4756
f 4722/4722/4722 4756/4756/4756 4723/4723/4723
f 4723/4723/4723 4756/4756/4756 4757/4757/4757
f 4723/4723/4723 4757/4757/4757 4724/4724/4724
f 4724/4724/4724 4757/4757/4757 4758/4758/4758
f 4724/4724/4724 4758/4758/4758 4725/4725/4725
f 4725/4725/4725 4758/4758/4758 4759/4759/4759
f 4725/4725/4725 4759/4759/4759 4726/4726/4726
f 4726/4726/4726 4759/4759/4759 4760/4760/4760
f 4726/4726/4726 4760/4760/4760 4727/4727/4727
f 4727/4727/4727 4760/4760/4760 4761/4761/4761
f 4727/4727/4727 4761/4761/4761 4728/4728/4728
f 4728/4728/4728 4761/4761/4761 4762/4762/4762
f 4728/4728/4728 4762/4762/4762 4729/4729/4729
f 4729/4729/4729 4762/4762/4762 4763/4763/4763
f 4729/4729/4729 4763/4763/4763 4730/4730/4730
f 4730/4730/4730 4763/4763/4763 4764/4764/4764
f 4730/4730/4730 4764/4764/4764 4731/4731/4731
f 4731/4731/4731 4764/4764/4764 4765/4765/4765
f 4731/4731/4731 4765/4765/4765 4732/4732/4732
f 4732/4732/4732 4765/4765/4765 4766/4766/4766
f 4732/4732/4732 4766/4766/4766 4733/4733/4733
f 4733/4733/4733 4766/4766/4766 4767/4767/4767
f 4733/4733/4733 4767/4767/4767 4734/4734/4734
f 4734/4734/4734 4767/4767/4767 4768/4768/4768
f 4734/4734/4734 4768/4768/4768 4735/4735/4735
f 4735/4735/4735 4768/4768/4768 4769/4769/4769
f 4735/4735/4735 4769/4769/4769 4736/4736/4736
f 4736/4736/4736 4769/4769/4769 4770/4770/4770
f 4736/4736/4736 4770/4770/4770 4737/4737/4737
f 4737/4737/4737 4770/4770/4770 4771/4771/4771
f 4737/4737/4737 4771/4771/4771 4738/4738/4738
f 4738/4738/4738 4771/4771/4771 4772/4772/4772
f 4738/4738/4738 4772/4772/4772 4739/4739/4739
f 4739/4739/4739 4772/4772/4772 4773/4773/4773
f 4739/4739/4739 4773/4773/4773 4740/4740/4740
f 4740/4740/4740 4773/4773/4773 4774/4774/4774
f 4740/4740/4740 4774/4774/4774 4741/4741/4741
f 4741/4741/4741 4774/4774/4774 4775/4775/4775
f 4741/4741/4741 4775/4775/4775 4742/4742/4742
f 4742/4742/4742 4775/4775/4775 4776/4776/4776
f 4742/4742/4742 4776/4776/4776 4743/4743/4743
f 4743/4743/4743 4776/4776/4776 4777/4777/4777
f 4743/4743/4743 4777/4777/4777 4744/4744/4744
f 4744/4744/4744 4777/4777/4777 4778/4778/4778
f 4744/4744/4744 4778/4778/4778 4745/4745/4745
f 4745/4745/4745 4778/4778/4778 4779/4779/4779
f 4745/4745/4745 4779/4779/4779 4746/4746/4746
f 4746/4746/4746 4779/4779/4779 4780/4780/4780
f 4746/4746/4746 4780/4780/4780 4747/4747/4747
f 4747/4747/4747 4780/4780/4780 4781/4781/4781
f 4747/4747/4747 4781/4781/4781 4748/4748/4748
f 4748/4748/4748 4781/4781/4781 4782/4782/4782
f 4748/4748/4748 4782/4782/4782 4749/4749/4749
f 4749/4749/4749 4782/4782/4782 4783/4783/4783
f 4749/4749/4749 4783/4783/4783 4750/4750/4750
f 4750/4750/4750 4783/4783/4783 4784/4784/4784
f 4750/4750/4750 4784/4784/4784 4751/4751/4751
f 4751/4751/4751 4784/4784/4784 4785/4785/4785
f 4751/4751/4751 4785/4785/4785 4752/4752/4752
f 4753/4753/4753 4786/4786/4786 4787/4787/4787
f 4753/4753/4753 4787/4787/4787 4754/4754/4754
f 4754/4754/4754 4787/4787/4787 4788/4788/4788
f 4754/4754/4754 4788/4788/4788 4755/4755/4755
f 4755/4755/4755 4788/4788/4788 4789/4789/4789
f 4755/4755/4755 4789/4789/4789 4756/4756/4756
f 4756/4756/4756 4789/4789/4789 4790/4790/4790
f 4756/4756/4756 4790/4790/4790 4757/4757/4757
f 4757/4757/4757 4790/4790/4790 4791/4791/4791
f 4757/4757/4757 4791/4791/4791 4758/4758/4758
f 4758/4758/4758 4791/4791/4791 4792/4792/4792
f 4758/4758/4758 4792/4792/4792 4759/4759/4759
f 4759/4759/4759 4792/4792/4792 4793/4793/4793
f 4759/4759/4759 4793/4793/4793 4760/4760/4760
f 4760/4760/4760 4793/4793/4793 4794/4794/4794
f 4760/4760/4760 4794/4794/4794 4761/4761/4761
f 4761/4761/4761 4794/4794/4794 4795/4795/4795
f 4761/4761/4761 4795/4795/4795 4762/4762/4762
f 4762/4762/4762 4795/4795/4795 4796/4796/4796
f 4762/4762/4762 4796/4796/4796 4763/4763/4763
f 4763/4763/4763 4796/4796/4796 4797/4797/4797
f 4763/4763/4763 4797/4797/4797 4764/4764/4764
f 4764/4764/4764 4797/4797/4797 4798/4798/4798
f 4764/4764/4764 4798/4798/4798 4765/4765/4765
f 4765/4765/4765 4798/4798/4798 4799/4799/4799
f 4765/4765/4765 4799/4799/4799 4766/4766/4766
f 4766/4766/4766 4799/4799/4799 4800/4800/4800
f 4766/4766/4766 4800/4800/4800 4767/4767/4767
f 4767/4767/4767 4800/4800/4800 4801/4801/4801
f 4767/4767/4767 4801/4801/4801 4768/4768/4768
f 4768/4768/4768 4801/4801/4801 4802/4802/4802
f 4768/4768/4768 4802/4802/4802 4769/4769/4769
f 4769/4769/4769 4802/4802/4802 4803/4803/4803
f 4769/4769/4769 4803/4803/4803 4770/4770/4770
f 4770/4770/4770 4803/4803/4803 4804/4804/4804
f 4770/4770/4770 4804/4804/4804 4771/4771/4771
f 4771/4771/4771 4804/4804/4804 4805/4805/4805
f 4771/4771/4771 4805/4805/4805 4772/4772/4772
f 4772/4772/4772 4805/4805/4805 4806/4806/4806
f 4772/4772/4772 4806/4806/4806 4773/4773/4773
f 4773/4773/4773 4806/4806/4806 4807/4807/4807
f 4773/4773/4773 4807/4807/4807 4774/4774/4774
f 4774/4774/4774 4807/4807/4807 4808/4808/4808
f 4774/4774/4774 4808/4808/4808 4775/4775/4775
f 4775/4775/4775 4808/4808/4808 4809/4809/4809
f 4775/4775/4775 4809/4809/4809 4776/4776/4776
f 4776/4776/4776 4809/4809/4809 4810/4810/4810
f 4776/4776/4776 4810/4810/4810 4777/4777/4777
f 4777/4777/4777 4810/4810/4810 4811/4811/4811
f 4777/4777/4777 4811/4811/4811 4778/4778/4778
f 4778/4778/4778 4811/4811/4811 4812/4812/4812
f 4778/4778/4778 4812/4812/4812 4779/4779/4779
f 4779/4779/4779 4812/4812/4812 4813/4813/4813
f 4779/4779/4779 4813/4813/4813 4780/4780/4780
f 4780/4780/4780 4813/4813/4813 4814/4814/4814
f 4780/4780/4780 4814/4814/4814 4781/4781/4781
f 4781/4781/4781 4814/4814/4814 4815/4815/4815
f 4781/4781/4781 4815/4815/4815 4782/4782/4782
f 4782/4782/4782 4815/4815/4815 4816/4816/4816
f 4782/4782/4782 4816/4816/4816 4783/4783/4783
f 4783/4783/4783 4816/4816/4816 4817/4817/4817
f 4783/4783/4783 4817/4817/4817 4784/4784/4784
f 4784/4784/4784 4817/4817/4817 4818/4818/4818
f 4784/4784/4784 4818/4818/4818 4785/4785/4785
f 4786/4786/4786 4819/4819/4819 4820/4820/4820
f 4786/4786/4786 4820/4820/4820 4787/4787/4787
f 4787/4787/4787 4820/4820/4820 4821/4821/4821
f 4787/4787/4787 4821/4821/4821 4788/4788/4788
f 4788/4788/4788 4821/4821/4821 4822/4822/4822
f 4788/4788/4788 4822/4822/4822 4789/4789/4789
f 4789/4789/4789 4822/4822/4822 4823/4823/4823
f 4789/4789/4789 4823/4823/4823 4790/4790/4790
f 4790/4790/4790 4823/4823/4823 4824/4824/4824
f 4790/4790/4790 4824/4824/4824 4791/4791/4791
f 4791/4791/4791 4824/4824/4824 4825/4825/4825
f 4791/4791/4791 4825/4825/4825 4792/4792/4792
f 4792/4792/4792 4825/4825/4825 4826/4826/4826
f 4792/4792/4792 4826/4826/4826 4793/4793/4793
f 4793/4793/4793 4826/4826/4826 4827/4827/4827
f 4793/4793/4793 4827/4827/4827 4794/4794/4794
f 4794/4794/4794 4827/4827/4827 4828/4828/4828
f 4794/4794/4794 4828/4828/4828 4795/4795/4795
f 4795/4795/4795 4828/4828/4828 4829/4829/4829
f 4795/4795/4795 4829/4829/4829 4796/4796/4796
f 4796/4796/4796 4829/4829/4829 4830/4830/4830
f 4796/4796/4796 4830/4830/4830 4797/4797/4797
f 4797/4797/4797 4830/4830/4830 4831/4831/4831
f 4797/4797/4797 4831/4831/4831 4798/4798/4798
f 4798/4798/4798 4831/4831/4831 4832/4832/4832
f 4798/4798/4798 4832/4832/4832 4799/4799/4799
f 4799/4799/4799 4832/4832/4832 4833/4833/4833
f 4799/4799/4799 4833/4833/4833 4800/4800/4800
f 4800/4800/4800 4833/4833/4833 4834/4834/4834
f 4800/4800/4800 4834/4834/4834 4801/4801/4801
f 4801/4801/4801 4834/4834/4834 4835/4835/4835
f 4801/4801/4801 4835/4835/4835 4802/4802/4802
f 4802/4802/4802 4835/4835/4835 4836/4836/4836
f 4802/4802/4802 4836/4836/4836 4803/4803/4803
f 4803/4803/4803 4836/4836/4836 4837/4837/4837
f 4803/4803/4803 4837/4837/4837 4804/4804/4804
f 4804/4804/4804 4837/4837/4837 4838/4838/4838
f 4804/4804/4804 4838/4838/4838 4805/4805/4805
f 4805/4805/4805 4838/4838/4838 4839/4839/4839
f 4805/4805/4805 4839/4839/4839 4806/4806/4806
f 4806/4806/4806 4839/4839/4839 4840/4840/4840
f 4806/4806/4806 4840/4840/4840 4807/4807/4807
f 4807/4807/4807 4840/4840/4840 4841/4841/4841
f 4807/4807/4807 4841/4841/4841 4808/4808/4808
f 4808/4808/4808 4841/4841/4841 4842/4842/4842
f 4808/4808/4808 4842/4842/4842 4809/4809/4809
f 4809/4809/4809 4842/4842/4842 4843/4843/4843
f 4809/4809/4809 4843/4843/4843 4810/4810/4810
f 4810/4810/4810 4843/4843/4843 4844/4844/4844
f 4810/4810/4810 4844/4844/4844 4811/4811/4811
f 4811/4811/4811 4844/4844/4844 4845/4845/4845
f 4811/4811/4811 4845/4845/4845 4812/4812/4812
f 4812/4812/4812 4845/4845/4845 4846/4846/4846
f 4812/4812/4812 4846/4846/4846 4813/4813/4813
f 4813/4813/4813 4846/4846/4846 4847/4847/4847
f 4813/4813/4813 4847/4847/4847 4814/4814/4814
f 4814/4814/4814 4847/4847/4847 4848/4848/4848
f 4814/4814/4814 4848/4848/4848 4815/4815/4815
f 4815/4815/4815 4848/4848/4848 4849/4849/4849
f 4815/4815/4815 4849/4849/4849 4816/4816/4816
f 4816/4816/4816 4849/4849/4849 4850/4850/4850
f 4816/4816/4816 4850/4850/4850 4817/4817/4817
f 4817/4817/4817 4850/4850/4850 4851/4851/4851
f 4817/4817/4817 4851/4851/4851 4818/4818/4818
f 4819/4819/4819 4852/4852/4852 4853/4853/4853
f 4819/4819/4819 4853/4853/4853 4820/4820/4820
f 4820/4820/4820 4853/4853/4853 4854/4854/4854
f 4820/4820/4820 4854/4854/4854 4821/4821/4821
f 4821/4821/4821 4854/4854/4854 4855/4855/4855
f 4821/4821/4821 4855/4855/4855 4822/4822/4822
f 4822/4822/4822 4855/4855/4855 4856/4856/4856
f 4822/4822/4822 4856/4856/4856 4823/4823/4823
f 4823/4823/4823 4856/4856/4856 4857/4857/4857
f 4823/4823/4823 4857/4857/4857 4824/4824/4824
f 4824/4824/4824 4857/4857/4857 4858/4858/4858
f 4824/4824/4824 4858/4858/4858 4825/4825/4825
f 4825/4825/4825 4858/4858/4858 4859/4859/4859
f 4825/4825/4825 4859/4859/4859 4826/4826/4826
f 4826/4826/4826 4859/4859/4859 4860/4860/4860
f 4826/4826/4826 4860/4860/4860 4827/4827/4827
f 4827/4827/4827 4860/4860/4860 4861/4861/4861
f 4827/4827/4827 4861/4861/4861 4828/4828/4828
f 4828/4828/4828 4861/4861/4861 4862/4862/4862
f 4828/4828/4828 4862/4862/4862 4829/4829/4829
f 4829/4829/4829 4862/4862/4862 4863/4863/4863
f 4829/4829/4829 4863/4863/4863 4830/4830/4830
f 4830/4830/4830 4863/4863/4863 4864/4864/4864
f 4830/4830/4830 4864/4864/4864 4831/4831/4831
f 4831/4831/4831 4864/4864/4864 4865/4865/4865
f 4831/4831/4831 4865/4865/4865 4832/4832/4832
f 4832/4832/4832 4865/4865/4865 4866/4866/4866
f 4832/4832/4832 4866/4866/4866 4833/4833/4833
f 4833/4833/4833 4866/4866/4866 4867/4867/4867
f 4833/4833/4833 4867/4867/4867 4834/4834/4834
f 4834/4834/4834 4867/4867/4867 4868/4868/4868
f 4834/4834/4834 4868/4868/4868 4835/4835/4835
f 4835/4835/4835 4868/4868/4868 4869/4869/4869
f 4835/4835/4835 4869/4869/4869 4836/4836/4836
f 4836/4836/4836 4869/4869/4869 4870/4870/4870
f 4836/4836/4836 4870/4870/4870 4837/4837/4837
f 4837/4837/4837 4870/4870/4870 4871/4871/4871
f 4837/4837/4837 4871/4871/4871 4838/4838/4838
f 4838/4838/4838 4871/4871/4871 4872/4872/4872
f 4838/4838/4838 4872/4872/4872 4839/4839/4839
f 4839/4839/4839 4872/4872/4872 4873/4873/4873
f 4839/4839/4839 4873/4873/4873 4840/4840/4840
f 4840/4840/4840 4873/4873/4873 4874/4874/4874
f 4840/4840/4840 4874/4874/4874 4841/4841/4841
f 4841/4841/4841 4874/4874/4874 4875/4875/4875
f 4841/4841/4841 4875/4875/4875 4842/4842/4842
f 4842/4842/4842 4875/4875/4875 4876/4876/4876
f 4842/4842/4842 4876/4876/4876 4843/4843/4843
f 4843/4843/4843 4876/4876/4876 4877/4877/4877
f 4843/4843/4843 4877/4877/4877 4844/4844/4844
f 4844/4844/4844 4877/4877/4877 4878/4878/4878
f 4844/4844/4844 4878/4878/4878 4845/4845/4845
f 4845/4845/4845 4878/4878/4878 4879/4879/4879
f 4845/4845/4845 4879/4879/4879 4846/4846/4846
f 4846/4846/4846 4879/4879/4879 4880/4880/4880
f 4846/4846/4846 4880/4880/4880 4847/4847/4847
f 4847/4847/4847 4880/4880/4880 4881/4881/4881
f 4847/4847/4847 4881/4881/4881 4848/4848/4848
f 4848/4848/4848 4881/4881/4881 4882/4882/4882
f 4848/4848/4848 4882/4882/4882 4849/4849/4849
f 4849/4849/4849 4882/4882/4882 4883/4883/4883
f 4849/4849/4849 4883/4883/4883 4850/4850/4850
f 4850/4850/4850 4883/4883/4883 4884/4884/4884
f 4850/4850/4850 4884/4884/4884 4851/4851/4851
f 4852/4852/4852 4885/4885/4885 4886/4886/4886
f 4852/4852/4852 4886/4886/4886 4853/4853/4853
f 4853/4853/4853 4886/4886/4886 4887/4887/4887
f 4853/4853/4853 4887/4887/4887 4854/4854/4854
f 4854/4854/4854 4887/4887/4887 4888/4888/4888
f 4854/4854/4854 4888/4888/4888 4855/4855/4855
f 4855/4855/4855 4888/4888/4888 4889/4889/4889
f 4855/4855/4855 4889/4889/4889 4856/4856/4856
f 4856/4856/4856 4889/4889/4889 4890/4890/4890
f 4856/4856/4856 4890/4890/4890 4857/4857/4857
f 4857/4857/4857 4890/4890/4890 4891/4891/4891
f 4857/4857/4857 4891/4891/4891 4858/4858/4858
f 4858/4858/4858 4891/4891/4891 4892/4892/4892
f 4858/4858/4858 4892/4892/4892 4859/4859/4859
f 4859/4859/4859 4892/4892/4892 4893/4893/4893
f 4859/4859/4859 4893/4893/4893 4860/4860/4860
f 4860/4860/4860 4893/4893/4893 4894/4894/4894
f 4860/4860/4860 4894/4894/4894 4861/4861/4861
f 4861/4861/4861 4894/4894/4894 4895/4895/4895
f 4861/4861/4861 4895/4895/4895 4862/4862/4862
f 4862/4862/4862 4895/4895/4895 4896/4896/4896
f 4862/4862/4862 4896/4896/4896 4863/4863/4863
f 4863/4863/4863 4896/4896/4896 4897/4897/4897
f 4863/4863/4863 4897/4897/4897 4864/4864/4864
f 4864/4864/4864 4897/4897/4897 4898/4898/4898
f 4864/4864/4864 4898/4898/4898 4865/4865/4865
f 4865/4865/4865 4898/4898/4898 4899/4899/4899
f 4865/4865/4865 4899/4899/4899 4866/4866/4866
f 4866/4866/4866 4899/4899/4899 4900/4900/4900
f 4866/4866/4866 4900/4900/4900 4867/4867/4867
f 4867/4867/4867 4900/4900/4900 4901/4901/4901
f 4867/4867/4867 4901/4901/4901 4868/4868/4868
f 4868/4868/4868 4901/4901/4901 4902/4902/4902
f 4868/4868/4868 4902/4902/4902 4869/4869/4869
f 4869/4869/4869 4902/4902/4902 4903/4903/4903
f 4869/4869/4869 4903/4903/4903 4870/4870/4870
f 4870/4870/4870 4903/4903/4903 4904/4904/4904
f 4870/4870/4870 4904/4904/4904 4871/4871/4871
f 4871/4871/4871 4904/4904/4904 4905/4905/4905
f 4871/4871/4871 4905/4905/4905 4872/4872/4872
f 4872/4872/4872 4905/4905/4905 4906/4906/4906
f 4872/4872/4872 4906/4906/4906 4873/4873/4873
f 4873/4873/4873 4906/4906/4906 4907/4907/4907
f 4873/4873/4873 4907/4907/4907 4874/4874/4874
f 4874/4874/4874 4907/4907/4907 4908/4908/4908
f 4874/4874/4874 4908/4908/4908 4875/4875/4875
f 4875/4875/4875 4908/4908/4908 4909/4909/4909
f 4875/4875/4875 4909/4909/4909 4876/4876/4876
f 4876/4876/4876 4909/4909/4909 4910/4910/4910
f 4876/4876/4876 4910/4910/4910 4877/4877/4877
f 4877/4877/4877 4910/4910/4910 4911/4911/4911
f 4877/4877/4877 4911/4911/4911 4878/4878/4878
f 4878/4878/4878 4911/4911/4911 4912/4912/4912
f 4878/4878/4878 4912/4912/4912 4879/4879/4879
f 4879/4879/4879 4912/4912/4912 4913/4913/4913
f 4879/4879/4879 4913/4913/4913 4880/4880/4880
f 4880/4880/4880 4913/4913/4913 4914/4914/4914
f 4880/4880/4880 4914/4914/4914 4881/4881/4881
f 4881/4881/4881 4914/4914/4914 4915/4915/4915
f 4881/4881/4881 4915/4915/4915 4882/4882/4882
f 4882/4882/4882 4915/4915/4915 4916/4916/4916
f 4882/4882/4882 4916/4916/4916 4883/4883/4883
f 4883/4883/4883 4916/4916/4916 4917/4917/4917
f 4883/4883/4883 4917/4917/4917 4884/4884/4884
f 4885/4885/4885 4918/4918/4918 4919/4919/4919
f 4885/4885/4885 4919/4919/4919 4886/4886/4886
f 4886/4886/4886 4919/4919/4919 4920/4920/4920
f 4886/4886/4886 4920/4920/4920 4887/4887/4887
f 4887/4887/4887 4920/4920/4920 4921/4921/4921
f 4887/4887/4887 4921/4921/4921 4888/4888/4888
f 4888/4888/4888 4921/4921/4921 4922/4922/4922
f 4888/4888/4888 4922/4922/4922 4889/4889/4889
f 4889/4889/4889 4922/4922/4922 4923/4923/4923
f 4889/4889/4889 4923/4923/4923 4890/4890/4890
f 4890/4890/4890 4923/4923/4923 4924/4924/4924
f 4890/4890/4890 4924/4924/4924 4891/4891/4891
f 4891/4891/4891 4924/4924/4924 4925/4925/4925
f 4891/4891/4891 4925/4925/4925 4892/4892/4892
f 4892/4892/4892 4925/4925/4925 4926/4926/4926
f 4892/4892/4892 4926/4926/4926 4893/4893/4893
f 4893/4893/4893 4926/4926/4926 4927/4927/4927
f 4893/4893/4893 4927/4927/4927 4894/4894/4894
f 4894/4894/4894 4927/4927/4927 4928/4928/4928
f 4894/4894/4894 4928/4928/4928 4895/4895/4895
f 4895/4895/4895 4928/4928/4928 4929/4929/4929
f 4895/4895/4895 4929/4929/4929 4896/4896/4896
f 4896/4896/4896 4929/4929/4929 4930/4930/4930
f 4896/4896/4896 4930/4930/4930 4897/4897/4897
f 4897/4897/4897 4930/4930/4930 4931/4931/4931
f 4897/4897/4897 4931/4931/4931 4898/4898/4898
f 4898/4898/4898 4931/4931/4931 4932/4932/4932
f 4898/4898/4898 4932/4932/4932 4899/4899/4899
f 4899/4899/4899 4932/4932/4932 4933/4933/4933
f 4899/4899/4899 4933/4933/4933 4900/4900/4900
f 4900/4900/4900 4933/4933/4933 4934/4934/4934
f 4900/4900/4900 4934/4934/4934 4901/4901/4901
f 4901/4901/4901 4934/4934/4934 4935/4935/4935
f 4901/4901/4901 4935/4935/4935 4902/4902/4902
f 4902/4902/4902 4935/4935/4935 4936/4936/4936
f 4902/4902/4902 4936/4936/4936 4903/4903/4903
f 4903/4903/4903 4936/4936/4936 4937/4937/4937
f 4903/4903/4903 4937/4937/4937 4904/4904/4904
f 4904/4904/4904 4937/4937/4937 4938/4938/4938
f 4904/4904/4904 4938/4938/4938 4905/4905/4905
f 4905/4905/4905 4938/4938/4938 4939/4939/4939
f 4905/4905/4905 4939/4939/4939 4906/4906/4906
f 4906/4906/4906 4939/4939/4939 4940/4940/4940
f 4906/4906/4906 4940/4940/4940 4907/4907/4907
f 4907/4907/4907 4940/4940/4940 4941/4941/4941
f 4907/4907/4907 4941/4941/4941 4908/4908/4908
f 4908/4908/4908 4941/4941/4941 4942/4942/4942
f 4908/4908/4908 4942/4942/4942 4909/4909/4909
f 4909/4909/4909 4942/4942/4942 4943/4943/4943
f 4909/4909/4909 4943/4943/4943 4910/4910/4910
f 4910/4910/4910 4943/4943/4943 4944/4944/4944
f 4910/4910/4910 4944/4944/4944 4911/4911/4911
f 4911/4911/4911 4944/4944/4944 4945/4945/4945
f 4911/4911/4911 4945/4945/4945 4912/4912/4912
f 4912/4912/4912 4945/4945/4945 4946/4946/4946
f 4912/4912/4912 4946/4946/4946 4913/4913/4913
f 4913/4913/4913 4946/4946/4946 4947/4947/4947
f 4913/4913/4913 4947/4947/4947 4914/4914/4914
f 4914/4914/4914 4947/4947/4947 4948/4948/4948
f 4914/4914/4914 4948/4948/4948 4915/4915/4915
f 4915/4915/4915 4948/4948/4948 4949/4949/4949
f 4915/4915/4915 4949/4949/4949 4916/4916/4916
f 4916/4916/4916 4949/4949/4949 4950/4950/4950
f 4916/4916/4916 4950/4950/4950 4917/4917/4917
f 4918/4918/4918 4951/4951/4951 4952/4952/4952
f 4918/4918/4918 4952/4952/4952 4919/4919/4919
f 4919/4919/4919 4952/4952/4952 4953/4953/4953
f 4919/4919/4919 4953/4953/4953 4920/4920/4920
f 4920/4920/4920 4953/4953/4953 4954/4954/4954
f 4920/4920/4920 4954/4954/4954 4921/4921/4921
f 4921/4921/4921 4954/4954/4954 4955/4955/4955
f 4921/4921/4921 4955/4955/4955 4922/4922/4922
f 4922/4922/4922 4955/4955/4955 4956/4956/4956
f 4922/4922/4922 4956/4956/4956 4923/4923/4923
f 4923/4923/4923 4956/4956/4956 4957/4957/4957
f 4923/4923/4923 4957/4957/4957 4924/4924/4924
f 4924/4924/4924 4957/4957/4957 4958/4958/4958
f 4924/4924/4924 4958/4958/4958 4925/4925/4925
f 4925/4925/4925 4958/4958/4958 4959/4959/4959
f 4925/4925/4925 4959/4959/4959 4926/4926/4926
f 4926/4926/4926 4959/4959/4959 4960/4960/4960
f 4926/4926/4926 4960/4960/4960 4927/4927/4927
f 4927/4927/4927 4960/4960/4960 4961/4961/4961
f 4927/4927/4927 4961/4961/4961 4928/4928/4928
f 4928/4928/4928 4961/4961/4961 4962/4962/4962
f 4928/4928/4928 4962/4962/4962 4929/4929/4929
f 4929/4929/4929 4962/4962/4962 4963/4963/4963
f 4929/4929/4929 4963/4963/4963 4930/4930/4930
f 4930/4930/4930 4963/4963/4963 4964/4964/4964
f 4930/4930/4930 4964/4964/4964 4931/4931/4931
f 4931/4931/4931 4964/4964/4964 4965/4965/4965
f 4931/4931/4931 4965/4965/4965 4932/4932/4932
f 4932/4932/4932 4965/4965/4965 4966/4966/4966
f 4932/4932/4932 4966/4966/4966 4933/4933/4933
f 4933/4933/4933 4966/4966/4966 4967/4967/4967
f 4933/4933/4933 4967/4967/4967 4934/4934/4934
f 4934/4934/4934 4967/4967/4967 4968/4968/4968
f 4934/4934/4934 4968/4968/4968 4935/4935/4935
f 4935/4935/4935 4968/4968/4968 4969/4969/4969
f 4935/4935/4935 4969/4969/4969 4936/4936/4936
f 4936/4936/4936 4969/4969/4969 4970/4970/4970
f 4936/4936/4936 4970/4970/4970 4937/4937/4937
f 4937/4937/4937 4970/4970/4970 4971/4971/4971
f 4937/4937/4937 4971/4971/4971 4938/4938/4938
f 4938/4938/4938 4971/4971/4971 4972/4972/4972
f 4938/4938/4938 4972/4972/4972 4939/4939/4939
f 4939/4939/4939 4972/4972/4972 4973/4973/4973
f 4939/4939/4939 4973/4973/4973 4940/4940/4940
f 4940/4940/4940 4973/4973/4973 4974/4974/4974
f 4940/4940/4940 4974/4974/4974 4941/4941/4941
f 4941/4941/4941 4974/4974/4974 4975/4975/4975
f 4941/4941/4941 4975/4975/4975 4942/4942/4942
f 4942/4942/4942 4975/4975/4975 4976/4976/4976
f 4942/4942/4942 4976/4976/4976 4943/4943/4943
f 4943/4943/4943 4976/4976/4976 4977/4977/4977
f 4943/4943/4943 4977/4977/4977 4944/4944/4944
f 4944/4944/4944 4977/4977/4977 4978/4978/4978
f 4944/4944/4944 4978/4978/4978 4945/4945/4945
f 4945/4945/4945 4978/4978/4978 4979/4979/4979
f 4945/4945/4945 4979/4979/4979 4946/4946/4946
f 4946/4946/4946 4979/4979/4979 4980/4980/4980
f 4946/4946/4946 4980/4980/4980 4947/4947/4947
f 4947/4947/4947 4980/4980/4980 4981/4981/4981
f 4947/4947/4947 4981/4981/4981 4948/4948/4948
f 4948/4948/4948 4981/4981/4981 4982/4982/4982
f 4948/4948/4948 4982/4982/4982 4949/4949/4949
f 4949/4949/4949 4982/4982/4982 4983/4983/4983
f 4949/4949/4949 4983/4983/4983 4950/4950/4950
f 4951/4951/4951 4984/4984/4984 4985/4985/4985
f 4951/4951/4951 4985/4985/4985 4952/4952/4952
f 4952/4952/4952 4985/4985/4985 4986/4986/4986
f 4952/4952/4952 4986/4986/4986 4953/4953/4953
f 4953/4953/4953 4986/4986/4986 4987/4987/4987
f 4953/4953/4953 4987/4987/4987 4954/4954/4954
f 4954/4954/4954 4987/4987/4987 4988/4988/4988
f 4954/4954/4954 4988/4988/4988 4955/4955/4955
f 4955/4955/4955 4988/4988/4988 4989/4989/4989
f 4955/4955/4955 4989/4989/4989 4956/4956/4956
f 4956/4956/4956 4989/4989/4989 4990/4990/4990
f 4956/4956/4956 4990/4990/4990 4957/4957/4957
f 4957/4957/4957 4990/4990/4990 4991/4991/4991
f 4957/4957/4957 4991/4991/4991 4958/4958/4958
f 4958/4958/4958 4991/4991/4991 4992/4992/4992
f 4958/4958/4958 4992/4992/4992 4959/4959/4959
f 4959/4959/4959 4992/4992/4992 4993/4993/4993
f 4959/4959/4959 4993/4993/4993 4960/4960/4960
f 4960/4960/4960 4993/4993/4993 4994/4994/4994
f 4960/4960/4960 4994/4994/4994 4961/4961/4961
f 4961/4961/4961 4994/4994/4994 4995/4995/4995
f 4961/4961/4961 4995/4995/4995 4962/4962/4962
f 4962/4962/4962 4995/4995/4995 4996/4996/4996
f 4962/4962/4962 4996/4996/4996 4963/4963/4963
f 4963/4963/4963 4996/4996/4996 4997/4997/4997
f 4963/4963/4963 4997/4997/4997 4964/4964/4964
f 4964/4964/4964 4997/4997/4997 4998/4998/4998
f 4964/4964/4964 4998/4998/4998 4965/4965/4965
f 4965/4965/4965 4998/4998/4998 4999/4999/4999
f 4965/4965/4965 4999/4999/4999 4966/4966/4966
f 4966/4966/4966 4999/4999/4999 5000/5000/5000
f 4966/4966/4966 5000/5000/5000 4967/4967/4967
f 4967/4967/4967 5000/5000/5000 5001/5001/5001
f 4967/4967/4967 5001/5001/5001 4968/4968/4968
f 4968/4968/4968 5001/5001/5001 5002/5002/5002
f 4968/4968/4968 5002/5002/5002 4969/4969/4969
f 4969/4969/4969 5002/5002/5002 5003/5003/5003
f 4969/4969/4969 5003/5003/5003 4970/4970/4970
f 4970/4970/4970 5003/5003/5003 5004/5004/5004
f 4970/4970/4970 5004/5004/5004 4971/4971/4971
f 4971/4971/4971 5004/5004/5004 5005/5005/5005
f 4971/4971/4971 5005/5005/5005 4972/4972/4972
f 4972/4972/4972 5005/5005/5005 5006/5006/5006
f 4972/4972/4972 5006/5006/5006 4973/4973/4973
f 4973/4973/4973 5006/5006/5006 5007/5007/5007
f 4973/4973/4973 5007/5007/5007 4974/4974/4974
f 4974/4974/4974 5007/5007/5007 5008/5008/5008
f 4974/4974/4974 5008/5008/5008 4975/4975/4975
f 4975/4975/4975 5008/5008/5008 5009/5009/5009
f 4975/4975/4975 5009/5009/5009 4976/4976/4976
f 4976/4976/4976 5009/5009/5009 5010/5010/5010
f 4976/4976/4976 5010/5010/5010 4977/4977/4977
f 4977/4977/4977 5010/5010/5010 5011/5011/5011
f 4977/4977/4977 5011/5011/5011 4978/4978/4978
f 4978/4978/4978 5011/5011/5011 5012/5012/5012
f 4978/4978/4978 5012/5012/5012 4979/4979/4979
f 4979/4979/4979 5012/5012/5012 5013/5013/5013
f 4979/4979/4979 5013/5013/5013 4980/4980/4980
f 4980/4980/4980 5013/5013/5013 5014/5014/5014
f 4980/4980/4980 5014/5014/5014 4981/4981/4981
f 4981/4981/4981 5014/5014/5014 5015/5015/5015
f 4981/4981/4981 5015/5015/5015 4982/4982/4982
f 4982/4982/4982 5015/5015/5015 5016/5016/5016
f 4982/4982/4982 5016/5016/5016 4983/4983/4983
f 4984/4984/4984 5017/5017/5017 5018/5018/5018
f 4984/4984/4984 5018/5018/5018 4985/4985/4985
f 4985/4985/4985 5018/5018/5018 5019/5019/5019
f 4985/4985/4985 5019/5019/5019 4986/4986/4986
f 4986/4986/4986 5019/5019/5019 5020/5020/5020
f 4986/4986/4986 5020/5020/5020 4987/4987/4987
f 4987/4987/4987 5020/5020/5020 5021/5021/5021
f 4987/4987/4987 5021/5021/5021 4988/4988/4988
f 4988/4988/4988 5021/5021/5021 5022/5022/5022
f 4988/4988/4988 5022/5022/5022 4989/4989/4989
f 4989/4989/4989 5022/5022/5022 5023/5023/5023
f 4989/4989/4989 5023/5023/5023 4990/4990/4990
f 4990/4990/4990 5023/5023/5023 5024/5024/5024
f 4990/4990/4990 5024/5024/5024 4991/4991/4991
f 4991/4991/4991 5024/5024/5024 5025/5025/5025
f 4991/4991/4991 5025/5025/5025 4992/4992/4992
f 4992/4992/4992 5025/5025/5025 5026/5026/5026
f 4992/4992/4992 5026/5026/5026 4993/4993/4993
f 4993/4993/4993 5026/5026/5026 5027/5027/5027
f 4993/4993/4993 5027/5027/5027 4994/4994/4994
f 4994/4994/4994 5027/5027/5027 5028/5028/5028
f 4994/4994/4994 5028/5028/5028 4995/4995/4995
f 4995/4995/4995 5028/5028/5028 5029/5029/5029
f 4995/4995/4995 5029/5029/5029 4996/4996/4996
f 4996/4996/4996 5029/5029/5029 5030/5030/5030
f 4996/4996/4996 5030/5030/5030 4997/4997/4997
f 4997/4997/4997 5030/5030/5030 5031/5031/5031
f 4997/4997/4997 5031/5031/5031 4998/4998/4998
f 4998/4998/4998 5031/5031/5031 5032/5032/5032
f 4998/4998/4998 5032/5032/5032 4999/4999/4999
f 4999/4999/4999 5032/5032/5032 5033/5033/5033
f 4999/4999/4999 5033/5033/5033 5000/5000/5000
f 5000/5000/5000 5033/5033/5033 5034/5034/5034
f 5000/5000/5000 5034/5034/5034 5001/5001/5001
f 5001/5001/5001 5034/5034/5034 5035/5035/5035
f 5001/5001/5001 5035/5035/5035 5002/5002/5002
f 5002/5002/5002 5035/5035/5035 5036/5036/5036
f 5002/5002/5002 5036/5036/5036 5003/5003/5003
f 5003/5003/5003 5036/5036/5036 5037/5037/5037
f 5003/5003/5003 5037/5037/5037 5004/5004/5004
f 5004/5004/5004 5037/5037/5037 5038/5038/5038
f 5004/5004/5004 5038/5038/5038 5005/5005/5005
f 5005/5005/5005 5038/5038/5038 5039/5039/5039
f 5005/5005/5005 5039/5039/5039 5006/5006/5006
f 5006/5006/5006 5039/5039/5039 5040/5040/5040
f 5006/5006/5006 5040/5040/5040 5007/5007/5007
f 5007/5007/5007 5040/5040/5040 5041/5041/5041
f 5007/5007/5007 5041/5041/5041 5008/5008/5008
f 5008/5008/5008 5041/5041/5041 5042/5042/5042
f 5008/5008/5008 5042/5042/5042 5009/5009/5009
f 5009/5009/5009 5042/5042/5042 5043/5043/5043
f 5009/5009/5009 5043/5043/5043 5010/5010/5010
f 5010/5010/5010 5043/5043/5043 5044/5044/5044
f 5010/5010/5010 5044/5044/5044 5011/5011/5011
f 5011/5011/5011 5044/5044/5044 5045/5045/5045
f 5011/5011/5011 5045/5045/5045 5012/5012/5012
f 5012/5012/5012 5045/5045/5045 5046/5046/5046
f 5012/5012/5012 5046/5046/5046 5013/5013/5013
f 5013/5013/5013 5046/5046/5046 5047/5047/5047
f 5013/5013/5013 5047/5047/5047 5014/5014/5014
f 5014/5014/5014 5047/5047/5047 5048/5048/5048
f 5014/5014/5014 5048/5048/5048 5015/5015/5015
f 5015/5015/5015 5048/5048/5048 5049/5049/5049
f 5015/5015/5015 5049/5049/5049 5016/5016/5016
f 5017/5017/5017 5050/5050/5050 5051/5051/5051
f 5017/5017/5017 5051/5051/5051 5018/5018/5018
f 5018/5018/5018 5051/5051/5051 5052/5052/5052
f 5018/5018/5018 5052/5052/5052 5019/5019/5019
f 5019/5019/5019 5052/5052/5052 5053/5053/5053
f 5019/5019/5019 5053/5053/5053 5020/5020/5020
f 5020/5020/5020 5053/5053/5053 5054/5054/5054
f 5020/5020/5020 5054/5054/5054 5021/5021/5021
f 5021/5021/5021 5054/5054/5054 5055/5055/5055
f 5021/5021/5021 5055/5055/5055 5022/5022/5022
f 5022/5022/5022 5055/5055/5055 5056/5056/5056
f 5022/5022/5022 5056/5056/5056 5023/5023/5023
f 5023/5023/5023 5056/5056/5056 5057/5057/5057
f 5023/5023/5023 5057/5057/5057 5024/5024/5024
f 5024/5024/5024 5057/5057/5057 5058/5058/5058
f 5024/5024/5024 5058/5058/5058 5025/5025/5025
f 5025/5025/5025 5058/5058/5058 5059/5059/5059
f 5025/5025/5025 5059/5059/5059 5026/5026/5026
f 5026/5026/5026 5059/5059/5059 5060/5060/5060
f 5026/5026/5026 5060/5060/5060 5027/5027/5027
f 5027/5027/5027 5060/5060/5060 5061/5061/5061
f 5027/5027/5027 5061/5061/5061 5028/5028/5028
f 5028/5028/5028 5061/5061/5061 5062/5062/5062
f 5028/5028/5028 5062/5062/5062 5029/5029/5029
f 5029/5029/5029 5062/5062/5062 5063/5063/5063
f 5029/5029/5029 5063/5063/5063 5030/5030/5030
f 5030/5030/5030 5063/5063/5063 5064/5064/5064
f 5030/5030/5030 5064/5064/5064 5031/5031/5031
f 5031/5031/5031 5064/5064/5064 5065/5065/5065
f 5031/5031/5031 5065/5065/5065 5032/5032/5032
f 5032/5032/5032 5065/5065/5065 5066/5066/5066
f 5032/5032/5032 5066/5066/5066 5033/5033/5033
f 5033/5033/5033 5066/5066/5066 5067/5067/5067
f 5033/5033/5033 5067/5067/5067 5034/5034/5034
f 5034/5034/5034 5067/5067/5067 5068/5068/5068
f 5034/5034/5034 5068/5068/5068 5035/5035/5035
f 5035/5035/5035 5068/5068/5068 5069/5069/5069
f 5035/5035/5035 5069/5069/5069 5036/5036/5036
f 5036/5036/5036 5069/5069/5069 5070/5070/5070
f 5036/5036/5036 5070/5070/5070 5037/5037/5037
f 5037/5037/5037 5070/5070/5070 5071/5071/5071
f 5037/5037/5037 5071/5071/5071 5038/5038/5038
f 5038/5038/5038 5071/5071/5071 5072/5072/5072
f 5038/5038/5038 5072/5072/5072 5039/5039/5039
f 5039/5039/5039 5072/5072/5072 5073/5073/5073
f 5039/5039/5039 5073/5073/5073 5040/5040/5040
f 5040/5040/5040 5073/5073/5073 5074/5074/5074
f 5040/5040/5040 5074/5074/5074 5041/5041/5041
f 5041/5041/5041 5074/5074/5074 5075/5075/5075
f 5041/5041/5041 5075/5075/5075 5042/5042/5042
f 5042/5042/5042 5075/5075/5075 5076/5076/5076
f 5042/5042/5042 5076/5076/5076 5043/5043/5043
f 5043/5043/5043 5076/5076/5076 5077/5077/5077
f 5043/5043/5043 5077/5077/5077 5044/5044/5044
f 5044/5044/5044 5077/5077/5077 5078/5078/5078
f 5044/5044/5044 5078/5078/5078 5045/5045/5045
f 5045/5045/5045 5078/5078/5078 5079/5079/5079
f 5045/5045/5045 5079/5079/5079 5046/5046/5046
f 5046/5046/5046 5079/5079/5079 5080/5080/5080
f 5046/5046/5046 5080/5080/5080 5047/5047/5047
f 5047/5047/5047 5080/5080/5080 5081/5081/5081
f 5047/5047/5047 5081/5081/5081 5048/5048/5048
f 5048/5048/5048 5081/5081/5081 5082/5082/5082
f 5048/5048/5048 5082/5082/5082 5049/5049/5049
f 5050/5050/5050 5083/5083/5083 5084/5084/5084
f 5050/5050/5050 5084/5084/5084 5051/5051/5051
f 5051/5051/5051 5084/5084/5084 5085/5085/5085
f 5051/5051/5051 5085/5085/5085 5052/5052/5052
f 5052/5052/5052 5085/5085/5085 5086/5086/5086
f 5052/5052/5052 5086/5086/5086 5053/5053/5053
f 5053/5053/5053 5086/5086/5086 5087/5087/5087
f 5053/5053/5053 5087/5087/5087 5054/5054/5054
f 5054/5054/5054 5087/5087/5087 5088/5088/5088
f 5054/5054/5054 5088/5088/5088 5055/5055/5055
f 5055/5055/5055 5088/5088/5088 5089/5089/5089
f 5055/5055/5055 5089/5089/5089 5056/5056/5056
f 5056/5056/5056 5089/5089/5089 5090/5090/5090
f 5056/5056/5056 5090/5090/5090 5057/5057/5057
f 5057/5057/5057 5090/5090/5090 5091/5091/5091
f 5057/5057/5057 5091/5091/5091 5058/5058/5058
f 5058/5058/5058 5091/5091/5091 5092/5092/5092
f 5058/5058/5058 5092/5092/5092 5059/5059/5059
f 5059/5059/5059 5092/5092/5092 5093/5093/5093
f 5059/5059/5059 5093/5093/5093 5060/5060/5060
f 5060/5060/5060 5093/5093/5093 5094/5094/5094
f 5060/5060/5060 5094/5094/5094 5061/5061/5061
f 5061/5061/5061 5094/5094/5094 5095/5095/5095
f 5061/5061/5061 5095/5095/5095 5062/5062/5062
f 5062/5062/5062 5095/5095/5095 5096/5096/5096
f 5062/5062/5062 5096/5096/5096 5063/5063/5063
f 5063/5063/5063 5096/5096/5096 5097/5097/5097
f 5063/5063/5063 5097/5097/5097 5064/5064/5064
f 5064/5064/5064 5097/5097/5097 5098/5098/5098
f 5064/5064/5064 5098/5098/5098 5065/5065/5065
f 5065/5065/5065 5098/5098/5098 5099/5099/5099
f 5065/5065/5065 5099/5099/5099 5066/5066/5066
f 5066/5066/5066 5099/5099/5099 5100/5100/5100
f 5066/5066/5066 5100/5100/5100 5067/5067/5067
f 5067/5067/5067 5100/5100/5100 5101/5101/5101
f 5067/5067/5067 5101/5101/5101 5068/5068/5068
f 5068/5068/5068 5101/5101/5101 5102/5102/5102
f 5068/5068/5068 5102/5102/5102 5069/5069/5069
f 5069/5069/5069 5102/5102/5102 5103/5103/5103
f 5069/5069/5069 5103/5103/5103 5070/5070/5070
f 5070/5070/5070 5103/5103/5103 5104/5104/5104
f 5070/5070/5070 5104/5104/5104 5071/5071/5071
f 5071/5071/5071 5104/5104/5104 5105/5105/5105
f 5071/5071/5071 5105/5105/5105 5072/5072/5072
f 5072/5072/5072 5105/5105/5105 5106/5106/5106
f 5072/5072/5072 5106/5106/5106 5073/5073/5073
f 5073/5073/5073 5106/5106/5106 5107/5107/5107
f 5073/5073/5073 5107/5107/5107 5074/5074/5074
f 5074/5074/5074 5107/5107/5107 5108/5108/5108
f 5074/5074/5074 5108/5108/5108 5075/5075/5075
f 5075/5075/5075 5108/5108/5108 5109/5109/5109
f 5075/5075/5075 5109/5109/5109 5076/5076/5076
f 5076/5076/5076 5109/5109/5109 5110/5110/5110
f 5076/5076/5076 5110/5110/5110 5077/5077/5077
f 5077/5077/5077 5110/5110/5110 5111/5111/5111
f 5077/5077/5077 5111/5111/5111 5078/5078/5078
f 5078/5078/5078 5111/5111/5111 5112/5112/5112
f 5078/5078/5078 5112/5112/5112 5079/5079/5079
f 5079/5079/5079 5112/5112/5112 5113/5113/5113
f 5079/5079/5079 5113/5113/5113 5080/5080/5080
f 5080/5080/5080 5113/5113/5113 5114/5114/5114
f 5080/5080/5080 5114/5114/5114 5081/5081/5081
f 5081/5081/5081 5114/5114/5114 5115/5115/5115
f 5081/5081/5081 5115/5115/5115 5082/5082/5082
f 5083/5083/5083 5116/5116/5116 5117/5117/5117
f 5083/5083/5083 5117/5117/5117 5084/5084/5084
f 5084/5084/5084 5117/5117/5117 5118/5118/5118
f 5084/5084/5084 5118/5118/5118 5085/5085/5085
f 5085/5085/5085 5118/5118/5118 5119/5119/5119
f 5085/5085/5085 5119/5119/5119 5086/5086/5086
f 5086/5086/5086 5119/5119/5119 5120/5120/5120
f 5086/5086/5086 5120/5120/5120 5087/5087/5087
f 5087/5087/5087 5120/5120/5120 5121/5121/5121
f 5087/5087/5087 5121/5121/5121 5088/5088/5088
f 5088/5088/5088 5121/5121/5121 5122/5122/5122
f 5088/5088/5088 5122/5122/5122 5089/5089/5089
f 5089/5089/5089 5122/5122/5122 5123/5123/5123
f 5089/5089/5089 5123/5123/5123 5090/5090/5090
f 5090/5090/5090 5123/5123/5123 5124/5124/5124
f 5090/5090/5090 5124/5124/5124 5091/5091/5091
f 5091/5091/5091 5124/5124/5124 5125/5125/5125
f 5091/5091/5091 5125/5125/5125 5092/5092/5092
f 5092/5092/5092 5125/5125/5125 5126/5126/5126
f 5092/5092/5092 5126/5126/5126 5093/5093/5093
f 5093/5093/5093 5126/5126/5126 5127/5127/5127
f 5093/5093/5093 5127/5127/5127 5094/5094/5094
f 5094/5094/5094 5127/5127/5127 5128/5128/5128
f 5094/5094/5094 5128/5128/5128 5095/5095/5095
f 5095/5095/5095 5128/5128/5128 5129/5129/5129
f 5095/5095/5095 5129/5129/5129 5096/5096/5096
f 5096/5096/5096 5129/5129/5129 5130/5130/5130
f 5096/5096/5096 5130/5130/5130 5097/5097/5097
f 5097/5097/5097 5130/5130/5130 5131/5131/5131
f 5097/5097/5097 5131/5131/5131 5098/5098/5098
f 5098/5098/5098 5131/5131/5131 5132/5132/5132
f 5098/5098/5098 5132/5132/5132 5099/5099/5099
f 5099/5099/5099 5132/5132/5132 5133/5133/5133
f 5099/5099/5099 5133/5133/5133 5100/5100/5100
f 5100/5100/5100 5133/5133/5133 5134/5134/5134
f 5100/5100/5100 5134/5134/5134 5101/5101/5101
f 5101/5101/5101 5134/5134/5134 5135/5135/5135
f 5101/5101/5101 5135/5135/5135 5102/5102/5102
f 5102/5102/5102 5135/5135/5135 5136/5136/5136
f 5102/5102/5102 5136/5136/5136 5103/5103/5103
f 5103/5103/5103 5136/5136/5136 5137/5137/5137
f 5103/5103/5103 5137/5137/5137 5104/5104/5104
f 5104/5104/5104 5137/5137/5137 5138/5138/5138
f 5104/5104/5104 5138/5138/5138 5105/5105/5105
f 5105/5105/5105 5138/5138/5138 5139/5139/5139
f 5105/5105/5105 5139/5139/5139 5106/5106/5106
f 5106/5106/5106 5139/5139/5139 5140/5140/5140
f 5106/5106/5106 5140/5140/5140 5107/5107/5107
f 5107/5107/5107 5140/5140/5140 5141/5141/5141
f 5107/5107/5107 5141/5141/5141 5108/5108/5108
f 5108/5108/5108 5141/5141/5141 5142/5142/5142
f 5108/5108/5108 5142/5142/5142 5109/5109/5109
f 5109/5109/5109 5142/5142/5142 5143/5143/5143
f 5109/5109/5109 5143/5143/5143 5110/5110/5110
f 5110/5110/5110 5143/5143/5143 5144/5144/5144
f 5110/5110/5110 5144/5144/5144 5111/5111/5111
f 5111/5111/5111 5144/5144/5144 5145/5145/5145
f 5111/5111/5111 5145/5145/5145 5112/5112/5112
f 5112/5112/5112 5145/5145/5145 5146/5146/5146
f 5112/5112/5112 5146/5146/5146 5113/5113/5113
f 5113/5113/5113 5146/5146/5146 5147/5147/5147
f 5113/5113/5113 5147/5147/5147 5114/5114/5114
f 5114/5114/5114 5147/5147/5147 5148/5148/5148
f 5114/5114/5114 5148/5148/5148 5115/5115/5115
f 5116/5116/5116 5149/5149/5149 5150/5150/5150
f 5116/5116/5116 5150/5150/5150 5117/5117/5117
f 5117/5117/5117 5150/5150/5150 5151/5151/5151
f 5117/5117/5117 5151/5151/5151 5118/5118/5118
f 5118/5118/5118 5151/5151/5151 5152/5152/5152
f 5118/5118/5118 5152/5152/5152 5119/5119/5119
f 5119/5119/5119 5152/5152/5152 5153/5153/5153
f 5119/5119/5119 5153/5153/5153 5120/5120/5120
f 5120/5120/5120 5153/5153/5153 5154/5154/5154
f 5120/5120/5120 5154/5154/5154 5121/5121/5121
f 5121/5121/5121 5154/5154/5154 5155/5155/5155
f 5121/5121/5121 5155/5155/5155 5122/5122/5122
f 5122/5122/5122 5155/5155/5155 5156/5156/5156
f 5122/5122/5122 5156/5156/5156 5123/5123/5123
f 5123/5123/5123 5156/5156/5156 5157/5157/5157
f 5123/5123/5123 5157/5157/5157 5124/5124/5124
f 5124/5124/5124 5157/5157/5157 5158/5158/5158
f 5124/5124/5124 5158/5158/5158 5125/5125/5125
f 5125/5125/5125 5158/5158/5158 5159/5159/5159
f 5125/5125/5125 5159/5159/5159 5126/5126/5126
f 5126/5126/5126 5159/5159/5159 5160/5160/5160
f 5126/5126/5126 5160/5160/5160 5127/5127/5127
f 5127/5127/5127 5160/5160/5160 5161/5161/5161
f 5127/5127/5127 5161/5161/5161 5128/5128/5128
f 5128/5128/5128 5161/5161/5161 5162/5162/5162
f 5128/5128/5128 5162/5162/5162 5129/5129/5129
f 5129/5129/5129 5162/5162/5162 5163/5163/5163
f 5129/5129/5129 5163/5163/5163 5130/5130/5130
f 5130/5130/5130 5163/5163/5163 5164/5164/5164
f 5130/5130/5130 5164/5164/5164 5131/5131/5131
f 5131/5131/5131 5164/5164/5164 5165/5165/5165
f 5131/5131/5131 5165/5165/5165 5132/5132/5132
f 5132/5132/5132 5165/5165/5165 5166/5166/5166
f 5132/5132/5132 5166/5166/5166 5133/5133/5133
f 5133/5133/5133 5166/5166/5166 5167/5167/5167
f 5133/5133/5133 5167/5167/5167 5134/5134/5134
f 5134/5134/5134 5167/5167/5167 5168/5168/5168
f 5134/5134/5134 5168/5168/5168 5135/5135/5135
f 5135/5135/5135 5168/5168/5168 5169/5169/5169
f 5135/5135/5135 5169/5169/5169 5136/5136/5136
f 5136/5136/5136 5169/5169/5169 5170/5170/5170
f 5136/5136/5136 5170/5170/5170 5137/5137/5137
f 5137/5137/5137 5170/5170/5170 5171/5171/5171
f 5137/5137/5137 5171/5171/5171 5138/5138/5138
f 5138/5138/5138 5171/5171/5171 5172/5172/5172
f 5138/5138/5138 5172/5172/5172 5139/5139/5139
f 5139/5139/5139 5172/5172/5172 5173/5173/5173
f 5139/5139/5139 5173/5173/5173 5140/5140/5140
f 5140/5140/5140 5173/5173/5173 5174/5174/5174
f 5140/5140/5140 5174/5174/5174 5141/5141/5141
f 5141/5141/5141 5174/5174/5174 5175/5175/5175
f 5141/5141/5141 5175/5175/5175 5142/5142/5142
f 5142/5142/5142 5175/5175/5175 5176/5176/5176
f 5142/5142/5142 5176/5176/5176 5143/5143/5143
f 5143/5143/5143 5176/5176/5176 5177/5177/5177
f 5143/5143/5143 5177/5177/5177 5144/5144/5144
f 5144/5144/5144 5177/5177/5177 5178/5178/5178
f 5144/5144/5144 5178/5178/5178 5145/5145/5145
f 5145/5145/5145 5178/5178/5178 5179/5179/5179
f 5145/5145/5145 5179/5179/5179 5146/5146/5146
f 5146/5146/5146 5179/5179/5179 5180/5180/5180
f 5146/5146/5146 5180/5180/5180 5147/5147/5147
f 5147/5147/5147 5180/5180/5180 5181/5181/5181
f 5147/5147/5147 5181/5181/5181 5148/5148/5148
f 5149/5149/5149 5182/5182/5182 5183/5183/5183
f 5149/5149/5149 5183/5183/5183 5150/5150/5150
f 5150/5150/5150 5183/5183/5183 5184/5184/5184
f 5150/5150/5150 5184/5184/5184 5151/5151/5151
f 5151/5151/5151 5184/5184/5184 5185/5185/5185
f 5151/5151/5151 5185/5185/5185 5152/5152/5152
f 5152/5152/5152 5185/5185/5185 5186/5186/5186
f 5152/5152/5152 5186/5186/5186 5153/5153/5153
f 5153/5153/5153 5186/5186/5186 5187/5187/5187
f 5153/5153/5153 5187/5187/5187 5154/5154/5154
f 5154/5154/5154 5187/5187/5187 5188/5188/5188
f 5154/5154/5154 5188/5188/5188 5155/5155/5155
f 5155/5155/5155 5188/5188/5188 5189/5189/5189
f 5155/5155/5155 5189/5189/5189 5156/5156/5156
f 5156/5156/5156 5189/5189/5189 5190/5190/5190
f 5156/5156/5156 5190/5190/5190 5157/5157/5157
f 5157/5157/5157 5190/5190/5190 5191/5191/5191
f 5157/5157/5157 5191/5191/5191 5158/5158/5158
f 5158/5158/5158 5191/5191/5191 5192/5192/5192
f 5158/5158/5158 5192/5192/5192 5159/5159/5159
f 5159/5159/5159 5192/5192/5192 5193/5193/5193
f 5159/5159/5159 5193/5193/5193 5160/5160/5160
f 5160/5160/5160 5193/5193/5193 5194/5194/5194
f 5160/5160/5160 5194/5194/5194 5161/5161/5161
f 5161/5161/5161 5194/5194/5194 5195/5195/5195
f 5161/5161/5161 5195/5195/5195 5162/5162/5162
f 5162/5162/5162 5195/5195/5195 5196/5196/5196
f 5162/5162/5162 5196/5196/5196 5163/5163/5163
f 5163/5163/5163 5196/5196/5196 5197/5197/5197
f 5163/5163/5163 5197/5197/5197 5164/5164/5164
f 5164/5164/5164 5197/5197/5197 5198/5198/5198
f 5164/5164/5164 5198/5198/5198 5165/5165/5165
f 5165/5165/5165 5198/5198/5198 5199/5199/5199
f 5165/5165/5165 5199/5199/5199 5166/5166/5166
f 5166/5166/5166 5199/5199/5199 5200/5200/5200
f 5166/5166/5166 5200/5200/5200 5167/5167/5167
f 5167/5167/5167 5200/5200/5200 5201/5201/5201
f 5167/5167/5167 5201/5201/5201 5168/5168/5168
f 5168/5168/5168 5201/5201/5201 5202/5202/5202
f 5168/5168/5168 5202/5202/5202 5169/5169/5169
f 5169/5169/5169 5202/5202/5202 5203/5203/5203
f 5169/5169/5169 5203/5203/5203 5170/5170/5170
f 5170/5170/5170 5203/5203/5203 5204/5204/5204
f 5170/5170/5170 5204/5204/5204 5171/5171/5171
f 5171/5171/5171 5204/5204/5204 5205/5205/5205
f 5171/5171/5171 5205/5205/5205 5172/5172/5172
f 5172/5172/5172 5205/5205/5205 5206/5206/5206
f 5172/5172/5172 5206/5206/5206 5173/5173/5173
f 5173/5173/5173 5206/5206/5206 5207/5207/5207
f 5173/5173/5173 5207/5207/5207 5174/5174/5174
f 5174/5174/5174 5207/5207/5207 5208/5208/5208
f 5174/5174/5174 5208/5208/5208 5175/5175/5175
f 5175/5175/5175 5208/5208/5208 5209/5209/5209
f 5175/5175/5175 5209/5209/5209 5176/5176/5176
f 5176/5176/5176 5209/5209/5209 5210/5210/5210
f 5176/5176/5176 5210/5210/5210 5177/5177/5177
f 5177/5177/5177 5210/5210/5210 5211/5211/5211
f 5177/5177/5177 5211/5211/5211 5178/5178/5178
f 5178/5178/5178 5211/5211/5211 5212/5212/5212
f 5178/5178/5178 5212/5212/5212 5179/5179/5179
f 5179/5179/5179 5212/5212/5212 5213/5213/5213
f 5179/5179/5179 5213/5213/5213 5180/5180/5180
f 5180/5180/5180 5213/5213/5213 5214/5214/5214
f 5180/5180/5180 5214/5214/5214 5181/5181/5181
f 5182/5182/5182 5215/5215/5215 5216/5216/5216
f 5182/5182/5182 5216/5216/5216 5183/5183/5183
f 5183/5183/5183 5216/5216/5216 5217/5217/5217
f 5183/5183/5183 5217/5217/5217 5184/5184/5184
f 5184/5184/5184 5217/5217/5217 5218/5218/5218
f 5184/5184/5184 5218/5218/5218 5185/5185/5185
f 5185/5185/5185 5218/5218/5218 5219/5219/5219
f 5185/5185/5185 5219/5219/5219 5186/5186/5186
f 5186/5186/5186 5219/5219/5219 5220/5220/5220
f 5186/5186/5186 5220/5220/5220 5187/5187/5187
f 5187/5187/5187 5220/5220/5220 5221/5221/5221
f 5187/5187/5187 5221/5221/5221 5188/5188/5188
f 5188/5188/5188 5221/5221/5221 5222/5222/5222
f 5188/5188/5188 5222/5222/5222 5189/5189/5189
f 5189/5189/5189 5222/5222/5222 5223/5223/5223
f 5189/5189/5189 5223/5223/5223 5190/5190/5190
f 5190/5190/5190 5223/5223/5223 5224/5224/5224
f 5190/5190/5190 5224/5224/5224 5191/5191/5191
f 5191/5191/5191 5224/5224/5224 5225/5225/5225
f 5191/5191/5191 5225/5225/5225 5192/5192/5192
f 5192/5192/5192 5225/5225/5225 5226/5226/5226
f 5192/5192/5192 5226/5226/5226 5193/5193/5193
f 5193/5193/5193 5226/5226/5226 5227/5227/5227
f 5193/5193/5193 5227/5227/5227 5194/5194/5194
f 5194/5194/5194 5227/5227/5227 5228/5228/5228
f 5194/5194/5194 5228/5228/5228 5195/5195/5195
f 5195/5195/5195 5228/5228/5228 5229/5229/5229
f 5195/5195/5195 5229/5229/5229 5196/5196/5196
f 5196/5196/5196 5229/5229/5229 5230/5230/5230
f 5196/5196/5196 5230/5230/5230 5197/5197/5197
f 5197/5197/5197 5230/5230/5230 5231/5231/5231
f 5197/5197/5197 5231/5231/5231 5198/5198/5198
f 5198/5198/5198 5231/5231/5231 5232/5232/5232
f 5198/5198/5198 5232/5232/5232 5199/5199/5199
f 5199/5199/5199 5232/5232/5232 5233/5233/5233
f 5199/5199/5199 5233/5233/5233 5200/5200/5200
f 5200/5200/5200 5233/5233/5233 5234/5234/5234
f 5200/5200/5200 5234/5234/5234 5201/5201/5201
f 5201/5201/5201 5234/5234/5234 5235/5235/5235
f 5201/5201/5201 5235/5235/5235 5202/5202/5202
f 5202/5202/5202 5235/5235/5235 5236/5236/5236
f 5202/5202/5202 5236/5236/5236 5203/5203/5203
f 5203/5203/5203 5236/5236/5236 5237/5237/5237
f 5203/5203/5203 5237/5237/5237 5204/5204/5204
f 5204/5204/5204 5237/5237/5237 5238/5238/5238
f 5204/5204/5204 5238/5238/5238 5205/5205/5205
f 5205/5205/5205 5238/5238/5238 5239/5239/5239
f 5205/5205/5205 5239/5239/5239 5206/5206/5206
f 5206/5206/5206 5239/5239/5239 5240/5240/5240
f 5206/5206/5206 5240/5240/5240 5207/5207/5207
f 5207/5207/5207 5240/5240/5240 5241/5241/5241
f 5207/5207/5207 5241/5241/5241 5208/5208/5208
f 5208/5208/5208 5241/5241/5241 5242/5242/5242
f 5208/5208/5208 5242/5242/5242 5209/5209/5209
f 5209/5209/5209 5242/5242/5242 5243/5243/5243
f 5209/5209/5209 5243/5243/5243 5210/5210/5210
f 5210/5210/5210 5243/5243/5243 5244/5244/5244
f 5210/5210/5210 5244/5244/5244 5211/5211/5211
f 5211/5211/5211 5244/5244/5244 5245/5245/5245
f 5211/5211/5211 5245/5245/5245 5212/5212/5212
f 5212/5212/5212 5245/5245/5245 5246/5246/5246
f 5212/5212/5212 5246/5246/5246 5213/5213/5213
f 5213/5213/5213 5246/5246/5246 5247/5247/5247
f 5213/5213/5213 5247/5247/5247 5214/5214/5214
f 5215/5215/5215 5248/5248/5248 5249/5249/5249
f 5215/5215/5215 5249/5249/5249 5216/5216/5216
f 5216/5216/5216 5249/5249/5249 5250/5250/5250
f 5216/5216/5216 5250/5250/5250 5217/5217/5217
f 5217/5217/5217 5250/5250/5250 5251/5251/5251
f 5217/5217/5217 5251/5251/5251 5218/5218/5218
f 5218/5218/5218 5251/5251/5251 5252/5252/5252
f 5218/5218/5218 5252/5252/5252 5219/5219/5219
f 5219/5219/5219 5252/5252/5252 5253/5253/5253
f 5219/5219/5219 5253/5253/5253 5220/5220/5220
f 5220/5220/5220 5253/5253/5253 5254/5254/5254
f 5220/5220/5220 5254/5254/5254 5221/5221/5221
f 5221/5221/5221 5254/5254/5254 5255/5255/5255
f 5221/5221/5221 5255/5255/5255 5222/5222/5222
f 5222/5222/5222 5255/5255/5255 5256/5256/5256
f 5222/5222/5222 5256/5256/5256 5223/5223/5223
f 5223/5223/5223 5256/5256/5256 5257/5257/5257
f 5223/5223/5223 5257/5257/5257 5224/5224/5224
f 5224/5224/5224 5257/5257/5257 5258/5258/5258
f 5224/5224/5224 5258/5258/5258 5225/5225/5225
f 5225/5225/5225 5258/5258/5258 5259/5259/5259
f 5225/5225/5225 5259/5259/5259 5226/5226/5226
f 5226/5226/5226 5259/5259/5259 5260/5260/5260
f 5226/5226/5226 5260/5260/5260 5227/5227/5227
f 5227/5227/5227 5260/5260/5260 5261/5261/5261
f 5227/5227/5227 5261/5261/5261 5228/5228/5228
f 5228/5228/5228 5261/5261/5261 5262/5262/5262
f 5228/5228/5228 5262/5262/5262 5229/5229/5229
f 5229/5229/5229 5262/5262/5262 5263/5263/5263
f 5229/5229/5229 5263/5263/5263 5230/5230/5230
f 5230/5230/5230 5263/5263/5263 5264/5264/5264
f 5230/5230/5230 5264/5264/5264 5231/5231/5231
f 5231/5231/5231 5264/5264/5264 5265/5265/5265
f 5231/5231/5231 5265/5265/5265 5232/5232/5232
f 5232/5232/5232 5265/5265/5265 5266/5266/5266
f 5232/5232/5232 5266/5266/5266 5233/5233/5233
f 5233/5233/5233 5266/5266/5266 5267/5267/5267
f 5233/5233/5233 5267/5267/5267 5234/5234/5234
f 5234/5234/5234 5267/5267/5267 5268/5268/5268
f 5234/5234/5234 5268/5268/5268 5235/5235/5235
f 5235/5235/5235 5268/5268/5268 5269/5269/5269
f 5235/5235/5235 5269/5269/5269 5236/5236/5236
f 5236/5236/5236 5269/5269/5269 5270/5270/5270
f 5236/5236/5236 5270/5270/5270 5237/5237/5237
f 5237/5237/5237 5270/5270/5270 5271/5271/5271
f 5237/5237/5237 5271/5271/5271 5238/5238/5238
f 5238/5238/5238 5271/5271/5271 5272/5272/5272
f 5238/5238/5238 5272/5272/5272 5239/5239/5239
f 5239/5239/5239 5272/5272/5272 5273/5273/5273
f 5239/5239/5239 5273/5273/5273 5240/5240/5240
f 5240/5240/5240 5273/5273/5273 5274/5274/5274
f 5240/5240/5240 5274/5274/5274 5241/5241/5241
f 5241/5241/5241 5274/5274/5274 5275/5275/5275
f 5241/5241/5241 5275/5275/5275 5242/5242/5242
f 5242/5242/5242 5275/5275/5275 5276/5276/5276
f 5242/5242/5242 5276/5276/5276 5243/5243/5243
f 5243/5243/5243 5276/5276/5276 5277/5277/5277
f 5243/5243/5243 5277/5277/5277 5244/5244/5244
f 5244/5244/5244 5277/5277/5277 5278/5278/5278
f 5244/5244/5244 5278/5278/5278 5245/5245/5245
f 5245/5245/5245 5278/5278/5278 5279/5279/5279
f 5245/5245/5245 5279/5279/5279 5246/5246/5246
f 5246/5246/5246 5279/5279/5279 5280/5280/5280
f 5246/5246/5246 5280/5280/5280 5247/5247/5247
f 5248/5248/5248 5281/5281/5281 5282/5282/5282
f 5248/5248/5248 5282/5282/5282 5249/5249/5249
f 5249/5249/5249 5282/5282/5282 5283/5283/5283
f 5249/5249/5249 5283/5283/5283 5250/5250/5250
f 5250/5250/5250 5283/5283/5283 5284/5284/5284
f 5250/5250/5250 5284/5284/5284 5251/5251/5251
f 5251/5251/5251 5284/5284/5284 5285/5285/5285
f 5251/5251/5251 5285/5285/5285 5252/5252/5252
f 5252/5252/5252 5285/5285/5285 5286/5286/5286
f 5252/5252/5252 5286/5286/5286 5253/5253/5253
f 5253/5253/5253 5286/5286/5286 5287/5287/5287
f 5253/5253/5253 5287/5287/5287 5254/5254/5254
f 5254/5254/5254 5287/5287/5287 5288/5288/5288
f 5254/5254/5254 5288/5288/5288 5255/5255/5255
f 5255/5255/5255 5288/5288/5288 5289/5289/5289
f 5255/5255/5255 5289/5289/5289 5256/5256/5256
f 5256/5256/5256 5289/5289/5289 5290/5290/5290
f 5256/5256/5256 5290/5290/5290 5257/5257/5257
f 5257/5257/5257 5290/5290/5290 5291/5291/5291
f 5257/5257/5257 5291/5291/5291 5258/5258/5258
f 5258/5258/5258 5291/5291/5291 5292/5292/5292
f 5258/5258/5258 5292/5292/5292 5259/5259/5259
f 5259/5259/5259 5292/5292/5292 5293/5293/5293
f 5259/5259/5259 5293/5293/5293 5260/5260/5260
f 5260/5260/5260 5293/5293/5293 5294/5294/5294
f 5260/5260/5260 5294/5294/5294 5261/5261/5261
f 5261/5261/5261 5294/5294/5294 5295/5295/5295
f 5261/5261/5261 5295/5295/5295 5262/5262/5262
f 5262/5262/5262 5295/5295/5295 5296/5296/5296
f 5262/5262/5262 5296/5296/5296 5263/5263/5263
f 5263/5263/5263 5296/5296/5296 5297/5297/5297
f 5263/5263/5263 5297/5297/5297 5264/5264/5264
f 5264/5264/5264 5297/5297/5297 5298/5298/5298
f 5264/5264/5264 5298/5298/5298 5265/5265/5265
f 5265/5265/5265 5298/5298/5298 5299/5299/5299
f 5265/5265/5265 5299/5299/5299 5266/5266/5266
f 5266/5266/5266 5299/5299/5299 5300/5300/5300
f 5266/5266/5266 5300/5300/5300 5267/5267/5267
f 5267/5267/5267 5300/5300/5300 5301/5301/5301
f 5267/5267/5267 5301/5301/5301 5268/5268/5268
f 5268/5268/5268 5301/5301/5301 5302/5302/5302
f 5268/5268/5268 5302/5302/5302 5269/5269/5269
f 5269/5269/5269 5302/5302/5302 5303/5303/5303
f 5269/5269/5269 5303/5303/5303 5270/5270/5270
f 5270/5270/5270 5303/5303/5303 5304/5304/5304
f 5270/5270/5270 5304/5304/5304 5271/5271/5271
f 5271/5271/5271 5304/5304/5304 5305/5305/5305
f 5271/5271/5271 5305/5305/5305 5272/5272/5272
f 5272/5272/5272 5305/5305/5305 5306/5306/5306
f 5272/5272/5272 5306/5306/5306 5273/5273/5273
f 5273/5273/5273 5306/5306/5306 5307/5307/5307
f 5273/5273/5273 5307/5307/5307 5274/5274/5274
f 5274/5274/5274 5307/5307/5307 5308/5308/5308
f 5274/5274/5274 5308/5308/5308 5275/5275/5275
f 5275/5275/5275 5308/5308/5308 5309/5309/5309
f 5275/5275/5275 5309/5309/5309 5276/5276/5276
f 5276/5276/5276 5309/5309/5309 5310/5310/5310
f 5276/5276/5276 5310/5310/5310 5277/5277/5277
f 5277/5277/5277 5310/5310/5310 5311/5311/5311
f 5277/5277/5277 5311/5311/5311 5278/5278/5278
f 5278/5278/5278 5311/5311/5311 5312/5312/5312
f 5278/5278/5278 5312/5312/5312 5279/5279/5279
f 5279/5279/5279 5312/5312/5312 5313/5313/5313
f 5279/5279/5279 5313/5313/5313 5280/5280/5280
f 5281/5281/5281 5314/5314/5314 5315/5315/5315
f 5281/5281/5281 5315/5315/5315 5282/5282/5282
f 5282/5282/5282 5315/5315/5315 5316/5316/5316
f 5282/5282/5282 5316/5316/5316 5283/5283/5283
f 5283/5283/5283 5316/5316/5316 5317/5317/5317
f 5283/5283/5283 5317/5317/5317 5284/5284/5284
f 5284/5284/5284 5317/5317/5317 5318/5318/5318
f 5284/5284/5284 5318/5318/5318 5285/5285/5285
f 5285/5285/5285 5318/5318/5318 5319/5319/5319
f 5285/5285/5285 5319/5319/5319 5286/5286/5286
f 5286/5286/5286 5319/5319/5319 5320/5320/5320
f 5286/5286/5286 5320/5320/5320 5287/5287/5287
f 5287/5287/5287 5320/5320/5320 5321/5321/5321
f 5287/5287/5287 5321/5321/5321 5288/5288/5288
f 5288/5288/5288 5321/5321/5321 5322/5322/5322
f 5288/5288/5288 5322/5322/5322 5289/5289/5289
f 5289/5289/5289 5322/5322/5322 5323/5323/5323
f 5289/5289/5289 5323/5323/5323 5290/5290/5290
f 5290/5290/5290 5323/5323/5323 5324/5324/5324
f 5290/5290/5290 5324/5324/5324 5291/5291/5291
f 5291/5291/5291 5324/5324/5324 5325/5325/5325
f 5291/5291/5291 5325/5325/5325 5292/5292/5292
f 5292/5292/5292 5325/5325/5325 5326/5326/5326
f 5292/5292/5292 5326/5326/5326 5293/5293/5293
f 5293/5293/5293 5326/5326/5326 5327/5327/5327
f 5293/5293/5293 5327/5327/5327 5294/5294/5294
f 5294/5294/5294 5327/5327/5327 5328/5328/5328
f 5294/5294/5294 5328/5328/5328 5295/5295/5295
f 5295/5295/5295 5328/5328/5328 5329/5329/5329
f 5295/5295/5295 5329/5329/5329 5296/5296/5296
f 5296/5296/5296 5329/5329/5329 5330/5330/5330
f 5296/5296/5296 5330/5330/5330 5297/5297/5297
f 5297/5297/5297 5330/5330/5330 5331/5331/5331
f 5297/5297/5297 5331/5331/5331 5298/5298/5298
f 5298/5298/5298 5331/5331/5331 5332/5332/5332
f 5298/5298/5298 5332/5332/5332 5299/5299/5299
f 5299/5299/5299 5332/5332/5332 5333/5333/5333
f 5299/5299/5299 5333/5333/5333 5300/5300/5300
f 5300/5300/5300 5333/5333/5333 5334/5334/5334
f 5300/5300/5300 5334/5334/5334 5301/5301/5301
f 5301/5301/5301 5334/5334/5334 5335/5335/5335
f 5301/5301/5301 5335/5335/5335 5302/5302/5302
f 5302/5302/5302 5335/5335/5335 5336/5336/5336
f 5302/5302/5302 5336/5336/5336 5303/5303/5303
f 5303/5303/5303 5336/5336/5336 5337/5337/5337
f 5303/5303/5303 5337/5337/5337 5304/5304/5304
f 5304/5304/5304 5337/5337/5337 5338/5338/5338
f 5304/5304/5304 5338/5338/5338 5305/5305/5305
f 5305/5305/5305 5338/5338/5338 5339/5339/5339
f 5305/5305/5305 5339/5339/5339 5306/5306/5306
f 5306/5306/5306 5339/5339/5339 5340/5340/5340
f 5306/5306/5306 5340/5340/5340 5307/5307/5307
f 5307/5307/5307 5340/5340/5340 5341/5341/5341
f 5307/5307/5307 5341/5341/5341 5308/5308/5308
f 5308/5308/5308 5341/5341/5341 5342/5342/5342
f 5308/5308/5308 5342/5342/5342 5309/5309/5309
f 5309/5309/5309 5342/5342/5342 5343/5343/5343
f 5309/5309/5309 5343/5343/5343 5310/5310/5310
f 5310/5310/5310 5343/5343/5343 5344/5344/5344
f 5310/5310/5310 5344/5344/5344 5311/5311/5311
f 5311/5311/5311 5344/5344/5344 5345/5345/5345
f 5311/5311/5311 5345/5345/5345 5312/5312/5312
f 5312/5312/5312 5345/5345/5345 5346/5346/5346
f 5312/5312/5312 5346/5346/5346 5313/5313/5313
